ventureid,MAJMAJBYIMP,data,nationality_num,YEARDEP,YEARAF,SLAXIMP,SLAMIMP,length_in_days,numberofvoyages,DATEDEP,DATEDEP1,DATEDEP2,DATEDEP3,DATEDEP4,DATEDEP5,DATEDEP6,DATEDEP7,DATEEND,DATEEND1,DATEEND2,DATEEND3,DATEEND4,DATEEND5,DATEEND6,DATEEND7,OUTFITTER_experience,OUTFITTER_regional_experience,captain_experience,captain_regional_experience,OUTFITTER_experience_d,captain_experience_d,either_experience_d,captain_regional_experience_d,OUTFITTER_regional_experience_d,either_regional_experience_d,OUTFITTER_total_career,OUTFITTER_total_career_d,captain_total_career,captain_total_career_d,priceamerica,big_port,crowd,pricemarkup,war,neutral,TONMOD,Percentageofcaptiveswhodieddurin,FATEcol,FATEbin,typeofventure,retranscriber,perspectiveofsource,nationality,source,dateofprimarysource_str,nameoftheship,nameofthecaptain,nameofinvestor,nameofoutfitter,internalcrossref,voyageidintstd,placeofoutfitting,placeofpurchase,placeofdisembarkation,datedepartureportofoutfitt_str,datetradebeganinafrica_str,dateofdeparturefromafrica_str,datevesselarrivedwithenslave_str,datereturnportofoutfitting_str,numberofenslavedpurchased,numberofenslavedsold,shareoftheship,completedataonoutlays,completedataonreturns,profitsreportedinsource,variousremarks,departurefromportofoutfitt,dateofdeparturefromportofoutfitt,primarysource,dateofprimarysource,tradebeganinafrica,datetradebeganinafrica,departurefromafrica,dateofdeparturefromafrica,vesselarrivedwithenslave,datevesselarrivedwithenslave,returntoportofoutfitting,dateofreturntoportofoutfitting,yearofdeparturefromportofoutfit,yearofprimarysource,yeartradebeganinafrica,yearofdeparturefromafrica,yearvesselarrivedwithslaves,yearofreturntoportofoutfitting,yearmin,YEARAF_own,VOYAGEID,MORTALITY,ln_SLAXIMP,lnTONMOD,perspective,yearsq,ln_year,period,MAJMAJBYIMP_num,ln_length_in_days,totalgrossexp,totaldisc,totalgrossreturn,totalcostonreturn,totalgrossexp_silver,totaldisc_silver,totalgrossreturn_silver,totalcostonreturn_silver,totalnetexp,totalnetreturn,totalnetexp_silver,totalnetreturn_silver,totalnetexp_silver_ship,ln_totalnetexp_silver_ship,totalnetexpperton,investment_per_slave,investment_per_slavekg,ln_investment_per_slave,profit
DR001,Gulf of Guinea,1,English,1750,1750,276,209,,1,,,,,,,,,08/27/1751,08/27/1751,,,,,,,,,0,0,First voyage,First voyage,First voyage of both the captain and the outfitter,1,1,2,,,6,0,33.99172592163086,1,,6.1803136,Nation at peace,No major European war or nation at war,,0,Voyage completed as intended,Voyage completed as intended,Voyage,David Richardson & Klas Rönnbäck,Investor,English,Chetham’s Library. Manchester. Nicholas Torre Accounts. Ledger D.2.21 Journal. f. 27 & 109,,Frodsham,,"Torre, Nicholas",,,24942,,Bonny,,,,,,,,,.125,yes,with estimates,,,,,,,,,,,,,,,,,,,,,,,24942,.24275362,5.6204009,,Investor,3062500,7.467371,pre-1750,Gulf of Guinea,,643.26001,0,600.42999,0,68571.516,0,61964.375,0,643.26001,600.42999,68571.516,61964.375,548.57214,6.3073187,,1987.5802,1.9875802,7.5946732,-.066582747
DR002,West,2,English,1753,1753,230,197,346,1,02/03/1753,02/03/1753,,,,,,,01/15/1754,01/15/1754,,,,,,,4,1,5,1,Not first voyage or unknown,Not first voyage or unknown,Not the first voyage (or unknown) of both the captain and the outfitter,0,0,0,5,0,11,0,28.95367813110352,1,2.7611043,4.1362395,Nation at peace,No major European war or nation at war,83.300003,0,Voyage completed as intended,Voyage completed as intended,Voyage,David Richardson & Klas Rönnbäck,Investor,English,Chetham’s Library. Manchester. Nicholas Torre Accounts. Ledger D.2.21 Journal. f. 27 & 109,,Cumberland,,"Torre, Nicholas",,,90188,,Gambia,,,,,,,,,.083,yes,yes,,,,,,,,,,,,,,,,,,,,,,,90188,.14347826,5.4380794,4.4224486,Investor,3073009,7.4690838,1751-1775,West,5.8464389,235.78999,0,247.31,0,24333.527,0,26511.631,0,235.78999,247.31,24333.527,26511.631,293.17502,5.6807699,3.5195079,1274.674,1.2746739,7.1504455,.048857052
DR003,South,2,English,1753,1753,334,286,600,1,11/13/1753,11/13/1753,,,,,,,07/06/1755,07/06/1755,,,,,,,0,0,0,0,First voyage,First voyage,First voyage of both the captain and the outfitter,1,1,2,24,0,37,0,28.95367813110352,0,1.8321447,4.1362395,Nation at peace,No major European war or nation at war,182.3,0,Voyage completed as intended,Voyage completed as intended,Voyage,David Richardson & Klas Rönnbäck,Investor,English,Chetham’s Library. Manchester. Nicholas Torre Accounts. Ledger D.2.21 Journal. f. 109,,Polly,,"Torre, Nicholas",,,90408,,Angola,,,,,,,,,.25,yes,yes,,,,,,,,,,,,,,,,,,,,,,,90408,.14371258,5.811141,5.2056537,Investor,3073009,7.4690838,1751-1775,South,6.3969297,1473.84,0,1544.8101,0,152100.28,0,165912.59,0,1473.84,1544.8101,152100.28,165912.59,608.40112,6.4108343,3.3373621,1821.5603,1.8215603,7.5074487,.048153188
DR004,"Mixed, unknown or not in Africa",2,English,1752,1753,170,148,538,1,11/29/1752,11/29/1752,,,,,,,05/21/1754,05/21/1754,,,,,,,0,0,0,0,First voyage,First voyage,First voyage of both the captain and the outfitter,1,1,2,118,0,152,0,28.95367813110352,0,1.5412511,4.1362395,Nation at peace,No major European war or nation at war,110.3,0,Voyage completed as intended,Voyage completed as intended,Voyage,David Richardson & Klas Rönnbäck,Investor,English,Chetham’s Library. Manchester. Nicholas Torre Accounts. Ledger D.2.21 Journal. f. 103 & 109. 266,,Swallow,,"Torre, Nicholas",,,90437,,,,,,,,,,,.125,yes,yes,,,,,,,,,,,,,,,,,,,,,,,90437,.12941177,5.1357985,4.7032042,Investor,3073009,7.4690838,1751-1775,"Mixed, unknown or not in Africa",6.2878585,528.98999,0,555.98999,0,55279.457,0,59602.129,0,528.98999,555.98999,55279.457,59602.129,442.23566,6.0918431,4.0093894,2601.3862,2.6013863,7.8637996,.051040664
DR005,West,2,English,1751,1752,120,103,403,1,09/13/1751,09/13/1751,,,,,,,10/20/1752,10/20/1752,,,,,,,3,0,4,0,Not first voyage or unknown,Not first voyage or unknown,Not the first voyage (or unknown) of both the captain and the outfitter,1,1,2,5,0,5,0,32.724853515625,1,1.4405762,4.8124785,Nation at peace,No major European war or nation at war,83.300003,.14,Voyage completed as intended,Voyage completed as intended,Voyage,David Richardson & Klas Rönnbäck,Investor,English,Chetham’s Library. Manchester. Nicholas Torre Accounts. Ledger D.2.21 Journal. f. 109,,Cumberland,John Griffin,"Torre, Nicholas",,,90187,,Gambia,,,,,,,,,.083,yes,yes,,,,,,,,,,,,,,,,,,,,,,,90187,.14166667,4.7874918,4.4224486,Investor,3069504,7.4685135,1751-1775,West,5.9989367,371.92999,0,377.10001,0,39424.578,0,38916.719,0,371.92999,377.10001,39424.578,38916.719,474.9949,6.1633039,5.7022195,3958.2908,3.9582908,8.2835674,.013900502
DR006,"Mixed, unknown or not in Africa",2,English,1751,1751,258,210,495,1,06/17/1751,06/17/1751,,,,,,,10/24/1752,10/24/1752,,,,,,,1,1,1,1,Not first voyage or unknown,Not first voyage or unknown,Not the first voyage (or unknown) of both the captain and the outfitter,0,0,0,3,0,6,0,33.35828971862793,0,2.3390751,5.6539474,Nation at peace,No major European war or nation at war,110.3,.18604651,Voyage completed as intended,Voyage completed as intended,Voyage,David Richardson & Klas Rönnbäck,Investor,English,Chetham’s Library. Manchester. Nicholas Torre Accounts. Ledger D.2.21 Journal. f. 39. 109,,Hardman,,"Torre, Nicholas",,,90151,,Africa,,,,,,,,,.17,yes,yes,,,,,,,,,,,,,,,,,,,,,,,90151,.18604651,5.5529594,4.7032042,Investor,3066001,7.4679422,1751-1775,"Mixed, unknown or not in Africa",6.2045579,787.83002,0,916.90997,0,83509.984,0,94625.109,0,787.83002,916.90997,83509.984,94625.109,491.2352,6.1969233,4.4536281,1904.0125,1.9040124,7.5517187,.16384239
DR007,Gulf of Guinea,2,English,1755,1755,198,173,607,1,02/06/1755,02/06/1755,,,,,,,10/05/1756,10/05/1756,,,,,,,8,4,1,0,Not first voyage or unknown,Not first voyage or unknown,Not the first voyage (or unknown) of both the captain and the outfitter,1,0,1,21,0,2,0,31.13497352600098,0,1.6596814,5.5598168,Nation at war,No major European war or nation at war,119.3,0,Voyage completed as intended,Voyage completed as intended,Voyage,David Richardson & Klas Rönnbäck,Investor,English,Chetham’s Library. Manchester. Nicholas Torre Accounts. Ledger D.2.21 Journal. f.  109. 190,,Marquis of Rockingham,,"Torre, Nicholas",,,90335,,Windward Coast,,,,,,,,,.375,yes,yes,,,,,,,,,,,,,,,,,,,,,,,90335,.12626262,5.2882671,4.7816415,Investor,3080025,7.4702239,1751-1775,Gulf of Guinea,6.4085288,1867.51,0,1483.12,0,200197.08,0,152316.42,0,1867.51,1483.12,200197.08,152316.42,533.85889,6.2801313,4.4749279,2696.2571,2.6962571,7.8996201,-.20583023
DR008,Gulf of Guinea,2,English,1752,1752,173,150,431,1,12/22/1752,12/22/1752,,,,,,,02/26/1754,02/26/1754,,,,,,,2,0,2,0,Not first voyage or unknown,Not first voyage or unknown,Not the first voyage (or unknown) of both the captain and the outfitter,1,1,2,3,0,6,0,32.724853515625,0,1.5684496,4.8124785,Nation at peace,No major European war or nation at war,110.3,0,Voyage completed as intended,Voyage completed as intended,Voyage,David Richardson & Klas Rönnbäck,Investor,English,Chetham’s Library. Manchester. Nicholas Torre Accounts. Ledger D.2.21 Journal. f.  109,,Hardman,,"Torre, Nicholas",,,90152,,Africa,,,,,,,,,.17,yes,yes,,,,,,,,,,,,,,,,,,,,,,,90152,.13294798,5.1532917,4.7032042,Investor,3069504,7.4685135,1751-1775,Gulf of Guinea,6.0661082,746.78003,0,757.13,0,78038.508,0,78135.813,0,746.78003,757.13,78038.508,78135.813,459.05005,6.1291595,4.1618319,2653.4685,2.6534686,7.8836231,.01385947
DR009,West,2,English,1753,1753,203,180,538,1,06/20/1753,06/20/1753,,,,,,,12/10/1754,12/10/1754,,,,,,,5,1,0,0,Not first voyage or unknown,First voyage,First voyage of only one of the captain or the outfitter,1,0,1,21,0,2,0,28.95367813110352,0,1.7015926,4.1362395,Nation at peace,No major European war or nation at war,119.3,0,Voyage completed as intended,Voyage completed as intended,Voyage,David Richardson & Klas Rönnbäck,Investor,English,Chetham’s Library. Manchester. Nicholas Torre Accounts. Ledger D.2.21 Journal. f.  109. 123. 235,,Marquis of Rockingham,,"Torre, Nicholas",,,90334,,Windward Coast & Gold Coast,,,,,,,,,.375,yes,yes,,,,,,,,,,,,,,,,,,,,,,,90334,.11330049,5.3132062,4.7816415,Investor,3073009,7.4690838,1751-1775,West,6.2878585,1682.2,0,1917.35,0,173603.03,0,205539.92,0,1682.2,1917.35,173603.03,205539.92,462.94141,6.1376004,3.880481,2280.4995,2.2804995,7.7321496,.1397872
DR010,South,2,English,1751,1751,442,384,574,1,11/12/1751,11/12/1751,,,,,,,06/08/1753,06/08/1753,,,,,,,3,1,1,1,Not first voyage or unknown,Not first voyage or unknown,Not the first voyage (or unknown) of both the captain and the outfitter,0,0,0,10,0,2,0,33.35828971862793,0,1.8705035,5.6539474,Nation at peace,No major European war or nation at war,236.3,0,Voyage completed as intended,Voyage completed as intended,Voyage,David Richardson & Klas Rönnbäck,Investor,English,Chetham’s Library. Manchester. Nicholas Torre Accounts. Ledger D.2.21 Journal. f.  66. 109,,Frodsham,,"Torre, Nicholas",,,24909,,Angola,,,,,,,,,.125,yes,yes,,,,,,,,,,,,,,,,,,,,,,,24909,.13122173,6.09131,5.4651022,Investor,3066001,7.4679422,1751-1775,South,6.3526292,878.82001,0,1076.85,0,91836.695,0,115438.32,0,878.82001,1076.85,91836.695,115438.32,734.69354,6.5994534,3.1091559,1662.2026,1.6622026,7.4158988,.22533621
DR011,"Mixed, unknown or not in Africa",2,English,1753,1753,370,317,,1,08/06/1753,08/06/1753,,,,,,,,,,,,,,,5,1,0,0,Not first voyage or unknown,First voyage,First voyage of only one of the captain or the outfitter,1,0,1,10,0,3,0,28.95367813110352,0,2.8461537,4.1362395,Nation at peace,No major European war or nation at war,130,0,Voyage completed as intended,Voyage completed as intended,Voyage,David Richardson & Klas Rönnbäck,Investor,English,Chetham’s Library. Manchester. Nicholas Torre Accounts. Ledger D.2.21 Journal. f.  109. 126,,Frodsham,,"Torre, Nicholas",,,24918,,Angola,,,,,,,,,.17,yes,yes,,,,,,,,,,,,,,,,,,,,,,,24918,.14324324,5.9135032,4.8675346,Investor,3073009,7.4690838,1751-1775,"Mixed, unknown or not in Africa",,1097.6801,0,1054.6,0,113280.58,0,113053.12,0,1097.6801,1054.6,113280.58,113053.12,666.35632,6.5018244,5.1258178,1800.963,1.800963,7.4960766,-.039246481
DR012,"Mixed, unknown or not in Africa",2,English,1753,1753,183.5,154,,2,06/18/1753,06/18/1753,05/05/1753,,,,,,12/31/1754,12/31/1754,,,,,,,5,2,3,1,Not first voyage or unknown,Not first voyage or unknown,Not the first voyage (or unknown) of both the captain and the outfitter,0,0,0,14.5,0,14.5,0,28.95367813110352,0,1.5021036,4.1362395,Nation at peace,No major European war or nation at war,137.3,0,Unknown,Voyage completed as intended,Voyage,David Richardson & Klas Rönnbäck,Investor,English,Chetham’s Library. Manchester. Nicholas Torre Accounts. Ledger D.2.21 Journal. f.  109. 124,,York,,"Torre, Nicholas",,,90468 / 90470,,Angola,,,,,,,,,.25,yes,yes,,,,,,,,,,,,,,,,,,,,,,,90468 / 90470,.16076294,5.2122145,4.9221683,Investor,3073009,7.4690838,1751-1775,"Mixed, unknown or not in Africa",,1600.3301,0,1707.14,0,165154.06,0,175323.28,0,1600.3301,1707.14,165154.06,175323.28,330.30814,5.8000259,2.4057403,1800.0443,1.8000443,7.4955664,.066742443
DR013,"Mixed, unknown or not in Africa",1,English,1749,1749,220,180,,1,,,,,,,,,11/30/1750,11/30/1750,,,,,,,0,0,0,0,First voyage,First voyage,First voyage of both the captain and the outfitter,1,1,2,3,0,6,0,19.30868530273438,0,1.9945602,2.970567,Nation at peace,No major European war or nation at war,110.3,0,Voyage completed as intended,Voyage completed as intended,Voyage,David Richardson & Klas Rönnbäck,Investor,English,Chetham’s Library. Manchester. Nicholas Torre Accounts. Ledger D.2.21 Journal. f.  109,,Hardman,,"Torre, Nicholas",,,90150,,Africa,,,,,,,,,.17,with estimates,yes,,,,,,,,,,,,,,,,,,,,,,,90150,.18181819,5.3936276,4.7032042,Investor,3059001,7.4667993,pre-1750,"Mixed, unknown or not in Africa",,926.75,0,575.27002,0,99069.57,0,60115.715,0,926.75,575.27002,99069.57,60115.715,582.76221,6.3677793,5.2834287,2648.9192,2.6489191,7.881907,-.37926084
DR014,South,2,English,1755,1755,437,380,,1,04/05/1755,04/05/1755,,,,,,,,,,,,,,,7,3,8,2,Not first voyage or unknown,Not first voyage or unknown,Not the first voyage (or unknown) of both the captain and the outfitter,0,0,0,10,0,10,0,31.13497352600098,0,1.9225693,5.5598168,Nation at war,No major European war or nation at war,227.3,0,Voyage completed as intended,Voyage completed as intended,Voyage,David Richardson & Klas Rönnbäck,Investor,English,Chetham’s Library. Manchester. Nicholas Torre Accounts. Ledger D.2.21 Journal. f.  109,,York,,"Torre, Nicholas",,,90469,,Angola,,,,,,,,,.25,yes,yes,,,,,,,,,,,,,,,,,,,,,,,90469,.13043478,6.0799332,5.426271,Investor,3080025,7.4702239,1751-1775,South,,2237.72,0,2447.1899,0,239892.02,0,262828.22,0,2237.72,2447.1899,239892.02,262828.22,959.56805,6.8664832,4.2215929,2195.8079,2.1958079,7.6943054,.093608662
DR015,West,1,English,1788,1788,175,170,469,1,11/22/1788,11/22/1788,,,,,,,03/06/1790,03/06/1790,,,,,,,0,0,9,2,First voyage,Not first voyage or unknown,First voyage of only one of the captain or the outfitter,0,1,1,20,0,21,0,56.40606689453125,1,1.7326733,3.0489767,Nation at peace,Nation neutral during a major European war,101,.029999999,Voyage completed as intended,Voyage completed as intended,Voyage,David Richardson & Klas Rönnbäck,Investor,English,"Richardson 1996, ship 1788/17",,Ruby,,"Rogers, James",,,18029,,,,1788,,,,,,,1,with estimates,yes,,Insurance rates imputed from previous research on insurance rates,,01jul1788,,,,,,,,,,,1788,,,,,,1788,1789,18029,.028571429,5.1647859,4.6151204,Investor,3196944,7.488853,1776-1800,West,6.1506028,6178,0,5030,0,668459.56,0,550282,0,6178,5030,668459.56,550282,668.45953,6.5049758,6.6184111,3819.7688,3.8197689,8.2479448,-.18582065
DR016,West,1,English,1790,1790,83,73,,1,06/27/1790,06/27/1790,,,,,,,,,,,,,,,4,2,17,7,Not first voyage or unknown,Not first voyage or unknown,Not the first voyage (or unknown) of both the captain and the outfitter,0,0,0,20,0,22,0,60.33190155029297,0,1.8863636,2.6933885,Nation at peace,Nation neutral during a major European war,44,.12,Voyage completed as intended,Voyage completed as intended,Voyage,David Richardson & Klas Rönnbäck,Investor,English,"Richardson 1996, ship 1790/13",,Flora,,"Rogers, James",,,18070,,,,1790,,,,,,,1,with estimates,yes,,Insurance rates imputed from previous research on insurance rates,,01jul1790,,,,,,,,,,,1790,,,,,,1790,1791,18070,.12048193,4.4188404,3.7841897,Investor,3204100,7.4899707,1776-1800,West,,1013,0,2620,0,111328.7,0,287152,0,1013,2620,111328.7,287152,111.3287,4.7124872,2.5301979,1341.3097,1.3413097,7.2014017,1.5863771
DR017,Gulf of Guinea,1,English,1790,1790,210,189,393,1,01/15/1790,01/15/1790,,,,,,,02/12/1791,02/12/1791,,,,,,,4,2,1,1,Not first voyage or unknown,Not first voyage or unknown,Not the first voyage (or unknown) of both the captain and the outfitter,0,0,0,20,0,3,0,60.33190155029297,1,1.6666666,2.6933885,Nation at peace,Nation neutral during a major European war,126,.1,Voyage completed as intended,Voyage completed as intended,Voyage,David Richardson & Klas Rönnbäck,Investor,English,"Richardson 1996, ship 1790/8",,Daniel,,"Rogers, James",,,18066,,,,1790,,,,,,,1,with estimates,yes,,Insurance rates imputed from previous research on insurance rates,,01jul1790,,,,,,,,,,,1790,,,,,,1790,1791,18066,.1,5.3471074,4.8362818,Investor,3204100,7.4899707,1776-1800,Gulf of Guinea,5.9738097,5936,0,4666,0,652366.38,0,511393.59,0,5936,4666,652366.38,511393.59,652.36639,6.4806066,5.1775112,3106.5066,3.1065066,8.041254,-.21394879
DR018,Gulf of Guinea,1,English,1791,1791,146,126,,1,03/13/1791,03/13/1791,,,,,,,,,,,,,,,10,5,1,1,Not first voyage or unknown,Not first voyage or unknown,Not the first voyage (or unknown) of both the captain and the outfitter,0,0,0,20,0,4,0,59.64194869995117,1,1.1587301,3.4081113,Nation at peace,Nation neutral during a major European war,126,.14,Voyage completed as intended,Voyage completed as intended,Voyage,David Richardson & Klas Rönnbäck,Investor,English,"Richardson 1996, ship 1791/8",,Daniel,,"Rogers, James",,,18096,,,,1791,,,,,,,1,with estimates,yes,,Insurance rates imputed from previous research on insurance rates,,01jul1791,,,,,,,,,,,1791,,,,,,1791,1792,18096,.1369863,4.9836068,4.8362818,Investor,3207681,7.4905295,1776-1800,Gulf of Guinea,,1261,0,1973,0,138205.59,0,212689.41,0,1261,1973,138205.59,212689.41,138.2056,4.9287424,1.0968698,946.61365,.94661367,6.852891,.56463122
DR019,Gulf of Guinea,1,English,1787,1788,449,330,679,1,08/09/1787,08/09/1787,,,,,,,06/18/1789,06/18/1789,,,,,,,8,7,2,1,Not first voyage or unknown,Not first voyage or unknown,Not the first voyage (or unknown) of both the captain and the outfitter,0,0,0,28,0,6,0,56.40606689453125,1,1.2135135,3.0489767,Nation at peace,Nation neutral during a major European war,370,.27000001,Voyage completed as intended,Voyage completed as intended,Voyage,David Richardson & Klas Rönnbäck,Investor,English,"Richardson 1996, ship 1787/22",,Pearl,,"Rogers, James",,,18002,,,,1787,,,,,,,1,with estimates,yes,,Insurance rates imputed from previous research on insurance rates,,01jul1787,,,,,,,,,,,1787,,,,,,1787,1788,18002,.26503339,6.1070228,5.9135032,Investor,3196944,7.488853,1776-1800,Gulf of Guinea,6.5206213,11439,0,7965,541,1244563.3,0,871371,59185.398,11439,7424,1244563.3,812185.63,1244.5632,7.1265397,3.3636844,2771.8557,2.7718558,7.9272723,-.35099223
DR020,Gulf of Guinea,1,English,1790,1790,328,300,241,1,03/06/1790,03/06/1790,,,,,,,11/02/1790,11/02/1790,,,,,,,0,0,1,1,First voyage,Not first voyage or unknown,First voyage of only one of the captain or the outfitter,0,1,1,1,1,3,0,60.33190155029297,1,1.1310345,2.6933885,Nation at peace,Nation neutral during a major European war,290,0,Voyage completed as intended,Voyage completed as intended,Voyage,David Richardson & Klas Rönnbäck,Investor,English,"Richardson 1996, ship 1790/24",,Rodney,,"Rogers, James",,,83366,,,,1790,,,,,,,1,with estimates,yes,,Insurance rates imputed from previous research on insurance rates,,01jul1790,,,,,,,,,,,1790,,,,,,1790,1791,83366,.085365854,5.7930136,5.6698809,Investor,3204100,7.4899707,1776-1800,Gulf of Guinea,5.484797,12045,0,13115,0,1323745.5,0,1437404,0,12045,13115,1323745.5,1437404,1323.7455,7.1882205,4.5646396,4035.8093,4.0358095,8.3029623,.088833541
DR021,West,1,English,1789,1789,270,263,373,1,10/04/1789,10/04/1789,,,,,,,10/12/1790,10/12/1790,,,,,,,2,1,11,3,Not first voyage or unknown,Not first voyage or unknown,Not the first voyage (or unknown) of both the captain and the outfitter,0,0,0,20,0,21,0,58.26401138305664,1,1.6463414,3.082752,Nation at peace,Nation neutral during a major European war,164,.029999999,Voyage completed as intended,Voyage completed as intended,Voyage,David Richardson & Klas Rönnbäck,Investor,English,"Richardson 1996, ship 1789/9",,Crescent,,"Rogers, James",,,18040,,,,1789,,,,,,,1,with estimates,yes,,Insurance rates imputed from previous research on insurance rates,,01jul1789,,,,,,,,,,,1789,,,,,,1789,1790,18040,.025925925,5.5984221,5.0998664,Investor,3200521,7.4894123,1776-1800,West,5.9215784,8876,0,11838,803,971034.38,0,1300996.3,88249.703,8876,11035,971034.38,1212746.5,971.03436,6.8783617,5.9209414,3596.4236,3.5964236,8.1876955,.24324019
DR022,"Mixed, unknown or not in Africa",1,English,1789,1789.5,,,,2,09/21/1789,09/21/1789,,,,,,,11/02/1790,11/02/1790,,,,,,,2,1,0,0,First voyage,First voyage,First voyage of both the captain and the outfitter,1,1,2,20,0,4,0,59.2979564666748,0,1.6623377,2.8880701,Nation at peace,Nation neutral during a major European war,154,.31,Voyage completed as intended,Voyage completed as intended,Voyage,David Richardson & Klas Rönnbäck,Investor,English,"Richardson 1996, ship 1789/23 and 1789/19",,Sarah / Nimble,,"Rogers, James",,,18054/,,,,1789,,,,,,,1,with estimates,yes,,Insurance rates imputed from previous research on insurance rates,,01jul1789,,,,,,,,,,,1789,,,,,,1789,1790,18054/,.31,,5.0369525,Investor,3202310.3,7.4896917,1776-1800,"Mixed, unknown or not in Africa",,6953,0,5712,846,760658.19,0,627748.81,92975.398,6953,4866,760658.19,534773.44,380.3291,5.9410367,2.4696696,,,,-.3001582
DR023,Gulf of Guinea,1,English,1784,1784,489,448,317,1,07/07/1784,07/07/1784,,,,,,,05/20/1785,05/20/1785,,,,,,,3,0,13,5,Not first voyage or unknown,Not first voyage or unknown,Not the first voyage (or unknown) of both the captain and the outfitter,0,1,1,4,0,14,0,48.28208923339844,1,1.7589928,4.0235076,Nation at peace,Nation neutral during a major European war,278,0,Voyage completed as intended,Voyage completed as intended,Voyage,David Richardson & Klas Rönnbäck,Investor,English,"Richardson 1996, ship 1784/12",,Sally,,"Rogers, James",,,17942,,,,1784,,,,,,,1,with estimates,yes,,Insurance rates imputed from previous research on insurance rates,,01jul1784,,,,,,,,,,,1784,,,,,,1784,1785,17942,.08384458,6.1923623,5.6276212,Investor,3182656,7.4866133,1776-1800,Gulf of Guinea,5.7589016,13052,0,14733,0,1413531.6,0,1639782.9,0,13052,14733,1413531.6,1639782.9,1413.5316,7.2538466,5.0846462,2890.6577,2.8906577,7.9692392,.12879252
DR024,Gulf of Guinea,1,English,1783,1783,448,410,273,1,07/27/1783,07/27/1783,,,,,,,04/25/1784,04/25/1784,,,,,,,15,11,12,4,Not first voyage or unknown,Not first voyage or unknown,Not the first voyage (or unknown) of both the captain and the outfitter,0,0,0,37,0,14,0,45.95590591430664,1,1.6115108,2.5390003,Nation at war,No major European war or nation at war,278,0,Voyage completed as intended,Voyage completed as intended,Voyage,David Richardson & Klas Rönnbäck,Investor,English,"Richardson 1996, ship 1783/14",,Sally,,"Rogers, James",,,17929,,,,1783,,,,,,,1,with estimates,yes,,Insurance rates imputed from previous research on insurance rates,,01jul1783,,,,,,,,,,,1783,,,,,,1783,1784,17929,.084821425,6.1047931,5.6276212,Investor,3179089,7.4860525,1776-1800,Gulf of Guinea,5.6094718,11833,0,13412,0,1205782.8,0,1452519.6,0,11833,13412,1205782.8,1452519.6,1205.7827,7.0948844,4.337348,2691.4792,2.6914792,7.8978462,.13344038
DR025,Gulf of Guinea,1,English,1783,1783,310,262,367.5,2,10/13/1783,10/13/1783,10/01/1783,,,,,,11/29/1784,08/18/1784,11/29/1784,,,,,,2,2,6,0,Not first voyage or unknown,Not first voyage or unknown,Not the first voyage (or unknown) of both the captain and the outfitter,1,0,1,36.5,0,34,0,45.95590591430664,1,2.1898649,2.5390003,Nation at war,No major European war or nation at war,225,0,Voyage completed as intended,Voyage completed as intended,Voyage,David Richardson & Klas Rönnbäck,Investor,English,"Richardson 1996, ship 1783/11",,Little Pearl / Pearl,,"Rogers, James",,,17924 / 17926,,,,1783,,,,,,,1,with estimates,yes,,Insurance rates imputed from previous research on insurance rates,,01jul1783,,,,,,,,,,,1783,,,,,,1783,1784,17924 / 17926,.15483871,5.7365723,5.4161005,Investor,3179089,7.4860525,1776-1800,Gulf of Guinea,5.9067235,10917,0,6015,0,1112442.3,0,651424.5,0,10917,6015,1112442.3,651424.5,556.22113,6.321166,2.4720938,1794.2617,1.7942617,7.4923491,-.44902447
DR026,Gulf of Guinea,1,English,1787,1787,105,97,383,1,08/10/1787,08/10/1787,,,,,,,08/27/1788,08/27/1788,,,,,,,6,6,3,1,Not first voyage or unknown,Not first voyage or unknown,Not the first voyage (or unknown) of both the captain and the outfitter,0,0,0,28,0,12,0,59.19077301025391,0,1.0396039,3.7226901,Nation at peace,Nation neutral during a major European war,101,.079999998,Voyage completed as intended,Voyage completed as intended,Voyage,David Richardson & Klas Rönnbäck,Investor,English,"Richardson 1996, ship 1787/26",,Ruby,,"Rogers, James",,,18006,,,,1787,,,,,,,1,with estimates,yes,,Insurance rates imputed from previous research on insurance rates,,01jul1787,,,,,,,,,,,1787,,,,,,1787,1788,18006,.076190479,4.6539602,4.6151204,Investor,3193369,7.4882936,1776-1800,Gulf of Guinea,5.9480348,4098,0,3917,0,445862.41,0,423819.41,0,4098,3917,445862.41,423819.41,445.8624,6.1000104,4.4144793,4246.3086,4.2463088,8.3538055,-.044167887
DR027,Gulf of Guinea,1,English,1787,1788,230,202,669,1,12/21/1787,12/21/1787,,,,,,,10/20/1789,10/20/1789,,,,,,,0,0,15,3,First voyage,Not first voyage or unknown,First voyage of only one of the captain or the outfitter,0,1,1,20,0,22,0,56.40606689453125,1,2.1296296,3.0489767,Nation at peace,Nation neutral during a major European war,108,.12,Original goal thwarted after disembarking enslaved people,Original goal thwarted or unknown,Voyage,David Richardson & Klas Rönnbäck,Investor,English,"Richardson 1996, ship 1787/17",,Juba,,"Rogers, James",,,17997,,,,1787,,,,,,,1,with estimates,yes,,Insurance rates imputed from previous research on insurance rates,,01jul1787,,,,,,,,,,,1787,,,,,,1787,1788,17997,.12173913,5.4380794,4.6821313,Investor,3196944,7.488853,1776-1800,Gulf of Guinea,6.505784,4679,0,5836,0,509075.19,0,638458.38,0,4679,5836,509075.19,638458.38,509.0752,6.2325959,4.7136593,2213.3704,2.2133703,7.7022715,.24727505
DR028,Gulf of Guinea,1,English,1746,1746,433,360,558,1,08/24/1746,08/24/1746,,,,,,,03/04/1748,03/04/1748,,,,,,,10,5,3,2,Not first voyage or unknown,Not first voyage or unknown,Not the first voyage (or unknown) of both the captain and the outfitter,0,0,0,15,0,4,0,21.36000061035156,0,1.590158,4.1882353,Nation at war,No major European war or nation at war,272.29999,0,Voyage completed as intended,Voyage completed as intended,Voyage,David Richardson & Klas Rönnbäck,Investor,English,"Richardson 1991, ship 1746/7",,Jason,,,,,17157,,,,1746,,,,,,,1,with estimates,yes,,Insurance rates imputed from previous research on insurance rates,,01jul1746,,,,,,,,,,,1746,,,,,,1746,1747,17157,.16859123,6.0707378,5.6069045,Investor,3048516,7.4650826,pre-1750,Gulf of Guinea,6.3243589,5408,0,9028,0,583523.19,0,954259.63,0,5408,9028,583523.19,954259.63,583.52319,6.3690844,2.1429424,1347.6287,1.3476287,7.2061019,.6693787
DR029,Gulf of Guinea,1,English,1748,1748,309,273,638,1,10/06/1748,10/06/1748,,,,,,,07/06/1750,07/06/1750,,,,,,,11,6,6,3,Not first voyage or unknown,Not first voyage or unknown,Not the first voyage (or unknown) of both the captain and the outfitter,0,0,0,15,0,10,0,37.37809371948242,0,1.1347779,5.1202865,Nation at war,No major European war or nation at war,272.29999,0,Voyage completed as intended,Voyage completed as intended,Voyage,David Richardson & Klas Rönnbäck,Investor,English,"Richardson 1991, ship 1748/13",,Jason,,,,,17207,,,,1748,,,,,,,1,with estimates,yes,,Insurance rates imputed from previous research on insurance rates,,01jul1748,,,,,,,,,,,1748,,,,,,1748,1749,17207,.11650486,5.7333412,5.6069045,Investor,3055504,7.4662275,pre-1750,Gulf of Guinea,6.4583383,5481,0,6382,0,587563.25,0,682235.81,0,5481,6382,587563.25,682235.81,587.56323,6.3759837,2.1577792,1901.4991,1.9014992,7.5503979,.16438606
DR030,"Mixed, unknown or not in Africa",1,English,1750,1751,333,293,614,1,10/19/1750,10/19/1750,,,,,,,06/24/1752,06/24/1752,,,,,,,13,4,7,3,Not first voyage or unknown,Not first voyage or unknown,Not the first voyage (or unknown) of both the captain and the outfitter,0,0,0,15,0,10,0,33.35828971862793,0,1.222916,5.6539474,Nation at peace,No major European war or nation at war,272.29999,0,Voyage completed as intended,Voyage completed as intended,Voyage,David Richardson & Klas Rönnbäck,Investor,English,"Richardson 1991, ship 1750/13",,Jason,,,,,17268,,,,1750,,,,,,,1,with estimates,yes,,Insurance rates imputed from previous research on insurance rates,,01jul1750,,,,,,,,,,,1750,,,,,,1750,1751,17268,.12012012,5.8081427,5.6069045,Investor,3066001,7.4679422,1751-1775,"Mixed, unknown or not in Africa",6.4199948,6754,0,7158.5,0,719976.38,0,748063.25,0,6754,7158.5,719976.38,748063.25,719.97638,6.5792184,2.6440558,2162.0913,2.1620913,7.6788311,.059890434
DR031,South,1,English,1730,1730,228,208,320,1,06/06/1730,06/06/1730,,,,,,,04/22/1731,04/22/1731,,,,,,,1,0,4,1,Not first voyage or unknown,Not first voyage or unknown,Not the first voyage (or unknown) of both the captain and the outfitter,0,1,1,22,0,11,0,23.09186935424805,1,1.7770849,3.7244952,Nation at peace,No major European war or nation at war,128.3,0,Voyage completed as intended,Voyage completed as intended,Voyage,David Richardson & Klas Rönnbäck,Investor,English,"James Day account books, BRO 40044 (2-3)",,Bridgett,,,,,16613,,,,,,,,,,,1,with estimates,yes,,Insurance rates imputed from previous research on insurance rates,,,,,,,,,,,,,,,,,,,,,16613,.087719299,5.4293456,4.8543711,Investor,2992900,7.4558768,pre-1750,South,5.768321,3579,0,4727,0,379374,0,506734.41,0,3579,4727,379374,506734.41,379.37399,5.9385223,2.956929,1663.921,1.663921,7.4169321,.32075998
DR032,South,1,English,1732,1732,316,250,437,1,07/15/1732,07/15/1732,,,,,,,09/25/1733,09/25/1733,,,,,,,8,2,6,3,Not first voyage or unknown,Not first voyage or unknown,Not the first voyage (or unknown) of both the captain and the outfitter,0,0,0,22,0,11,0,22.33541297912598,1,2.4629774,4.5582476,Nation at peace,No major European war or nation at war,128.3,0,Voyage completed as intended,Voyage completed as intended,Voyage,David Richardson & Klas Rönnbäck,Investor,English,"James Day account books, BRO 40044 (2-3)",,Bridgett,,,,,16713,,,,,,,,,,,1,with estimates,yes,,Insurance rates imputed from previous research on insurance rates,,,,,,,,,,,,,,,,,,,,,16713,.20886075,5.7557421,4.8543711,Investor,2999824,7.4570322,pre-1750,South,6.0799332,3130,0,3716,0,336788,0,398726.81,0,3130,3716,336788,398726.81,336.78799,5.8194537,2.6250038,1065.7848,1.0657848,6.9714665,.18722045
DR033,Gulf of Guinea,1,English,1730,1730,280,227,411,1,02/25/1730,02/25/1730,,,,,,,04/12/1731,04/12/1731,,,,,,,1,0,0,0,Not first voyage or unknown,First voyage,First voyage of only one of the captain or the outfitter,1,1,2,22,0,2,0,23.09186935424805,1,1.9138756,3.7244952,Nation at peace,No major European war or nation at war,146.3,0,Voyage completed as intended,Voyage completed as intended,Voyage,David Richardson & Klas Rönnbäck,Investor,English,"James Day account books, BRO 40044 (2-3)",,Dreadnought,,,,,16618,,,,,,,,,,,1,with estimates,yes,,Insurance rates imputed from previous research on insurance rates,,,,,,,,,,,,,,,,,,,,,16618,.18928571,5.6347895,4.9856591,Investor,2992900,7.4558768,pre-1750,Gulf of Guinea,6.0185933,3516,0,2101,0,372696,0,225227.2,0,3516,2101,372696,225227.2,372.69601,5.920763,2.5474777,1331.0573,1.3310573,7.1937289,-.40244597
DR034,Gulf of Guinea,1,English,1730,1730,281,248,406,1,07/24/1730,07/24/1730,,,,,,,09/03/1731,09/03/1731,,,,,,,1,0,1,0,Not first voyage or unknown,Not first voyage or unknown,Not the first voyage (or unknown) of both the captain and the outfitter,1,1,2,22,0,14,0,23.09186935424805,1,2.5475974,3.7244952,Nation at peace,No major European war or nation at war,110.3,0,Voyage completed as intended,Voyage completed as intended,Voyage,David Richardson & Klas Rönnbäck,Investor,English,"James Day account books, BRO 40044 (2-3)",,Nightingale,,,,,16641,,,,,,,,,,,1,with estimates,yes,,Insurance rates imputed from previous research on insurance rates,,,,,,,,,,,,,,,,,,,,,16641,.11743772,5.6383548,4.7032042,Investor,2992900,7.4558768,pre-1750,Gulf of Guinea,6.0063534,3997,0,2681,0,423682,0,287403.19,0,3997,2681,423682,287403.19,423.68201,6.0489831,3.8411787,1507.7651,1.5077652,7.3183837,-.32924694
DR035,"Mixed, unknown or not in Africa",1,English,1731,1731,242,205,307,1,11/09/1731,11/09/1731,,,,,,,09/11/1732,09/11/1732,,,,,,,4,1,2,1,Not first voyage or unknown,Not first voyage or unknown,Not the first voyage (or unknown) of both the captain and the outfitter,0,0,0,22,0,14,0,22.71364116668701,1,2.1940162,3.7235477,Nation at peace,No major European war or nation at war,110.3,0,Voyage completed as intended,Voyage completed as intended,Voyage,David Richardson & Klas Rönnbäck,Investor,English,"James Day account books, BRO 40044 (2-3)",,Nightingale,,,,,16690,,,,,,,,,,,1,with estimates,yes,,Insurance rates imputed from previous research on insurance rates,,,,,,,,,,,,,,,,,,,,,16690,.15289256,5.4889379,4.7032042,Investor,2996361,7.4564548,pre-1750,"Mixed, unknown or not in Africa",5.7268476,3038,0,2864,0,325673.59,0,308166.41,0,3038,2864,325673.59,308166.41,325.67358,5.7858958,2.9526162,1345.7587,1.3457587,7.2047133,-.057274524
DR036,"Mixed, unknown or not in Africa",1,English,1733,1733,235,195,480,1,04/12/1733,04/12/1733,,,,,,,08/05/1734,08/05/1734,,,,,,,10,3,3,2,Not first voyage or unknown,Not first voyage or unknown,Not the first voyage (or unknown) of both the captain and the outfitter,0,0,0,22,0,14,0,22.08207893371582,1,2.130553,7.1232514,Nation at peace,No major European war or nation at war,110.3,0,Voyage completed as intended,Voyage completed as intended,Voyage,David Richardson & Klas Rönnbäck,Investor,English,"James Day account books, BRO 40044 (2-3)",,Nightingale,,,,,16770,,,,,,,,,,,1,with estimates,yes,,Insurance rates imputed from previous research on insurance rates,,,,,,,,,,,,,,,,,,,,,16770,.17021276,5.4595857,4.7032042,Investor,3003289,7.4576092,pre-1750,"Mixed, unknown or not in Africa",6.1737862,2959,0,3792,0,317500.72,0,416361.59,0,2959,3792,317500.72,416361.59,317.50073,5.7604799,2.8785198,1351.0669,1.3510669,7.2086496,.28151402
DR037,Gulf of Guinea,1,English,1735,1735,257,227,373,1,06/29/1735,06/29/1735,,,,,,,07/06/1736,07/06/1736,,,,,,,13,4,4,1,Not first voyage or unknown,Not first voyage or unknown,Not the first voyage (or unknown) of both the captain and the outfitter,0,0,0,22,0,14,0,21.57541084289551,0,2.330009,5.831192,Nation at peace,Nation neutral during a major European war,110.3,0,Voyage completed as intended,Voyage completed as intended,Voyage,David Richardson & Klas Rönnbäck,Investor,English,"James Day account books, BRO 40044 (2-3)",,Nightingale,,,,,16834,,,,,,,,,,,1,with estimates,yes,,Insurance rates imputed from previous research on insurance rates,,,,,,,,,,,,,,,,,,,,,16834,.11673152,5.5490761,4.7032042,Investor,3010225,7.4587626,pre-1750,Gulf of Guinea,5.9215784,3491,0,3909,0,382962.69,0,424517.41,0,3491,3909,382962.69,424517.41,382.96268,5.9479375,3.4720097,1490.1272,1.4901272,7.3066168,.11973646
DR038,Gulf of Guinea,1,English,1736,1736,236,200,525,1,09/03/1736,09/03/1736,,,,,,,02/10/1738,02/10/1738,,,,,,,0,0,5,2,First voyage,Not first voyage or unknown,First voyage of only one of the captain or the outfitter,0,1,1,8,0,14,0,21.1200008392334,0,2.1396191,4.9116278,Nation at peace,Nation neutral during a major European war,110.3,0,Voyage completed as intended,Voyage completed as intended,Voyage,David Richardson & Klas Rönnbäck,Investor,English,"James Day account books, BRO 40044 (2-3)",,Nightingale,,,,,16867,,,,,,,,,,,1,with estimates,yes,,Insurance rates imputed from previous research on insurance rates,,,,,,,,,,,,,,,,,,,,,16867,.15254237,5.4638319,4.7032042,Investor,3013696,7.4593387,pre-1750,Gulf of Guinea,6.2633982,2939,0,3553,0,319175.41,0,383368.69,0,2939,3553,319175.41,383368.69,319.17542,5.7657409,2.8937027,1352.4382,1.3524382,7.2096643,.20891459
DR039,Gulf of Guinea,1,English,1751,1751,161,140,505,1,01/10/1751,01/10/1751,,,,,,,05/29/1752,05/29/1752,,,,,,,1,1,0,0,Not first voyage or unknown,First voyage,First voyage of only one of the captain or the outfitter,1,0,1,5,0,66,0,33.35828971862793,1,.97991478,5.6539474,Nation at peace,No major European war or nation at war,164.3,0,Voyage completed as intended,Voyage completed as intended,Voyage,David Richardson & Klas Rönnbäck,Investor,English,"Richardson 1991, ship 1751/19",,Molly,,,,,17296,,,,1751,,,,,,,1,with estimates,yes,,Insurance rates imputed from previous research on insurance rates,,01jul1751,,,,,,,,,,,1751,,,,,,1751,1752,17296,.13043478,5.0814042,5.1016941,Investor,3066001,7.4679422,1751-1775,Gulf of Guinea,6.2245584,4290,0,2570,0,454740,0,268565,0,4290,2570,454740,268565,454.73999,6.1197257,2.7677419,2824.4719,2.824472,7.9460769,-.4009324
DR040,South,1,English,1752,1752,225,193,420,1,08/25/1752,08/25/1752,,,,,,,10/19/1753,10/19/1753,,,,,,,2,0,1,0,Not first voyage or unknown,Not first voyage or unknown,Not the first voyage (or unknown) of both the captain and the outfitter,1,1,2,5,0,66,0,32.724853515625,1,1.3694462,4.8124785,Nation at peace,No major European war or nation at war,164.3,0,Voyage completed as intended,Voyage completed as intended,Voyage,David Richardson & Klas Rönnbäck,Investor,English,"Richardson 1991, ship 1752/19",,Molly,,,,,17323,,,,1752,,,,,,,1,with estimates,yes,,Insurance rates imputed from previous research on insurance rates,,01jul1752,,,,,,,,,,,1752,,,,,,1752,1753,17323,.14222223,5.4161005,5.1016941,Investor,3069504,7.4685135,1751-1775,South,6.0402546,4517,0,2839,0,472026.5,0,292984.81,0,4517,2839,472026.5,292984.81,472.02649,6.1570349,2.8729548,2097.8955,2.0978956,7.6486897,-.3714855
DR041,South,1,English,1754,1754,390,270,437,1,07/20/1754,07/20/1754,,,,,,,09/30/1755,09/30/1755,,,,,,,1,0,5,3,Not first voyage or unknown,Not first voyage or unknown,Not the first voyage (or unknown) of both the captain and the outfitter,0,1,1,6,0,6,0,34.10401916503906,0,1.2774321,5.5908227,Nation at peace,No major European war or nation at war,305.29999,.31,Voyage completed as intended,Voyage completed as intended,Voyage,David Richardson & Klas Rönnbäck,Investor,English,"Richardson 1991, ship 1754/7",,Emperor,,,,,17363,,,,1754,,,,,,,1,with estimates,yes,,Insurance rates imputed from previous research on insurance rates,,01jul1754,,,,,,,,,,,1754,,,,,,1754,1755,17363,.30769232,5.9661469,5.7212949,Investor,3076516,7.4696541,1751-1775,South,6.0799332,7881,0,4100,0,822776.38,0,439520,0,7881,4100,822776.38,439520,822.77637,6.7126846,2.6949768,2109.6831,2.109683,7.6542931,-.47976145
DR042,Gulf of Guinea,1,English,1759,1759,92,70,,1,03/21/1759,03/21/1759,,,,,,,,,,,,,,,2,1,1,1,Not first voyage or unknown,Not first voyage or unknown,Not the first voyage (or unknown) of both the captain and the outfitter,0,0,0,16,0,16,0,24.31369972229004,1,.50466263,3.6838939,Nation at war,No major European war or nation at war,182.3,0,Voyage completed as intended,Voyage completed as intended,Voyage,David Richardson & Klas Rönnbäck,Investor,English,"Richardson 1991, ship 1759/24",,Swift,,,,,17470,,,,1759,,,,,,,1,with estimates,yes,,Insurance rates imputed from previous research on insurance rates,,01jul1759,,,,,,,,,,,1759,,,,,,1759,1760,17470,.23913044,4.5217886,5.2056537,Investor,3094081,7.4725008,1751-1775,Gulf of Guinea,,5275,0,2195,0,541742.5,0,226304.5,0,5275,2195,541742.5,226304.5,541.74249,6.2947907,2.9717085,5888.5054,5.8885055,8.6807575,-.58388627
DR043,South,1,English,1770,1770,386,351,358,1,09/03/1770,09/03/1770,,,,,,,08/27/1771,08/27/1771,,,,,,,25,2,9,7,Not first voyage or unknown,Not first voyage or unknown,Not the first voyage (or unknown) of both the captain and the outfitter,0,0,0,39,0,22,0,41.31495666503906,0,2.117389,3.6561909,Nation at peace,No major European war or nation at war,182.3,0,Voyage completed as intended,Voyage completed as intended,Voyage,David Richardson & Klas Rönnbäck,Investor,English,"Richardson 1996, ship 1770/12",,Hector,,,,,17753,,,,1770,,,,,,,1,with estimates,with estimates,,"No data on insurance, no residual value of ship on return",,01jul1770,,,,,,,,,,,1770,,,,,,1770,1771,17753,.090673573,5.9558372,5.2056537,Investor,3132900,7.478735,1751-1775,South,5.8805332,7720,0,8583,0,788212,0,879757.5,0,7720,8583,788212,879757.5,788.21198,6.6697669,4.3237081,2041.9999,2.0419998,7.621685,.11178757
DR044,South,1,English,1771,1771,334,304,475,1,10/30/1771,10/30/1771,,,,,,,02/16/1773,02/16/1773,,,,,,,26,3,10,8,Not first voyage or unknown,Not first voyage or unknown,Not the first voyage (or unknown) of both the captain and the outfitter,0,0,0,39,0,22,0,40.60084915161133,1,1.8321447,3.2742622,Nation at peace,No major European war or nation at war,182.3,0,Voyage completed as intended,Voyage completed as intended,Voyage,David Richardson & Klas Rönnbäck,Investor,English,"Richardson 1996, ship 1771/11",,Hector,,,,,17780,,,,1771,,,,,,,1,with estimates,with estimates,,"No data on insurance, no ship value out or in",,01jul1771,,,,,,,,,,,1771,,,,,,1771,1772,17780,.089820363,5.811141,5.2056537,Investor,3136441,7.4792995,1751-1775,South,6.1633148,7897,0,11342,0,809442.5,0,1170494.4,0,7897,11342,809442.5,1170494.4,809.4425,6.6963458,4.4401674,2423.4805,2.4234805,7.7929602,.4362416
DR045,South,1,English,1773,1773,189.5,172.5,452,2,06/28/1773,06/28/1773,06/27/1773,,,,,,09/26/1774,09/26/1774,09/19/1774,,,,,,4,2,13,10,Not first voyage or unknown,Not first voyage or unknown,Not the first voyage (or unknown) of both the captain and the outfitter,0,0,0,26,0,22,0,46.71073913574219,0,1.3709615,3.434613,Nation at peace,No major European war or nation at war,119.3,0,Voyage completed as intended,Voyage completed as intended,Voyage,David Richardson & Klas Rönnbäck,Investor,English,"Richardson 1996, ship 1773/13",,Ambris / Hector,,,,,17825 / 17836,,,,1773,,,,,,,1,with estimates,with estimates,,"No data on insurance, no ship value out or in",,01jul1773,,,,,,,,,,,1773,,,,,,1773,1774,17825 / 17836,.089709766,5.2443891,4.7816415,Investor,3143529,7.4804282,1751-1775,South,6.1136823,7620,0,9383,0,824484,0,1026500.2,0,7620,9383,824484,1026500.2,412.242,6.0216107,3.455507,2175.4194,2.1754193,7.6849766,.23136483
DR046,Gulf of Guinea,1,English,1774,1774,293,244,274,1,10/14/1774,10/14/1774,,,,,,,07/15/1775,07/15/1775,,,,,,,6,1,10,8,Not first voyage or unknown,Not first voyage or unknown,Not the first voyage (or unknown) of both the captain and the outfitter,0,0,0,13,0,11,0,46.84087371826172,1,1.6072408,2.7553456,Nation at peace,No major European war or nation at war,182.3,0,Voyage completed as intended,Voyage completed as intended,Voyage,David Richardson & Klas Rönnbäck,Investor,English,"Richardson 1996, ship 1774/1",,Africa,,,,,17846,,,,1774,,,,,,,1,with estimates,yes,,Insurance rates imputed from previous research on insurance rates,,01jul1774,,,,,,,,,,,1774,,,,,,1774,1775,17846,.16723549,5.6801724,5.2056537,Investor,3147076,7.4809923,1751-1775,Gulf of Guinea,5.6131282,6209,0,5442,0,679264.56,0,584470.81,0,6209,5442,679264.56,584470.81,679.26459,6.5210109,3.7260811,2318.3091,2.3183091,7.7485933,-.12353036
DR047,"Mixed, unknown or not in Africa",1,English,,1777,,,,1,,,,,,,,,,,,,,,,,,,,,First voyage,First voyage,First voyage of both the captain and the outfitter,1,1,2,,,,,34.7105598449707,0,,2.2987125,Nation at war,No major European war or nation at war,,,Unknown,Original goal thwarted or unknown,Voyage,David Richardson & Klas Rönnbäck,Investor,English,"Richardson 1996, ship 1776/1",,Africa,,,,,,,,,1776,,,,,,,1,with estimates,yes,,Insurance rates imputed from previous research on insurance rates,,01jul1776,,,,,,,,,,,1776,,,,,,1776,1777,,,,,Investor,3157729,7.4826818,1776-1800,"Mixed, unknown or not in Africa",,4977,0,4484,0,526068.94,0,470820,0,4977,4484,526068.94,470820,526.06891,6.2654324,,,,,-.099055655
DR048,South,1,English,1774,1774,230,197,609,1,02/04/1774,02/04/1774,,,,,,,10/06/1775,10/06/1775,,,,,,,6,3,16,12,Not first voyage or unknown,Not first voyage or unknown,Not the first voyage (or unknown) of both the captain and the outfitter,0,0,0,13,0,22,0,46.84087371826172,0,1.2616566,2.7553456,Nation at peace,No major European war or nation at war,182.3,0,Voyage completed as intended,Voyage completed as intended,Voyage,David Richardson & Klas Rönnbäck,Investor,English,"Richardson 1996, ship 1774/12",,Jason,,,,,17857,,,,1774,,,,,,,1,with estimates,yes,,Insurance rates imputed from previous research on insurance rates,,01jul1774,,,,,,,,,,,1774,,,,,,1774,1775,17857,.14347826,5.4380794,5.2056537,Investor,3147076,7.4809923,1751-1775,South,6.4118185,5590,0,5774,0,611546,0,620127.63,0,5590,5774,611546,620127.63,611.54602,6.4159904,3.3546133,2658.8958,2.6588957,7.8856664,.03291592
DR049,South,1,English,1774,1774,352,287,460,1,08/24/1774,08/24/1774,,,,,,,11/27/1775,11/27/1775,,,,,,,6,1,12,3,Not first voyage or unknown,Not first voyage or unknown,Not the first voyage (or unknown) of both the captain and the outfitter,0,0,0,7,0,13,0,46.84087371826172,0,1.6124599,2.7553456,Nation at peace,No major European war or nation at war,218.3,0,Voyage completed as intended,Voyage completed as intended,Voyage,David Richardson & Klas Rönnbäck,Investor,English,"Richardson 1996, ship 1774/14",,King George,,,,,17859,,,,1774,,,,,,,1,with estimates,yes,,Insurance rates imputed from previous research on insurance rates,,01jul1774,,,,,,,,,,,1774,,,,,,1774,1775,17859,.18465909,5.8636312,5.3858705,Investor,3147076,7.4809923,1751-1775,South,6.1312265,10437,0,7838,0,1141807.8,0,841801.19,0,10437,7838,1141807.8,841801.19,1141.8077,7.0403681,5.2304521,3243.772,3.243772,8.0844917,-.24901792
DR050,"Mixed, unknown or not in Africa",1,English,1748,1748,296,240,588,1,05/31/1748,05/31/1748,,,,,,,01/09/1750,01/09/1750,,,,,,,1,0,10,8,Not first voyage or unknown,Not first voyage or unknown,Not the first voyage (or unknown) of both the captain and the outfitter,0,1,1,10,0,72,0,37.37809371948242,0,1.2526449,5.1202865,Nation at war,No major European war or nation at war,236.3,0,Voyage completed as intended,Voyage completed as intended,Voyage,David Richardson & Klas Rönnbäck,Investor,English,"Hasell papers, private collection",,Priscilla,,"Goad, John",,,90211,,,,,,,,,,,.0625,yes,with estimates,,,,,,,,,,,,,,,,,,,,,,,90211,.1891892,5.6903596,5.4651022,Investor,3055504,7.4662275,pre-1750,"Mixed, unknown or not in Africa",6.3767271,252.145,0,279.54001,0,27029.943,0,29491.305,0,252.145,279.54001,27029.943,29491.305,432.4791,6.0695338,1.830212,1461.078,1.461078,7.2869296,.10864782
DR052,Gulf of Guinea,1,English,1756,1756,299,256,489,1,03/22/1756,03/22/1756,,,,,,,07/24/1757,07/24/1757,,,,,,,5,4,8,6,Not first voyage or unknown,Not first voyage or unknown,Not the first voyage (or unknown) of both the captain and the outfitter,0,0,0,11,0,14,0,35.27229690551758,1,1.6401535,5.9783554,Nation at war,No major European war or nation at war,182.3,0,Voyage completed as intended,Voyage completed as intended,Voyage,David Richardson & Klas Rönnbäck,Investor,English,"Hasell papers, private collection",,Sea Nymph,,"Goad, John",,,90624,,,,,,,,,,,.0625,with estimates,with estimates,,Insurance rates imputed from previous research on insurance rates. Value of ship imputed from value of cargo.,,,,,,,,,,,,,,,,,,,,,90624,.14381272,5.7004437,5.2056537,Investor,3083536,7.4707937,1751-1775,Gulf of Guinea,6.1923623,372.22,0,617.84003,0,39976.43,0,66356.016,0,372.22,617.84003,39976.43,66356.016,639.62286,6.4608788,3.5086279,2139.2068,2.1392069,7.6681905,.65987861
DR053,Gulf of Guinea,1,English,1750,1750,304,260,560,1,07/20/1750,07/20/1750,,,,,,,01/31/1752,01/31/1752,,,,,,,4,2,5,3,Not first voyage or unknown,Not first voyage or unknown,Not the first voyage (or unknown) of both the captain and the outfitter,0,0,0,55,0,70,0,33.99172592163086,0,2.0779221,6.1803136,Nation at peace,No major European war or nation at war,146.3,0,Voyage completed as intended,Voyage completed as intended,Voyage,David Richardson & Klas Rönnbäck,Investor,English,"Hasell papers, private collection",,True Blue,,"Goad, John",,,90342,,,,,,,,,,,.0625,with estimates,with estimates,,Insurance rates imputed from previous research on insurance rates. Value of ship imputed from value of cargo.,,,,,,,,,,,,,,,,,,,,,90342,.14473684,5.7170277,4.9856591,Investor,3062500,7.467371,pre-1750,Gulf of Guinea,6.3279366,275.98001,0,297.63,0,29419.467,0,31102.334,0,275.98001,297.63,29419.467,31102.334,470.71146,6.1542454,3.2174399,1548.3929,1.5483929,7.3449731,.078447685
DR054,Gulf of Guinea,1,English,1753,1753,352,287,490,1,02/20/1753,02/20/1753,,,,,,,06/25/1754,06/25/1754,,,,,,,15,6,26,14,Not first voyage or unknown,Not first voyage or unknown,Not the first voyage (or unknown) of both the captain and the outfitter,0,0,0,16,0,72,0,28.95367813110352,1,1.3841919,4.1362395,Nation at peace,No major European war or nation at war,254.3,0,Voyage completed as intended,Voyage completed as intended,Voyage,David Richardson & Klas Rönnbäck,Investor,English,"Hasell papers, private collection",,Barclay,,"Goad, John",,,90447,,,,,,,,,,,.03125,with estimates,with estimates,,Insurance rates imputed from previous research on insurance rates. Value of ship imputed from value of cargo.,,,,,,,,,,,,,,,,,,,,,90447,.18465909,5.8636312,5.5385146,Investor,3073009,7.4690838,1751-1775,Gulf of Guinea,6.1944056,165.38,0,121.67,0,17423.768,0,13043.024,0,165.38,121.67,17423.768,13043.024,557.56055,6.3235712,2.1925306,1583.9789,1.5839789,7.3676953,-.26430044
DR055,"Mixed, unknown or not in Africa",1,English,,1755,230,197,,1,,,,,,,,,10/05/1755,10/05/1755,,,,,,,8,2,15,6,Not first voyage or unknown,Not first voyage or unknown,Not the first voyage (or unknown) of both the captain and the outfitter,0,0,0,55,0,56,0,31.13497352600098,0,2.085222,5.5598168,Nation at war,No major European war or nation at war,110.3,0,Voyage completed as intended,Voyage completed as intended,Voyage,David Richardson & Klas Rönnbäck,Investor,English,"Hasell papers, private collection",,Ferret,,"Goad, John",,,90565,,,,,,,,,,,.042,with estimates,with estimates,,Value of ship imputed from value of cargo.,,,,,,,,,,,,,,,,,,,,,90565,.14347826,5.4380794,4.7032042,Investor,3080025,7.4702239,1751-1775,"Mixed, unknown or not in Africa",,91.139999,0,88.760002,0,9770.208,0,9532.8242,0,91.139999,88.760002,9770.208,9532.8242,232.62399,5.4494233,2.1090117,1011.4087,1.0114087,6.9190993,-.026113641
DR056,Gulf of Guinea,1,English,1755,1755,148,127,437,1,11/08/1755,11/08/1755,,,,,,,01/18/1757,01/18/1757,,,,,,,4,3,7,5,Not first voyage or unknown,Not first voyage or unknown,Not the first voyage (or unknown) of both the captain and the outfitter,0,0,0,11,0,14,0,31.13497352600098,0,1.3417951,5.5598168,Nation at war,No major European war or nation at war,110.3,0,Voyage completed as intended,Voyage completed as intended,Voyage,David Richardson & Klas Rönnbäck,Investor,English,"Hasell papers, private collection",,Ferret,,"Goad, John",,,90566,,,,,,,,,,,.042,with estimates,with estimates,,Value of ship imputed from previous voyage,,,,,,,,,,,,,,,,,,,,,90566,.1418919,4.9972124,4.7032042,Investor,3080025,7.4702239,1751-1775,Gulf of Guinea,6.0799332,101.89,0,78.049995,0,10937.025,0,8382.5693,0,101.89,78.049995,10937.025,8382.5693,260.40536,5.5622396,2.3608828,1759.4957,1.7594957,7.4727826,-.23397785
DR057,Gulf of Guinea,1,English,1757,1757,230,197,,1,04/09/1757,04/09/1757,,,,,,,,,,,,,,,6,5,9,7,Not first voyage or unknown,Not first voyage or unknown,Not the first voyage (or unknown) of both the captain and the outfitter,0,0,0,11,0,14,0,31.86960220336914,0,2.085222,4.618783,Nation at war,No major European war or nation at war,110.3,0,Original goal thwarted before disembarking enslaved people,Original goal thwarted or unknown,Voyage,David Richardson & Klas Rönnbäck,Investor,English,"Hasell papers, private collection",,Ferret,,"Goad, John",,,90567,,,,,,,,,,,.042,with estimates,yes,,Value of ship imputed from previous voyage,,,,,,,,,,,,,,,,,,,,,90567,.14347826,5.4380794,4.7032042,Investor,3087049,7.4713631,1751-1775,Gulf of Guinea,,132.23,0,154.31,0,14201.502,0,15955.653,0,132.23,154.31,14201.502,15955.653,338.13101,5.8234334,3.0655575,1470.1349,1.4701349,7.2931094,.16698179
DR058,West,1,English,1757,1757,180,160,279,1,10/17/1757,10/17/1757,,,,,,,07/23/1758,07/23/1758,,,,,,,3,1,19,4,Not first voyage or unknown,Not first voyage or unknown,Not the first voyage (or unknown) of both the captain and the outfitter,0,0,0,56,0,56,0,31.86960220336914,0,2.422611,4.618783,Nation at war,No major European war or nation at war,74.300003,0,Voyage completed as intended,Voyage completed as intended,Voyage,David Richardson & Klas Rönnbäck,Investor,English,"Hasell papers, private collection",,Snapper,,"Goad, John",,,90687,,,,,,,,,,,.17,with estimates,with estimates,,Value of ship imputed from previous voyage,,,,,,,,,,,,,,,,,,,,,90687,.11111111,5.1929569,4.3081112,Investor,3087049,7.4713631,1751-1775,West,5.6312118,557.5,0,760.41003,152.14,59875.496,0,78626.398,15731.276,557.5,608.27002,59875.496,62895.121,352.2088,5.864224,4.7403607,1956.7156,1.9567156,7.5790224,.091067299
DR059,West,1,English,1758,1758,214,190,,1,08/11/1758,08/11/1758,,,,,,,,,,,,,,,4,2,20,5,Not first voyage or unknown,Not first voyage or unknown,Not the first voyage (or unknown) of both the captain and the outfitter,0,0,0,56,0,56,0,27.40237045288086,0,2.8802152,5.708827,Nation at war,No major European war or nation at war,74.300003,0,Unknown,Original goal thwarted or unknown,Voyage,David Richardson & Klas Rönnbäck,Investor,English,"Hasell papers, private collection",,Snapper,,"Goad, John",,,90688,,,,,,,,,,,.17,with estimates,yes,,,,,,,,,,,,,,,,,,,,,,,90688,.11214953,5.3659759,4.3081112,Investor,3090564,7.4719319,1751-1775,West,,534.14001,0,784.32001,0,55230.074,0,80549.664,0,534.14001,784.32001,55230.074,80549.664,324.88278,5.7834644,4.372581,1518.1438,1.5181438,7.3252435,.46837905
DR060,West,1,English,1759,1759,148,131,386,1,04/28/1759,04/28/1759,,,,,,,05/18/1760,05/18/1760,,,,,,,8,6,25,9,Not first voyage or unknown,Not first voyage or unknown,Not the first voyage (or unknown) of both the captain and the outfitter,0,0,0,56,0,56,0,24.31369972229004,0,1.6034669,3.6838939,Nation at war,No major European war or nation at war,92.300003,0,Voyage completed as intended,Voyage completed as intended,Voyage,David Richardson & Klas Rönnbäck,Investor,English,"Hasell papers, private collection",,Snapper,,"Goad, John",,,90792,,,,,,,,,,,.17,with estimates,yes,,Value of ship imputed from previous voyage,,,,,,,,,,,,,,,,,,,,,90792,.11486486,4.9972124,4.525044,Investor,3094081,7.4725008,1751-1775,West,5.9558372,626.54999,0,636.87,0,64346.68,0,65661.297,0,626.54999,636.87,64346.68,65661.297,378.50989,5.9362421,4.1008654,2557.4993,2.5574992,7.8467851,.016471164
DR061,West,1,English,1760,1760,127,113,407,1,06/10/1760,06/10/1760,,,,,,,07/22/1761,07/22/1761,,,,,,,12,9,28,12,Not first voyage or unknown,Not first voyage or unknown,Not the first voyage (or unknown) of both the captain and the outfitter,0,0,0,56,0,56,0,27.28946113586426,0,1.375948,3.5907185,Nation at war,No major European war or nation at war,92.300003,0,Voyage completed as intended,Voyage completed as intended,Voyage,David Richardson & Klas Rönnbäck,Investor,English,"Hasell papers, private collection",,Snapper,,"Goad, John",,,90793,,,,,,,,,,,.17,with estimates,yes,,Value of ship imputed from previous voyage,,,,,,,,,,,,,,,,,,,,,90793,.11023622,4.8441873,4.525044,Investor,3097600,7.4730692,1751-1775,West,6.0088134,526,0,572.07001,0,54230.602,0,57779.07,0,526,572.07001,54230.602,57779.07,319.00354,5.765202,3.4561596,2511.8389,2.5118389,7.8287702,.087585568
DR062,Gulf of Guinea,1,English,1758,1759,460,400,612,1,09/14/1758,09/14/1758,,,,,,,05/18/1760,05/18/1760,,,,,,,8,2,53,33,Not first voyage or unknown,Not first voyage or unknown,Not the first voyage (or unknown) of both the captain and the outfitter,0,0,0,56,0,72,0,24.31369972229004,1,1.5067148,3.6838939,Nation at war,No major European war or nation at war,305.29999,.13,Voyage completed as intended,Voyage completed as intended,Voyage,David Richardson & Klas Rönnbäck,Investor,English,"Hasell papers, private collection",,Rose,,"Goad, John",,,90747,,,,,,,,,,,.042,with estimates,yes,,Insurance rates imputed from previous research on insurance rates. Value of ship imputed from value of cargo.,,,,,,,,,,,,,,,,,,,,,90747,.13043478,6.1312265,5.7212949,Investor,3094081,7.4725008,1751-1775,Gulf of Guinea,6.4167323,459.89999,0,482.48001,0,47553.66,0,49743.688,0,459.89999,482.48001,47553.66,49743.688,1132.23,7.0319443,3.7085819,2461.3696,2.4613695,7.8084731,.049097668
DR063,"Mixed, unknown or not in Africa",2,English,,1759,,,,1,,,,,,,,,,,,,,,,,,,,,First voyage,First voyage,First voyage of both the captain and the outfitter,1,1,2,,,,,24.31369972229004,0,,3.6838939,Nation at war,No major European war or nation at war,,,Unknown,Original goal thwarted or unknown,Voyage,David Richardson & Klas Rönnbäck,Investor,English,"Hasell papers, private collection",,True Blue,,"Goad, John",,,,,,,1758,,,,,,,.0625,yes,yes,,"Cannot find matching entry in TSTD. Year has been assumed, based on the dating of the following voyage.",,01jul1758,,,,,,,,,,,1758,,,,,,1758,1759,,,,,Investor,3094081,7.4725008,1751-1775,"Mixed, unknown or not in Africa",,564.60999,0,756.45001,0,58380.672,0,77990,0,564.60999,756.45001,58380.672,77990,934.09076,6.8395734,,,,,.3397744
DR064,Gulf of Guinea,1,English,1758,1758,280,242,380,1,11/13/1758,11/13/1758,,,,,,,11/28/1759,11/28/1759,,,,,,,11,8,17,14,Not first voyage or unknown,Not first voyage or unknown,Not the first voyage (or unknown) of both the captain and the outfitter,0,0,0,55,0,70,0,27.40237045288086,1,1.0882239,5.708827,Nation at war,No major European war or nation at war,257.29999,.13571429,Voyage completed as intended,Voyage completed as intended,Voyage,David Richardson & Klas Rönnbäck,Investor,English,"Hasell papers, private collection",,True Blue,,"Goad, John",,,90763,,,,,,,,,,,.0625,with estimates,with estimates,,,,,,,,,,,,,,,,,,,,,,,90763,.13571429,5.6347895,5.5502429,Investor,3090564,7.4719319,1751-1775,Gulf of Guinea,5.9401712,722.71002,0,583.06,0,74384.336,0,59880.262,0,722.71002,583.06,74384.336,59880.262,1190.1494,7.0818343,4.6255322,4250.5337,4.2505336,8.3548002,-.19323106
DR065,Gulf of Guinea,1,English,1760,1760,417,340,486,1,02/28/1760,02/28/1760,,,,,,,06/28/1761,06/28/1761,,,,,,,17,12,23,19,Not first voyage or unknown,Not first voyage or unknown,Not the first voyage (or unknown) of both the captain and the outfitter,0,0,0,55,0,70,0,27.28946113586426,1,1.6206763,3.5907185,Nation at war,No major European war or nation at war,257.29999,0,Voyage completed as intended,Voyage completed as intended,Voyage,David Richardson & Klas Rönnbäck,Investor,English,"Hasell papers, private collection",,True Blue,,"Goad, John",,,90764,,,,,,,,,,,.0625,with estimates,yes,,Value of ship imputed from residual after voyage,,,,,,,,,,,,,,,,,,,,,90764,.18465228,6.0330863,5.5502429,Investor,3097600,7.4730692,1751-1775,Gulf of Guinea,6.1862087,479.94998,0,593.54999,0,49482.844,0,59948.551,0,479.94998,593.54999,49482.844,59948.551,791.72552,6.6742148,3.0770524,1898.6223,1.8986223,7.5488839,.23669134
DR066,West,1,English,1759,1759,280,240,325,1,09/25/1759,09/25/1759,,,,,,,08/15/1760,08/15/1760,,,,,,,8,6,0,0,Not first voyage or unknown,First voyage,First voyage of only one of the captain or the outfitter,1,0,1,56,0,15,0,24.31369972229004,0,1.5359298,3.6838939,Nation at war,No major European war or nation at war,182.3,0,Voyage completed as intended,Voyage completed as intended,Voyage,David Richardson & Klas Rönnbäck,Investor,English,"Hasell papers, private collection",,Essex,,"Goad, John",,,90813,,,,,,,,,,,.083,with estimates,yes,,Value of ship imputed from residual after voyage,,,,,,,,,,,,,,,,,,,,,90813,.14285715,5.6347895,5.2056537,Investor,3094081,7.4725008,1751-1775,West,5.7838254,400.36002,0,489.22998,0,41116.973,0,50439.613,0,400.36002,489.22998,41116.973,50439.613,495.38522,6.2053356,2.7174175,1769.2329,1.7692329,7.4783015,.22197512
DR067,West,1,English,1760,1760,248,212,301,1,09/09/1760,09/09/1760,,,,,,,07/07/1761,07/07/1761,,,,,,,12,9,1,1,Not first voyage or unknown,Not first voyage or unknown,Not the first voyage (or unknown) of both the captain and the outfitter,0,0,0,56,0,15,0,27.28946113586426,0,1.360395,3.5907185,Nation at war,No major European war or nation at war,182.3,0,Voyage completed as intended,Voyage completed as intended,Voyage,David Richardson & Klas Rönnbäck,Investor,English,"Hasell papers, private collection",,Essex,,"Goad, John",,,90814,,,,,,,,,,,.083,with estimates,yes,,Value of ship imputed from previous voyage,,,,,,,,,,,,,,,,,,,,,90814,.14516129,5.5134287,5.2056537,Investor,3097600,7.4730692,1751-1775,West,5.7071104,361.25,0,471.92999,9.1199999,37218.414,0,47664.93,921.12,361.25,462.81,37218.414,46743.809,448.41464,6.1057181,2.4597621,1808.1235,1.8081236,7.5000448,.28113493
DR068,Gulf of Guinea,1,English,1764,1764,169,150,417,1,07/31/1764,07/31/1764,,,,,,,09/21/1765,09/21/1765,,,,,,,14,2,14,2,Not first voyage or unknown,Not first voyage or unknown,Not the first voyage (or unknown) of both the captain and the outfitter,0,0,0,15,0,15,0,33.98003005981445,0,.92704332,3.614897,Nation at peace,No major European war or nation at war,182.3,0,Voyage completed as intended,Voyage completed as intended,Voyage,David Richardson & Klas Rönnbäck,Investor,English,"Hasell papers, private collection",,Apollo,,,,,91112,,,,1764-08-07,,,,,,,1,with estimates,yes,,Insurance rates imputed from previous research on insurance rates. Value of ship imputed from value of cargo.,8,07aug1764,,,,,,,,,,,1764,,,,,,1764,1765,91112,.11242604,5.1298985,5.2056537,Investor,3111696,7.4753394,1751-1775,Gulf of Guinea,6.0330863,3603.6602,0,3271.8401,0,390997.13,0,349933.06,0,3603.6602,3271.8401,390997.13,349933.06,390.99713,5.9687004,2.1448004,2313.5925,2.3135924,7.7465568,-.092078626
DR069,Gulf of Guinea,1,English,1764,1764,335,230,331,1,05/05/1764,05/05/1764,,,,,,,04/01/1765,04/01/1765,,,,,,,32,11,31,26,Not first voyage or unknown,Not first voyage or unknown,Not the first voyage (or unknown) of both the captain and the outfitter,0,0,0,56,0,70,0,33.98003005981445,1,1.5345854,3.614897,Nation at peace,No major European war or nation at war,218.3,.31,Voyage completed as intended,Voyage completed as intended,Voyage,David Richardson & Klas Rönnbäck,Investor,English,"Hasell papers, private collection",,Nelly and Nancy,,,,,91145,,,,,,,,,,,1,with estimates,with estimates,,Insurance rates imputed from previous research on insurance rates. Ship in imputed from residual value of ship.,,,,,,,,,,,,,,,,,,,,,91145,.31343284,5.8141303,5.3858705,Investor,3111696,7.4753394,1751-1775,Gulf of Guinea,5.8021183,6065.04,0,6318.79,0,658056.81,0,676742.44,0,6065.04,6318.79,658056.81,676742.44,658.05682,6.4892912,3.0144608,1964.3488,1.9643488,7.5829163,.041838139
DR070,West,1,English,1764,1765,304,280,346,1,07/30/1764,07/30/1764,,,,,,,07/11/1765,07/11/1765,,,,,,,36,23,33,2,Not first voyage or unknown,Not first voyage or unknown,Not the first voyage (or unknown) of both the captain and the outfitter,0,0,0,56,0,70,0,35.30036544799805,1,1.1954384,3.602078,Nation at peace,No major European war or nation at war,254.3,.079999998,Voyage completed as intended,Voyage completed as intended,Voyage,David Richardson & Klas Rönnbäck,Investor,English,"Hasell papers, private collection",,Captain,,"Goad, John",,,91014,,,,,,,,,,,1,with estimates,with estimates,,,,,,,,,,,,,,,,,,,,,,,91014,.078947365,5.7170277,5.5385146,Investor,3115225,7.4759059,1751-1775,West,5.8464389,7316,0,4703,0,793786,0,486760.5,0,7316,4703,793786,486760.5,793.78601,6.6768141,3.121455,2611.1382,2.6111381,7.8675413,-.35716239
DR071,West,2,English,1764,1764,109,98,559,1,12/15/1764,12/15/1764,,,,,,,06/27/1766,06/27/1766,,,,,,,2,2,2,2,Not first voyage or unknown,Not first voyage or unknown,Not the first voyage (or unknown) of both the captain and the outfitter,0,0,0,35,0,4,0,33.98003005981445,0,.79388201,3.614897,Nation at peace,No major European war or nation at war,137.3,0,Voyage completed as intended,Voyage completed as intended,Voyage,David Richardson & Klas Rönnbäck,Investor,English,"Tomlinson-Knight papers, Liverpool Record Office, 380 MD 127",,Aston,,,,,91130,,,,1766,,,,,,,1,yes,yes,,,,01jul1766,,,,,,,,,,,1766,,,,,,1766,1767,91130,.10091743,4.6913481,4.9221683,Investor,3111696,7.4753394,1751-1775,West,6.3261495,3336,0,2392,0,345276,0,256183.2,0,3336,2392,345276,256183.2,345.276,5.8443441,2.514756,3167.6697,3.1676698,8.0607519,-.28297362
DR072,West,2,English,1768,1768,140,126,,1,10/24/1768,10/24/1768,,,,,,,,,,,,,,,10,8,2,2,Not first voyage or unknown,Not first voyage or unknown,Not the first voyage (or unknown) of both the captain and the outfitter,0,0,0,35,0,3,0,38.33191680908203,1,1.019665,2.8394012,Nation at peace,No major European war or nation at war,137.3,0,Unknown,Original goal thwarted or unknown,Voyage,David Richardson & Klas Rönnbäck,Investor,English,"Tomlinson-Knight papers, Liverpool Record Office, 380 MD 127",,Aston,,,,,91131,,,,1769,,,,,,,1,yes,yes,,,,01jul1769,,,,,,,,,,,1769,,,,,,1769,1770,91131,.1,4.9416423,4.9221683,Investor,3125824,7.4776044,1751-1775,West,,2555,0,3219,0,262654,0,330913.19,0,2555,3219,262654,330913.19,262.65399,5.5708375,1.9129933,1876.1,1.8760999,7.5369506,.25988257
DR073,West,2,English,1769,1769,173,143,412,1,10/14/1769,10/14/1769,,,,,,,11/30/1770,11/30/1770,,,,,,,13,10,4,1,Not first voyage or unknown,Not first voyage or unknown,Not the first voyage (or unknown) of both the captain and the outfitter,0,0,0,35,0,7,0,42.95030212402344,1,.94898516,3.1581104,Nation at peace,No major European war or nation at war,182.3,0,Voyage completed as intended,Voyage completed as intended,Voyage,David Richardson & Klas Rönnbäck,Investor,English,"Tomlinson-Knight papers, Liverpool Record Office, 380 MD 127",,Aston,,,,,91592,,,,1770,,,,,,,1,yes,yes,,,,01jul1770,,,,,,,,,,,1770,,,,,,1770,1771,91592,.1734104,5.1532917,5.2056537,Investor,3129361,7.4781699,1751-1775,West,6.0210233,3256,0,3539,0,332437.59,0,361331.91,0,3256,3539,332437.59,361331.91,332.43759,5.8064523,1.8235743,1921.6046,1.9216046,7.5609159,.086916462
DR074,"Mixed, unknown or not in Africa",2,English,,1771,,,,1,,,,,,,,,,,,,,,,,,,,,First voyage,First voyage,First voyage of both the captain and the outfitter,1,1,2,,,,,40.60084915161133,0,,3.2742622,Nation at peace,No major European war or nation at war,,,Unknown,Original goal thwarted or unknown,Voyage,David Richardson & Klas Rönnbäck,Investor,English,"Tomlinson-Knight papers, Liverpool Record Office, 380 MD 127",,Aston,,,,,,,,,1770,,,,,,,1,yes,yes,,Cannot find matching entry in TSTD,,01jul1770,,,,,,,,,,,1770,,,,,,1770,1771,,,,,Investor,3136441,7.4792995,1751-1775,"Mixed, unknown or not in Africa",,6816,0,7672,0,695913.63,0,791750.38,0,6816,7672,695913.63,791750.38,695.91364,6.5452256,,,,,.12558685
DR075,West,2,English,1771,1771,210,130,345,1,06/26/1771,06/26/1771,,,,,,,06/05/1772,06/05/1772,,,,,,,18,12,5,2,Not first voyage or unknown,Not first voyage or unknown,Not the first voyage (or unknown) of both the captain and the outfitter,0,0,0,35,0,7,0,40.60084915161133,1,1.1519474,3.2742622,Nation at peace,No major European war or nation at war,182.3,.38,Voyage completed as intended,Voyage completed as intended,Voyage,David Richardson & Klas Rönnbäck,Investor,English,"Tomlinson-Knight papers, Liverpool Record Office, 380 MD 127",,Aston,,,,,91593,,,,1771,,,,,,,1,yes,yes,,,,01jul1771,,,,,,,,,,,1771,,,,,,1771,1772,91593,.38095239,5.3471074,5.2056537,Investor,3136441,7.4792995,1751-1775,West,5.8435445,3547,0,3133,0,363567.5,0,323325.59,0,3547,3133,363567.5,323325.59,363.5675,5.8959651,1.9943362,1731.2738,1.7312738,7.4566126,-.11671835
DR076,"Mixed, unknown or not in Africa",2,English,,1772,,,,1,,,,,,,,,,,,,,,,,,,,,First voyage,First voyage,First voyage of both the captain and the outfitter,1,1,2,,,,,39.52737426757813,0,,2.3955984,Nation at peace,No major European war or nation at war,,,Unknown,Original goal thwarted or unknown,Voyage,David Richardson & Klas Rönnbäck,Investor,English,"Tomlinson-Knight papers, Liverpool Record Office, 380 MD 127",,Aston,,,,,,,,,1771,,,,,,,1,yes,yes,,Cannot find matching entry in TSTD,,01jul1771,,,,,,,,,,,1771,,,,,,1771,1772,,,,,Investor,3139984,7.4798641,1751-1775,"Mixed, unknown or not in Africa",,5752,0,3176,0,589580,0,343643.19,0,5752,3176,589580,343643.19,589.58002,6.3794103,,,,,-.44784424
DR077,West,2,English,1764,1764,101,90,,1,03/05/1764,03/05/1764,,,,,,,,,,,,,,,2,2,0,0,Not first voyage or unknown,First voyage,First voyage of only one of the captain or the outfitter,1,0,1,35,0,2,0,33.98003005981445,1,1.7939609,3.614897,Nation at peace,No major European war or nation at war,56.299999,0,Voyage completed as intended,Voyage completed as intended,Voyage,David Richardson & Klas Rönnbäck,Investor,English,"Tomlinson-Knight papers, Liverpool Record Office, 380 MD 127",,Blackjoke,,,,,91134,,,,1764,,,,,,,1,yes,yes,,,,01jul1764,,,,,,,,,,,1764,,,,,,1764,1765,91134,.10891089,4.6151204,4.0306945,Investor,3111696,7.4753394,1751-1775,West,,1776,0,1572,0,192696,0,168361.2,0,1776,1572,192696,168361.2,192.696,5.2611136,3.4226644,1907.8812,1.9078813,7.5537486,-.11486486
DR078,West,2,English,1765,1765,101,90,332,1,02/18/1765,02/18/1765,,,,,,,01/16/1766,01/16/1766,,,,,,,4,4,1,1,Not first voyage or unknown,Not first voyage or unknown,Not the first voyage (or unknown) of both the captain and the outfitter,0,0,0,35,0,2,0,35.30036544799805,1,1.7939609,3.602078,Nation at peace,No major European war or nation at war,56.299999,0,Voyage completed as intended,Voyage completed as intended,Voyage,David Richardson & Klas Rönnbäck,Investor,English,"Tomlinson-Knight papers, Liverpool Record Office, 380 MD 127",,Blackjoke,,,,,91135,,,,1766,,,,,,,1,yes,yes,,,,01jul1766,,,,,,,,,,,1766,,,,,,1766,1767,91135,.10891089,4.6151204,4.0306945,Investor,3115225,7.4759059,1751-1775,West,5.8051348,1560,0,1362,0,161460,0,140967,0,1560,1362,161460,140967,161.46001,5.0842576,2.867851,1598.6139,1.5986139,7.3768921,-.12692308
DR079,West,2,English,1766,1766,69,61,276,1,04/11/1766,04/11/1766,,,,,,,01/12/1767,01/12/1767,,,,,,,7,6,0,0,Not first voyage or unknown,First voyage,First voyage of only one of the captain or the outfitter,1,0,1,35,0,5,0,40.76676559448242,1,1.2255772,3.5760322,Nation at peace,No major European war or nation at war,56.299999,0,Voyage completed as intended,Voyage completed as intended,Voyage,David Richardson & Klas Rönnbäck,Investor,English,"Tomlinson-Knight papers, Liverpool Record Office, 380 MD 127",,Blackjoke,,,,,91299,,,,1767,,,,,,,1,yes,yes,,,,01jul1767,,,,,,,,,,,1767,,,,,,1767,1768,91299,.11594203,4.2341065,4.0306945,Investor,3118756,7.4764724,1751-1775,West,5.6204009,1588,0,1256,0,164040.41,0,129744.8,0,1588,1256,164040.41,129744.8,164.04041,5.1001129,2.9136839,2377.3972,2.3773973,7.7737617,-.20906802
DR080,"Mixed, unknown or not in Africa",2,English,,1764,,,,1,,,,,,,,,,,,,,,,,,,,,First voyage,First voyage,First voyage of both the captain and the outfitter,1,1,2,,,,,33.98003005981445,0,,3.614897,Nation at peace,No major European war or nation at war,,,Unknown,Original goal thwarted or unknown,Voyage,David Richardson & Klas Rönnbäck,Investor,English,"Tomlinson-Knight papers, Liverpool Record Office, 380 MD 127",,Hope,,,,,,,,,1763,,,,,,,1,yes,yes,,Cannot find matching entry in TSTD,,01jul1763,,,,,,,,,,,1763,,,,,,1763,1764,,,,,Investor,3111696,7.4753394,1751-1775,"Mixed, unknown or not in Africa",,1884,0,1164,0,197254.8,0,124664.4,0,1884,1164,197254.8,124664.4,197.25479,5.2844963,,,,,-.38216561
DR081,"Mixed, unknown or not in Africa",2,English,,1765,,,,1,,,,,,,,,,,,,,,,,,,,,First voyage,First voyage,First voyage of both the captain and the outfitter,1,1,2,,,,,35.30036544799805,0,,3.602078,Nation at peace,No major European war or nation at war,,,Unknown,Original goal thwarted or unknown,Voyage,David Richardson & Klas Rönnbäck,Investor,English,"Tomlinson-Knight papers, Liverpool Record Office, 380 MD 127",,Hope,,,,,,,,,1764,,,,,,,1,yes,yes,,Cannot find matching entry in TSTD,,01jul1764,,,,,,,,,,,1764,,,,,,1764,1765,,,,,Investor,3115225,7.4759059,1751-1775,"Mixed, unknown or not in Africa",,1104,0,1926,0,119784,0,199341,0,1104,1926,119784,199341,119.784,4.7856903,,,,,.74456519
DR082,"Mixed, unknown or not in Africa",2,English,,1763,,,,1,,,,,,,,,,,,,,,,,,,,,First voyage,First voyage,First voyage of both the captain and the outfitter,1,1,2,,,,,36.49938201904297,0,,3.8020189,Nation at war,No major European war or nation at war,,,Unknown,Original goal thwarted or unknown,Voyage,David Richardson & Klas Rönnbäck,Investor,English,"Tomlinson-Knight papers, Liverpool Record Office, 380 MD 127",,Knight,,,,,,,,,1762,,,,,,,1,yes,yes,,Cannot find matching entry in TSTD,,01jul1762,,,,,,,,,,,1762,,,,,,1762,1763,,,,,Investor,3108169,7.474772,1751-1775,"Mixed, unknown or not in Africa",,5840,0,9760,0,609696,0,1058960,0,5840,9760,609696,1058960,609.69598,6.4129605,,,,,.67123288
DR083,Gulf of Guinea,2,English,1767,1767,453,370,306,1,06/05/1767,06/05/1767,,,,,,,04/06/1768,04/06/1768,,,,,,,8,1,0,0,Not first voyage or unknown,First voyage,First voyage of only one of the captain or the outfitter,1,0,1,35,0,2,0,35.98126983642578,1,2.484915,3.1018336,Nation at peace,No major European war or nation at war,182.3,0,Voyage completed as intended,Voyage completed as intended,Voyage,David Richardson & Klas Rönnbäck,Investor,English,"Tomlinson-Knight papers, Liverpool Record Office, 380 MD 127",,Knight,,,,,91186,,,,1766,,,,,,,1,yes,yes,,,,01jul1766,,,,,,,,,,,1766,,,,,,1766,1767,91186,.18322296,6.1158919,5.2056537,Investor,3122289,7.4770384,1751-1775,Gulf of Guinea,5.7235851,7136,0,8056,0,738576,0,841046.38,0,7136,8056,738576,841046.38,738.57599,6.6047239,4.0514317,1630.4105,1.6304106,7.3965869,.12892377
DR084,Gulf of Guinea,2,English,1768,1768,352,287,265,1,04/16/1768,04/16/1768,,,,,,,01/06/1769,01/06/1769,,,,,,,10,2,1,1,Not first voyage or unknown,Not first voyage or unknown,Not the first voyage (or unknown) of both the captain and the outfitter,0,0,0,35,0,2,0,38.33191680908203,1,1.9308832,2.8394012,Nation at peace,No major European war or nation at war,182.3,0,Voyage completed as intended,Voyage completed as intended,Voyage,David Richardson & Klas Rönnbäck,Investor,English,"Tomlinson-Knight papers, Liverpool Record Office, 380 MD 127",,Knight,,,,,91187,,,,1768,,,,,,,1,yes,yes,,,,01jul1768,,,,,,,,,,,1768,,,,,,1768,1769,91187,.18465909,5.8636312,5.2056537,Investor,3125824,7.4776044,1751-1775,Gulf of Guinea,5.57973,6048,0,8320,0,631411.19,0,855296,0,6048,8320,631411.19,855296,631.41119,6.4479575,3.463583,1793.7819,1.7937819,7.4920816,.37566137
DR085,"Mixed, unknown or not in Africa",2,English,,1769,,,,1,,,,,,,,,,,,,,,,,,,,,First voyage,First voyage,First voyage of both the captain and the outfitter,1,1,2,,,,,42.95030212402344,0,,3.1581104,Nation at peace,No major European war or nation at war,,,Unknown,Original goal thwarted or unknown,Voyage,David Richardson & Klas Rönnbäck,Investor,English,"Tomlinson-Knight papers, Liverpool Record Office, 380 MD 127",,Knight,,,,,,,,,1768,,,,,,,1,yes,yes,,Cannot find matching entry in TSTD,,01jul1768,,,,,,,,,,,1768,,,,,,1768,1769,,,,,Investor,3129361,7.4781699,1751-1775,"Mixed, unknown or not in Africa",,6568,0,6816,0,685699.19,0,695913.63,0,6568,6816,685699.19,695913.63,685.69916,6.5304389,,,,,.037758831
DR086,Gulf of Guinea,2,English,1769,1769,410,377,302,1,02/23/1769,02/23/1769,,,,,,,12/22/1769,12/22/1769,,,,,,,13,3,1,1,Not first voyage or unknown,Not first voyage or unknown,Not the first voyage (or unknown) of both the captain and the outfitter,0,0,0,35,0,7,0,42.95030212402344,1,2.2490399,3.1581104,Nation at peace,No major European war or nation at war,182.3,.079999998,Voyage completed as intended,Voyage completed as intended,Voyage,David Richardson & Klas Rönnbäck,Investor,English,"Tomlinson-Knight papers, Liverpool Record Office, 380 MD 127",,Knight,,,,,91188,,,,1769,,,,,,,1,yes,yes,,,,01jul1769,,,,,,,,,,,1769,,,,,,1769,1770,91188,.080487803,6.0161572,5.2056537,Investor,3129361,7.4781699,1751-1775,Gulf of Guinea,5.7104268,6136,0,7560,0,630780.81,0,771876,0,6136,7560,630780.81,771876,630.78082,6.4469585,3.4601252,1538.4899,1.5384898,7.3385568,.23207301
DR087,"Mixed, unknown or not in Africa",2,English,1770,1770,0,0,,1,02/18/1770,02/18/1770,,,,,,,,,,,,,,,16,0,1,1,Not first voyage or unknown,Not first voyage or unknown,Not the first voyage (or unknown) of both the captain and the outfitter,0,1,1,35,0,3,0,41.31495666503906,0,,3.6561909,Nation at peace,No major European war or nation at war,182.3,0,Original goal thwarted before disembarking enslaved people,Original goal thwarted or unknown,Voyage,David Richardson & Klas Rönnbäck,Investor,English,"Tomlinson-Knight papers, Liverpool Record Office, 380 MD 127",,Knight,,,,,91189,,,,1770,,,,,,,1,yes,yes,,,,01jul1770,,,,,,,,,,,1770,,,,,,1770,1771,91189,0,,5.2056537,Investor,3132900,7.478735,1751-1775,"Mixed, unknown or not in Africa",,6592,0,5888,0,673043.19,0,603520,0,6592,5888,673043.19,603520,673.04321,6.5118093,3.6919539,,,,-.10679612
DR088,Gulf of Guinea,2,English,1761,1761,304,270,478,1,12/12/1761,12/12/1761,,,,,,,04/04/1763,04/04/1763,,,,,,,13,12,19,14,Not first voyage or unknown,Not first voyage or unknown,Not the first voyage (or unknown) of both the captain and the outfitter,0,0,0,148,0,154,0,28.41597747802734,1,2.3694465,3.3041832,Nation at war,No major European war or nation at war,128.3,0,Voyage completed as intended,Voyage completed as intended,Voyage,David Richardson & Klas Rönnbäck,Investor,English,"Tomlinson-Knight papers, Liverpool Record Office, 380 MD 127",,Lively,,,,,90853,,,,1762,,,,,,,1,yes,yes,,,,01jul1762,,,,,,,,,,,1762,,,,,,1762,1763,90853,.1118421,5.7170277,4.8543711,Investor,3101121,7.4736371,1751-1775,Gulf of Guinea,6.1696105,3616,0,1936,0,377510.41,0,202118.41,0,3616,1936,377510.41,202118.41,377.51041,5.933598,2.9424038,1241.8105,1.2418106,7.1243258,-.46460176
DR089,Gulf of Guinea,2,English,1763,1763,234,208,401,1,07/18/1763,07/18/1763,,,,,,,08/22/1764,08/22/1764,,,,,,,18,17,24,19,Not first voyage or unknown,Not first voyage or unknown,Not the first voyage (or unknown) of both the captain and the outfitter,0,0,0,148,0,154,0,36.49938201904297,1,1.8238503,3.8020189,Nation at war,No major European war or nation at war,128.3,0,Voyage completed as intended,Voyage completed as intended,Voyage,David Richardson & Klas Rönnbäck,Investor,English,"Tomlinson-Knight papers, Liverpool Record Office, 380 MD 127",,Lively,,,,,90854,,,,1763,,,,,,,1,yes,yes,,,,01jul1763,,,,,,,,,,,1763,,,,,,1763,1764,90854,.11111111,5.4553213,4.8543711,Investor,3108169,7.474772,1751-1775,Gulf of Guinea,5.9939613,3872,0,4088,0,405398.41,0,443548,0,3872,4088,405398.41,443548,405.39841,6.0048704,3.1597693,1732.4718,1.7324718,7.4573045,.055785123
DR090,West,2,English,1767,1767,271,240,353,1,03/27/1767,03/27/1767,,,,,,,03/14/1768,03/14/1768,,,,,,,8,7,1,1,Not first voyage or unknown,Not first voyage or unknown,Not the first voyage (or unknown) of both the captain and the outfitter,0,0,0,35,0,5,0,35.98126983642578,1,2.112237,3.1018336,Nation at peace,No major European war or nation at war,128.3,0,Voyage completed as intended,Voyage completed as intended,Voyage,David Richardson & Klas Rönnbäck,Investor,English,"Tomlinson-Knight papers, Liverpool Record Office, 380 MD 127",,Lively,,,,,91192,,,,1768,,,,,,,1,yes,yes,,,,01jul1768,,,,,,,,,,,1768,,,,,,1768,1769,91192,.11439114,5.602119,4.8543711,Investor,3122289,7.4770384,1751-1775,West,5.866468,2669,0,3029,0,278643.59,0,316227.59,0,2669,3029,278643.59,316227.59,278.64359,5.6299334,2.1718128,1028.2051,1.028205,6.9355698,.13488197
DR091,West,2,English,1768,1768,135,120,318,1,05/17/1768,05/17/1768,,,,,,,03/31/1769,03/31/1769,,,,,,,10,8,2,2,Not first voyage or unknown,Not first voyage or unknown,Not the first voyage (or unknown) of both the captain and the outfitter,0,0,0,35,0,5,0,38.33191680908203,1,1.0522213,2.8394012,Nation at peace,No major European war or nation at war,128.3,0,Voyage completed as intended,Voyage completed as intended,Voyage,David Richardson & Klas Rönnbäck,Investor,English,"Tomlinson-Knight papers, Liverpool Record Office, 380 MD 127",,Lively,,,,,91193,,,,1768,,,,,,,1,yes,yes,,,,01jul1768,,,,,,,,,,,1768,,,,,,1768,1769,91193,.11111111,4.9052749,4.8543711,Investor,3125824,7.4776044,1751-1775,West,5.7620516,2597,0,2803,0,271126.81,0,288148.41,0,2597,2803,271126.81,288148.41,271.1268,5.6025867,2.1132252,2008.3467,2.0083468,7.6050673,.079322293
DR092,West,2,English,1769,1769,124,110,448,1,06/23/1769,06/23/1769,,,,,,,09/14/1770,09/14/1770,,,,,,,13,10,0,0,Not first voyage or unknown,First voyage,First voyage of only one of the captain or the outfitter,1,0,1,35,0,1,1,42.95030212402344,1,.96648479,3.1581104,Nation at peace,No major European war or nation at war,128.3,0,Voyage completed as intended,Voyage completed as intended,Voyage,David Richardson & Klas Rönnbäck,Investor,English,"Tomlinson-Knight papers, Liverpool Record Office, 380 MD 127",,Lively,,,,,91194,,,,1769,,,,,,,1,yes,yes,,,,01jul1769,,,,,,,,,,,1769,,,,,,1769,1770,91194,.11290322,4.8202815,4.8543711,Investor,3129361,7.4781699,1751-1775,West,6.1047931,2765,0,3627,0,284242,0,370316.69,0,2765,3627,284242,370316.69,284.242,5.649826,2.2154481,2292.2742,2.2922742,7.7372999,.31175408
DR093,West,2,English,1771,1771,148,131,374,1,02/19/1771,02/19/1771,,,,,,,02/28/1772,02/28/1772,,,,,,,18,12,5,2,Not first voyage or unknown,Not first voyage or unknown,Not the first voyage (or unknown) of both the captain and the outfitter,0,0,0,35,0,7,0,40.60084915161133,1,1.1535463,3.2742622,Nation at peace,No major European war or nation at war,128.3,0,Voyage completed as intended,Voyage completed as intended,Voyage,David Richardson & Klas Rönnbäck,Investor,English,"Tomlinson-Knight papers, Liverpool Record Office, 380 MD 127",,Lively,,,,,91713,,,,1771,,,,,,,1,yes,yes,,,,01jul1771,,,,,,,,,,,1771,,,,,,1771,1772,91713,.11486486,4.9972124,4.8543711,Investor,3136441,7.4792995,1751-1775,West,5.9242558,4227,0,4200,0,433267.5,0,433440,0,4227,4200,433267.5,433440,433.26749,6.0713553,3.3769875,2927.4829,2.9274828,7.9818983,-.0063875089
DR094,West,2,English,1773,1773,107,95,291,1,06/14/1773,06/14/1773,,,,,,,04/01/1774,04/01/1774,,,,,,,25,16,1,1,Not first voyage or unknown,Not first voyage or unknown,Not the first voyage (or unknown) of both the captain and the outfitter,0,0,0,35,0,3,0,46.71073913574219,1,.83398283,3.434613,Nation at peace,No major European war or nation at war,128.3,0,Voyage completed as intended,Voyage completed as intended,Voyage,David Richardson & Klas Rönnbäck,Investor,English,"Tomlinson-Knight papers, Liverpool Record Office, 380 MD 127",,Lively,,,,,91715,,,,1773,,,,,,,1,yes,yes,,,,01jul1773,,,,,,,,,,,1773,,,,,,1773,1774,91715,.11214953,4.6728287,4.8543711,Investor,3143529,7.4804282,1751-1775,West,5.6733232,3885,0,3731,0,420357,0,408171.41,0,3885,3731,420357,408171.41,420.35699,6.0411043,3.27636,3928.5701,3.92857,8.2760305,-.039639641
DR095,Gulf of Guinea,2,English,1771,1771,352,287,,1,07/03/1771,07/03/1771,,,,,,,,,,,,,,,18,5,4,3,Not first voyage or unknown,Not first voyage or unknown,Not the first voyage (or unknown) of both the captain and the outfitter,0,0,0,35,0,7,0,40.60084915161133,1,1.3070925,3.2742622,Nation at peace,No major European war or nation at war,269.29999,0,Voyage completed as intended,Voyage completed as intended,Voyage,David Richardson & Klas Rönnbäck,Investor,English,"Tomlinson-Knight papers, Liverpool Record Office, 380 MD 127",,Nanny,,,,,91772,,,,1771,,,,,,,1,yes,yes,,,,01jul1771,,,,,,,,,,,1771,,,,,,1771,1772,91772,.18465909,5.8636312,5.5958261,Investor,3136441,7.4792995,1751-1775,Gulf of Guinea,,8124,0,6120,0,832710,0,631584,0,8124,6120,832710,631584,832.71002,6.7246857,3.092128,2365.6536,2.3656535,7.7688098,-.24667652
DR096,"Mixed, unknown or not in Africa",2,English,1773,1773,0,0,,1,12/13/1773,12/13/1773,,,,,,,,,,,,,,,25,1,1,0,Not first voyage or unknown,Not first voyage or unknown,Not the first voyage (or unknown) of both the captain and the outfitter,1,0,1,35,0,2,0,46.71073913574219,0,,3.434613,Nation at peace,No major European war or nation at war,182.3,0,Original goal thwarted before disembarking enslaved people,Original goal thwarted or unknown,Voyage,David Richardson & Klas Rönnbäck,Investor,English,"Tomlinson-Knight papers, Liverpool Record Office, 380 MD 127",,Aston,,,,,91841,,,,1773,,,,,,,1,yes,yes,,,,01jul1773,,,,,,,,,,,1773,,,,,,1773,1774,91841,0,,5.2056537,Investor,3143529,7.4804282,1751-1775,"Mixed, unknown or not in Africa",,7536,0,8240,0,815395.19,0,901456,0,7536,8240,815395.19,901456,815.3952,6.7036729,4.4728208,,,,.093418255
DR097,"Mixed, unknown or not in Africa",2,English,,1773,,,,1,,,,,,,,,,,,,,,,,,,,,First voyage,First voyage,First voyage of both the captain and the outfitter,1,1,2,,,,,46.71073913574219,0,,3.434613,Nation at peace,No major European war or nation at war,,,Unknown,Original goal thwarted or unknown,Voyage,David Richardson & Klas Rönnbäck,Investor,English,"Tomlinson-Knight papers, Liverpool Record Office, 380 MD 127",,Hope,,,,,,,,,1772,,,,,,,1,yes,yes,,Cannot find matching entry in TSTD,,01jul1772,,,,,,,,,,,1772,,,,,,1772,1773,,,,,Investor,3143529,7.4804282,1751-1775,"Mixed, unknown or not in Africa",,2421,0,2893,0,249847.2,0,316494.19,0,2421,2893,249847.2,316494.19,249.8472,5.5208497,,,,,.19496076
DR098,Gulf of Guinea,2,English,1765,1765,401,327,674,1,06/05/1765,06/05/1765,,,,,,,04/10/1767,04/10/1767,,,,,,,4,0,11,3,Not first voyage or unknown,Not first voyage or unknown,Not the first voyage (or unknown) of both the captain and the outfitter,0,1,1,35,0,13,0,35.30036544799805,1,2.1996708,3.602078,Nation at peace,No major European war or nation at war,182.3,0,Voyage completed as intended,Voyage completed as intended,Voyage,David Richardson & Klas Rönnbäck,Investor,English,"Tomlinson-Knight papers, Liverpool Record Office, 380 MD 127",,Knight,,,,,91185,,,,1765,,,,,,,1,yes,yes,,,,01jul1765,,,,,,,,,,,1765,,,,,,1765,1766,91185,.18453865,5.9939613,5.2056537,Investor,3115225,7.4759059,1751-1775,Gulf of Guinea,6.5132303,4317,0,2880,0,462350.69,0,298080,0,4317,2880,462350.69,298080,462.35068,6.1363235,2.5362077,1152.9943,1.1529943,7.0501175,-.33287004
DR099,West,2,English,1772,1772,148,131,245,1,08/17/1772,08/17/1772,,,,,,,04/19/1773,04/19/1773,,,,,,,23,15,0,0,Not first voyage or unknown,First voyage,First voyage of only one of the captain or the outfitter,1,0,1,35,0,3,0,39.52737426757813,1,1.1535463,2.3955984,Nation at peace,No major European war or nation at war,128.3,0,Voyage completed as intended,Voyage completed as intended,Voyage,David Richardson & Klas Rönnbäck,Investor,English,"Tomlinson-Knight papers, Liverpool Record Office, 380 MD 127",,Lively,,,,,91714,,,,1772,,,,,,,1,yes,yes,,,,01jul1772,,,,,,,,,,,1772,,,,,,1772,1773,91714,.11486486,4.9972124,4.8543711,Investor,3139984,7.4798641,1751-1775,West,5.5012584,2688,0,2955,0,277401.59,0,319731,0,2688,2955,277401.59,319731,277.40158,5.6254663,2.1621323,1874.335,1.8743349,7.5360093,.099330358
DR100,Gulf of Guinea,2,English,1772,1772,352,287,346,1,09/28/1772,09/28/1772,,,,,,,09/09/1773,09/09/1773,,,,,,,23,7,5,4,Not first voyage or unknown,Not first voyage or unknown,Not the first voyage (or unknown) of both the captain and the outfitter,0,0,0,35,0,7,0,39.52737426757813,1,1.3070925,2.3955984,Nation at peace,No major European war or nation at war,269.29999,0,Voyage completed as intended,Voyage completed as intended,Voyage,David Richardson & Klas Rönnbäck,Investor,English,"Tomlinson-Knight papers, Liverpool Record Office, 380 MD 127",,Nanny,,,,,91773,,,,1772,,,,,,,1,yes,yes,,,,01jul1772,,,,,,,,,,,1772,,,,,,1772,1773,91773,.18465909,5.8636312,5.5958261,Investor,3139984,7.4798641,1751-1775,Gulf of Guinea,5.8464389,8556,0,9066,0,882979.19,0,980941.19,0,8556,9066,882979.19,980941.19,882.97919,6.7833018,3.2787941,2508.4636,2.5084636,7.827426,.059607293
DR101,Gulf of Guinea,1,English,1759,1759,352,288,,1,05/28/1759,05/28/1759,,,,,,,,,,,,,,,0,0,53,33,First voyage,Not first voyage or unknown,First voyage of only one of the captain or the outfitter,0,1,1,13,0,72,0,24.31369972229004,1,3.1912963,3.6838939,Nation at war,No major European war or nation at war,110.3,0,Original goal thwarted before disembarking enslaved people,Original goal thwarted or unknown,Voyage,David Richardson & Klas Rönnbäck,Investor,English,"Hasell papers, private collection",,Ferret,,"Goad, John",,,90795,,,,,,,,,,,.125,yes,with estimates,,,,,,,,,,,,,,,,,,,,,,,90795,.18181819,5.8636312,4.7032042,Investor,3094081,7.4725008,1751-1775,Gulf of Guinea,,485.57999,0,386.25,0,49869.066,0,39822.375,0,485.57999,386.25,49869.066,39822.375,398.95255,5.9888425,3.6169767,1133.3879,1.1333879,7.0329666,-.20455948
DR102,West,1,English,1792,1792,232,260,340,1,05/19/1792,05/19/1792,,,,,,,04/24/1793,04/24/1793,,,,,,,17,4,18,9,Not first voyage or unknown,Not first voyage or unknown,Not the first voyage (or unknown) of both the captain and the outfitter,0,0,0,28,0,21,0,62.7479133605957,1,1.2677596,3.1373956,Nation at peace,Nation neutral during a major European war,183,0,Voyage completed as intended,Voyage completed as intended,Voyage,David Richardson & Klas Rönnbäck,Investor,English,"Richardson 1996, ship 1792/13",,Fanny,,"Rogers, James",,,18139,,,,1792,,,,,,,1,with estimates,with estimates,,,,01jul1792,,,,,,,,,,,1792,,,,,,1792,1793,18139,0,5.4467373,5.209486,Investor,3211264,7.4910874,1776-1800,West,5.8289456,8379,0,9633,0,903256.19,0,1069263,0,8379,9633,903256.19,1069263,903.25616,6.8060064,4.9358258,3893.3455,3.8933454,8.267024,.14965986
DR103,West,1,English,1792,1792,159,129,276,1,04/10/1792,04/10/1792,,,,,,,01/11/1793,01/11/1793,,,,,,,17,4,0,0,Not first voyage or unknown,First voyage,First voyage of only one of the captain or the outfitter,1,0,1,28,0,1,1,62.7479133605957,0,1.65625,3.1373956,Nation at peace,Nation neutral during a major European war,96,.19,Voyage completed as intended,Voyage completed as intended,Voyage,David Richardson & Klas Rönnbäck,Investor,English,"Richardson 1996, ship 1792/26",,Mermaid,,"Rogers, James",,,18152,,,,1792,,,,,,,1,with estimates,with estimates,,,,01jul1792,,,,,,,,,,,1792,,,,,,1792,1793,18152,.18867925,5.0689044,4.5643482,Investor,3211264,7.4910874,1776-1800,West,5.6204009,7293,0,4988,0,786185.38,0,553668,0,7293,4988,786185.38,553668,786.18536,6.6671925,8.1894312,4944.562,4.944562,8.5060434,-.31605649
DR177,Gulf of Guinea,1,English,1792,1792,200,135,214,1,04/15/1792,04/15/1792,,,,,,,11/15/1792,11/15/1792,,,,,,,5,3,11,9,Not first voyage or unknown,Not first voyage or unknown,Not the first voyage (or unknown) of both the captain and the outfitter,0,0,0,6,0,13,0,62.7479133605957,1,1.6806723,3.1373956,Nation at peace,Nation neutral during a major European war,119,.33000001,Voyage completed as intended,Voyage completed as intended,Voyage,David Richardson & Klas Rönnbäck,Investor,English,"Richardson 1996, ship 1792/12",,Fame,,,,,18138,,,,1792,,,,,,,1,with estimates,with estimates,,,,01jul1792,,,,,,,,,,,1792,,,,,,1792,1793,18138,.32499999,5.2983174,4.7791233,Investor,3211264,7.4910874,1776-1800,Gulf of Guinea,5.3659759,5259,0,3197,0,566920.19,0,354867,0,5259,3197,566920.19,354867,566.92017,6.3402185,4.7640352,2834.6008,2.8346009,7.9496565,-.39208975
GD001,Gulf of Guinea,2,French,1766,1766.5,180.5,156.75,452.75,4,06/07/1769,06/09/1763,09/08/1765,06/30/1767,06/07/1769,,,,09/13/1770,11/22/1764,11/03/1766,07/29/1768,09/13/1770,,,,20,14,0,0,Not first voyage or unknown,First voyage,First voyage of only one of the captain or the outfitter,1,0,1,63,0,2,.5,37.64065361022949,.25,1.1880168,3.3036218,Nation at peace,No major European war or nation at war,168.8,.1025,Voyage completed as intended,Voyage completed as intended,Ship,Guillaume Daudin,Investor,French,"Meyer (1969), p. 232 and p. 398-399",1764-09-08,Le Saint-Claude,Fournier/Fournier/Fournier/Fournier,Bertrand de Cœuvre,Bouteiller Père et Fils/Bouteiller Père et Fils/Bouteiller Père et Fils/Bouteiller Père et Fils,GD001/GD011/GD012/GD057,30749 / 30820 / 30869 / 30913,,Various,Port au Prince,,1764,,,,,,.078125,yes,yes,,"GD011 and GD012 are individual ventures of this ship. I had to compute total of all expenditure in the cashflow data base. Every venture has its own comptability, p379. various share of the ship for several ventures ",,,9,08sep1764,,01jul1764,,,,,,,,1764,1764,,,,1764,1764,30749 / 30820 / 30869 / 30913,.13157895,5.1957307,5.1287146,Investor,3120522.3,7.4767556,1751-1775,Gulf of Guinea,6.1153402,71252.148,0,74800.18,0,317357.06,0,325906.56,0,71252.148,74800.18,317357.06,325906.56,1015.5426,6.9231782,6.0162477,5626.2749,5.6262751,8.6352024,.04979543
GD002,Gulf of Guinea,2,French,1764,1765,220,178,708,1,05/17/1764,05/17/1764,,,,,,,04/25/1766,04/25/1766,,,,,,,0,0,0,0,First voyage,First voyage,First voyage of both the captain and the outfitter,1,1,2,5,0,3,0,35.30036544799805,0,1.206802,3.602078,Nation at peace,No major European war or nation at war,182.3,.19,Voyage completed as intended,Voyage completed as intended,Voyage,Guillaume Daudin,Investor,French,"Meyer (1969), p. 400-401 and 427",,Le Saint-René,,Bertrand de Cœuvre,Geslin,,30779,,Adra,,,1764,,,,,,.015625,yes,yes,,,,,,,,01jul1764,,,,,,,,,1764,,,,1764,1764,30779,.19090909,5.3936276,5.2056537,Investor,3115225,7.4759059,1751-1775,Gulf of Guinea,6.5624442,1928.7208,0,2361.2166,0,8590.5225,0,10516.859,0,1928.7208,2361.2166,8590.5225,10516.859,549.79346,6.3095427,3.015872,2499.0613,2.4990613,7.8236704,.22423968
GD003,Gulf of Guinea,2,French,1768.8572,1769.4286,495.4285714285714,425.57144,423.71429,7,11/23/1774,06/09/1763,04/28/1765,05/26/1767,06/07/1769,11/09/1771,10/15/1773,11/23/1774,11/11/1775,10/10/1764,07/12/1766,07/22/1768,07/28/1770,04/01/1773,09/16/1774,11/11/1775,20,14,0,0,Not first voyage or unknown,First voyage,First voyage of only one of the captain or the outfitter,1,0,1,63,0,3.1428571,.2857143,40.37205995832171,.5714286,1.7569987,3.067076,Nation at peace,No major European war or nation at war,285.07144,.078571424,Original goal thwarted after disembarking enslaved people,Voyage completed as intended,Ship,Guillaume Daudin,Investor,French,"Meyer (1969), p. 400-401 and 422-425",,Le Saint-Hilaire,/Devigne/Devigne/Devigne/Devigne/Devigne/La Causse/La Causse,Bertrand de Cœuvre,Bouteiller Père et Fils/Bouteiller Père et Fils/Bouteiller Père et Fils/Bouteiller Père et Fils/Bouteiller Père et Fils/Bouteiller Père et Fils/Bouteiller Père et Fils,,30750 / 30810 / 30866 / 30914 / 30961 / 30997 / 31022,,Various,,,1765,,,,,,.1875,yes,yes,,"Show 7 outfitting expenditures with 6 years. I assume the first two are the same year (1765), as returns only start in 1766. STDT says the first expedition was 1764 ?",,,,,,01jul1765,,,,,,,,,1765,,,,1765,1765,30750 / 30810 / 30866 / 30914 / 30961 / 30997 / 31022,.14100343,6.2054234,5.65274,Investor,3130877.5,7.4784122,1751-1775,Gulf of Guinea,6.0490594,280042.84,0,427062.53,0,1247310.8,0,1888202.9,0,280042.84,427062.53,1247310.8,1888202.9,950.33197,6.8568115,3.3336625,1918.2018,1.9182018,7.5591435,.52498996
GD004,South,2,French,1772,1772,172,171,462,1,02/20/1772,02/20/1772,,,,,,,05/27/1773,05/27/1773,,,,,,,11,6,0,0,Not first voyage or unknown,First voyage,First voyage of only one of the captain or the outfitter,1,0,1,17,0,5,0,39.52737426757813,0,1.1756665,2.3955984,Nation at peace,No major European war or nation at war,146.3,.0099999998,Voyage completed as intended,Voyage completed as intended,Voyage,Guillaume Daudin,Owner,French,"Rinchon (1956) p. 58-59 and Meyer (1969), p. 276 and 304-305",1772-02-20,La Glaneuse,,Bertrand de Cœuvre,De Guer,,30967,,"West Central Africa and St. Helena, port unspecified",,,1772,,,,,,1,yes,yes,,There was an error in slave sales. True returns corrected ,,,2,20feb1772,,01jul1772,,,,,,,,1772,1772,,,,1772,1772,30967,.0058139535,5.1474943,4.9856591,Owner,3139984,7.4798641,1751-1775,South,6.1355648,104755,0,129137.95,0,466578.78,0,575180.5,0,104755,129137.95,466578.78,575180.5,466.5788,6.1454268,3.1891921,2712.6675,2.7126675,7.9056878,.23276171
GD013,Gulf of Guinea,2,French,,1768,,,,1,,,,,,,,,,,,,,,,,,,0,0,First voyage,First voyage,First voyage of both the captain and the outfitter,1,1,2,,,1,1,38.33191680908203,0,,2.8394012,Nation at peace,No major European war or nation at war,,,Unknown,Original goal thwarted or unknown,Ship,Guillaume Daudin,Investor,French,"Meyer (1969), p. 408-409, 437 ",,Dom Carlos,Lynch,Bertrand de Cœuvre,,,,,Côte de Guinée,,1767,,,,,,,.083333333333333,yes,yes,,,,01jul1767,,,,,,,,,,,1767,,,,,,1767,1768,,,,,Investor,3125824,7.4776044,1751-1775,Gulf of Guinea,,5543.6099,0,3901.03,0,24691.238,0,17375.188,0,5543.6099,3901.03,24691.238,17375.188,296.29486,5.6913552,,,,,-.29630148
GD014,Gulf of Guinea,2,French,1777,1777,586,560,390,1,06/08/1777,06/08/1777,,,,,,,07/03/1778,07/03/1778,,,,,,,55,41,3,3,Not first voyage or unknown,Not first voyage or unknown,Not the first voyage (or unknown) of both the captain and the outfitter,0,0,0,63,0,4,0,34.7105598449707,1,1.7492537,2.2987125,Nation at peace,Nation neutral during a major European war,335,.039999999,Voyage completed as intended,Voyage completed as intended,Ship,Judith Jacquinot,Investor,French,"Meyer (1969), p. 394-395, p. 412-413",,La Généreuse,La Causse,Bertrand de Cœuvre,Bouteiller Père et Fils/Bouteiller Père et Fils,,31073,,Guinée,,,,,,,,,.1875,yes,yes,,Taken by the english in 1781,,,,,,,,,,,,,,,,,,,,,31073,.044368602,6.3733196,5.8141303,Investor,3157729,7.4826818,1776-1800,Gulf of Guinea,5.9661469,86603.945,0,108659.23,0,385733.97,0,482837.44,0,86603.945,108659.23,385733.97,482837.44,2057.2478,7.6291242,6.1410384,3510.6619,3.5106618,8.1635599,.25466833
GD015,Gulf of Guinea,2,French,1775,1775,328,249,387,1,05/16/1775,05/16/1775,,,,,,,06/06/1776,06/06/1776,,,,,,,48,37,4,4,Not first voyage or unknown,Not first voyage or unknown,Not the first voyage (or unknown) of both the captain and the outfitter,0,0,0,63,0,9,0,48.02420425415039,1,1.7263157,2.8416688,Nation at peace,Nation neutral during a major European war,190,0,Voyage completed as intended,Voyage completed as intended,Voyage,Judith Jacquinot,Investor,French,"Meyer (1969), p. 396-397, p. 417",,La Fille Unique,Del Guyot,Bertrand de Cœuvre,,,31030,,Côte d'Afrique ,,,,,,,,,.125,yes,yes,,The capitane on the tstd is named as « Tanquerel »,,,,,,,,,,,,,,,,,,,,,31030,.24085365,5.7930136,5.2470241,Investor,3150625,7.4815559,1751-1775,Gulf of Guinea,5.9584246,23264.313,0,23289.125,0,103619.25,0,100300.55,0,23264.313,23289.125,103619.25,100300.55,828.95398,6.7201648,4.3629155,2527.2988,2.5272989,7.8349066,.0010665477
GD016,Gulf of Guinea,2,French,1771,1771,250,209,523,1,10/30/1771,10/30/1771,,,,,,,04/05/1773,04/05/1773,,,,,,,40,32,0,0,Not first voyage or unknown,First voyage,First voyage of only one of the captain or the outfitter,1,0,1,63,0,1,1,40.60084915161133,0,1.5216068,3.2742622,Nation at peace,No major European war or nation at war,164.3,0,Voyage completed as intended,Voyage completed as intended,Voyage,Judith Jacquinot,Investor,French,"Meyer (1969), p. 396-397, p. 417",,La Marie-Anne,Boulmer,Bertrand de Cœuvre,,,30957,,Côte d'or,,,,,,,,,.1875,yes,yes,,,,,,,,,,,,,,,,,,,,,,,30957,.164,5.521461,5.1016941,Investor,3136441,7.4792995,1751-1775,Gulf of Guinea,6.2595816,21436.713,0,18544.787,0,95479.117,0,82495.352,0,21436.713,18544.787,95479.117,82495.352,509.22195,6.2328839,3.0993423,2036.8878,2.0368879,7.6191783,-.13490528
GD017,Gulf of Guinea,2,French,1768,1768,691,642,652,1,02/01/1768,02/01/1768,,,,,,,11/14/1769,11/14/1769,,,,,,,30,22,2,1,Not first voyage or unknown,Not first voyage or unknown,Not the first voyage (or unknown) of both the captain and the outfitter,0,0,0,63,0,3,0,38.33191680908203,1,1.891596,2.8394012,Nation at peace,No major European war or nation at war,365.29999,.07,Voyage completed as intended,Voyage completed as intended,Voyage,Judith Jacquinot,Investor,French,"Meyer (1969), p. 279, 304-305, 394-395, 413",1767-02-01,Le Maréchal de Luxembourg,Fancrel,Bertrand de Cœuvre,Bouteiller Père et Fils,,30879,,Côte d'or,,,,,,,,,.0475415096806399,yes,yes,,,,,2,01feb1767,,,,,,,,,,1767,,,,,,1767,30879,.07091172,6.5381398,5.9007187,Investor,3125824,7.4776044,1751-1775,Gulf of Guinea,6.4800444,20944.338,0,41823.242,0,93286.078,0,183584.08,0,20944.338,41823.242,93286.078,183584.08,1962.2026,7.5818229,5.3714828,2839.6565,2.8396566,7.9514384,.99687582
GD018,"Mixed, unknown or not in Africa",2,French,1772.2,1773,255,235.60001,410.60001,5,08/28/1777,08/07/1768,10/04/1770,05/13/1772,09/08/1774,08/28/1777,,,05/01/1778,08/28/1769,08/26/1771,09/15/1773,05/05/1776,05/01/1778,,,34,2,0,0,Not first voyage or unknown,First voyage,First voyage of only one of the captain or the outfitter,1,0,1,63,0,2.2,.40000001,42.59933090209961,.40000001,1.4126111,3.0014734,Nation at peace,No major European war or nation at war,199.37999,.044,Voyage completed as intended,Voyage completed as intended,Ship,Judith Jacquinot,Investor,French,"Meyer (1969), p. 396-397, p. 414-415",,Le Saint-Charles,Fouchez/Fouchez/Bloyet/Bloyer/David,Bertrand de Cœuvre,Bouteiller Père et Fils/Bouteiller Père et Fils/Bouteiller Père et Fils/Bouteiller Père et Fils/Bouteiller Père et Fils,,30890 / 30940 / 30974 / 31015 / 31079,,Côte d’Or / Côte d’Or / Côte d’Angola / Côte d’Angola / Sierra Leone et Saint-Domingue,,,,,,,,,.0875,yes,yes,,various share of the ship for several ventures,,,,,,,,,,,,,,,,,,,,,30890 / 30940 / 30974 / 31015 / 31079,.076078407,5.5412636,5.2952123,Investor,3143529,7.4804282,1751-1775,"Mixed, unknown or not in Africa",6.0176196,59731.129,0,87280.492,0,266042.44,0,384706.84,0,59731.129,87280.492,266042.44,384706.84,608.09698,6.4103346,3.0499399,2384.6941,2.3846941,7.7768259,.46122289
GD019,Gulf of Guinea,2,French,1775,1775,542,462,538,1,03/14/1775,03/14/1775,,,,,,,09/02/1776,09/02/1776,,,,,,,48,37,4,4,Not first voyage or unknown,Not first voyage or unknown,Not the first voyage (or unknown) of both the captain and the outfitter,0,0,0,63,0,7,0,48.02420425415039,1,3.1882353,2.8416688,Nation at peace,Nation neutral during a major European war,170,0,Voyage completed as intended,Voyage completed as intended,Voyage,Judith Jacquinot,Investor,French,"Meyer (1969), p. 396-397, p. 418",,La Concorde,Pacaud,Bertrand de Cœuvre,,,31024,,Côte d'Or ,,,,,,,,,.125,yes,yes,,,,,,,,,,,,,,,,,,,,,,,31024,.14760147,6.2952662,5.1357985,Investor,3150625,7.4815559,1751-1775,Gulf of Guinea,6.2878585,37013.07,0,36393.844,0,164856.22,0,160632.27,0,37013.07,36393.844,164856.22,160632.27,1318.8497,7.184515,7.7579398,2433.302,2.4333019,7.7970047,-.016729943
GD020,Gulf of Guinea,2,French,1768,1768.75,,,,4,10/11/1770,09/26/1766,06/03/1768,10/11/1770,,,,,09/06/1769,01/10/1768,09/06/1769,,,,,,27,19,0,0,Not first voyage or unknown,First voyage,First voyage of only one of the captain or the outfitter,1,0,1,63,0,5.5,.25,40.25362205505371,.5,1.6585308,3.3364716,Nation at peace,No major European war or nation at war,361.43335,.066809617,Original goal thwarted before disembarking enslaved people,Voyage completed as intended,Ship,Judith Jacquinot,Investor,French,"Meyer (1969), p. 398-399, p. 419-420",,Le Saint-Julien,Lynch/Pacaud/Pacaud/Pacaudd,Bertrand de Cœuvre,Bouteiller Père et Fils/Bouteiller Père et Fils/Bouteiller Père et Fils/Bouteiller Père et Fils,,30846 / 30885 / 30942 / ?,,Côte d'Or /Côte d’Or / Côte d’Or / Côte d’Or,,1766/1768/1769/1770,,,,,,,.125,yes,yes,,,,01jul1766,,,,,,,,,,,1766,,,,,,1766,1767,30846 / 30885 / 30942 / ?,.066809617,,5.8900776,Investor,3128476.5,7.4780283,1751-1775,Gulf of Guinea,,93046.594,0,130833.27,0,414429.53,0,581296.69,0,93046.594,130833.27,414429.53,581296.69,828.85907,6.7200503,2.2932556,,,,.40610492
GD021,South,2,French,1771,1773,,,,3,04/17/1772,03/06/1770,04/17/1772,,,,,,05/25/1773,05/30/1771,05/25/1773,,,,,,40,1,0,0,Not first voyage or unknown,First voyage,First voyage of only one of the captain or the outfitter,1,0,1,63,0,2,0,40.32231140136719,.33333334,1.7027102,2.8835962,Nation at peace,No major European war or nation at war,365.29999,.045000002,Voyage completed as intended,Voyage completed as intended,Ship,Judith Jacquinot,Investor,French,"Meyer (1969), p. 398-399, p. 420-421",,Le Saint-Guillaume,Beaumont/Beaumont/Beaumont,Bertrand de Cœuvre,Bouteiller Père et Fils/Bouteiller Père et Fils/Bouteiller Père et Fils,GD021/GD080,30931 / 30971 / ?,,Côte d'Angola / Côte d’Angola / Côte d’Angola,,1770/1772/1775,,,,,,,.0625,yes,yes,,The last voyage is not found in TSTD,,01jul1770,,,,,,,,,,,1770,,,,,,1770,1771,30931 / 30971 / ?,.045000002,,5.9007187,Investor,3143529,7.4804282,1751-1775,South,,66376.719,0,94812.797,0,295641.91,0,420011.03,0,66376.719,94812.797,295641.91,420011.03,1576.7568,7.3631253,4.3163342,,,,.42840439
GD023,West,2,French,,1793,,,,1,,,,,,,,,,,,,,,,,9,1,0,0,Not first voyage or unknown,First voyage,First voyage of only one of the captain or the outfitter,1,0,1,10,0,1,1,56.56270599365234,0,,4.5985937,Nation at war,No major European war or nation at war,,,Unknown,Original goal thwarted or unknown,Voyage,Judith Jacquinot,Investor,French,"Meyer (1969), p. 402-403, p. 428",,L'Union,Matenot,Bertrand de Cœuvre,Delaville,,,,Sénégal,,1792,,,,,,,.1,yes,yes,,No equivalent in the STDT. Signaled.,,01jul1792,,,,,,,,,,,1792,,,,,,1792,1793,,,,,Investor,3214849,7.4916453,1776-1800,West,,16936.5,30059,0,0,49115.852,42984.371,0,0,-13122.5,0,6131.4805,0,61.314804,4.1160212,,,,,-1
GD024,South,1,French,1788,1788,558,405,503,1,04/06/1788,04/06/1788,,,,,,,08/22/1789,08/22/1789,,,,,,,5,5,0,0,Not first voyage or unknown,First voyage,First voyage of only one of the captain or the outfitter,1,0,1,10,0,1,1,56.40606689453125,0,,3.0489767,Nation at peace,Nation neutral during a major European war,,0,Voyage completed as intended,Voyage completed as intended,Voyage,Judith Jacquinot,Investor,French,"Meyer (1969), p. 280, 289, 304-305, 402-403 and 428",1788-04-06,La Madame,Berthommé,Bertrand de Cœuvre,Delaville,,31248,,Mozambic,,,,,,,,405,.033333333333333,yes,with estimates,,Small différence between 304-305 and 402-403 : still coherent (see excel file). Uncertainty on the « reste à recouvrer »),,,4,06apr1788,,,,,,,,,,1788,,,,,,1788,31248,.27419356,6.3243589,,Investor,3196944,7.488853,1776-1800,South,6.2205901,12214.85,843.66669,17205.797,1420.4332,54404.941,3757.6914,66857.609,5880.5938,11371.183,15785.363,50647.25,60977.016,1519.4175,7.3260822,,2722.9705,2.7229705,7.9094787,.38819012
GD025,Gulf of Guinea,1,French,1787.25,1787.75,429,376.25,419.5,4,06/21/1790,06/21/1790,09/06/1788,10/15/1786,05/05/1785,,,,08/27/1791,08/27/1791,10/06/1789,02/05/1788,05/13/1786,,,,0,0,0,0,First voyage,First voyage,First voyage of both the captain and the outfitter,1,1,2,5.75,0,4.25,.5,60.50294208526611,.5,,3.4744523,Nation at peace,Nation neutral during a major European war,,.015,Voyage completed as intended,Voyage completed as intended,Ship,Judith Jacquinot,Investor,French,"Meyer (1969), p. 402-403, 428",,La Musette,Desageneaux/Cotte/Mary/Desageneaux,Bertrand de Cœuvre,Lincoln/Lincoln/Linclon/Lincoln,,31343 / 31263 / 31204 / 31159,,Côte d'Or ,,,,,,,,,.03125,yes,with estimates,,"contradictory information on the STDT about the several captain's names. Sums are mentionned as « to be recovered » but with 1791-92 accounts and the last returns are from 1797. Meyer indicates the last voyage was not for slave, but STDT says yes. I decide STDT must be right",,,,,,,,,,,,,,,,,,,,,31343 / 31263 / 31204 / 31159,.12296037,6.0614572,,Investor,3196050,7.4887133,1776-1800,Gulf of Guinea,6.0390635,33042.523,0,44286.379,0,139640.33,0,153369.77,0,33042.523,44286.379,139640.33,153369.77,1117.1227,7.0185118,,2604.0156,2.6040156,7.86481,.34028441
GD026,"Mixed, unknown or not in Africa",1,French,1788,1789.6666,,,,3,04/24/1789,06/08/1787,04/24/1789,,,,,,09/15/1790,08/15/1788,09/15/1790,,,,,,1,0,0,0,Not first voyage or unknown,First voyage,First voyage of only one of the captain or the outfitter,1,1,2,5.3333335,0,3.6666667,.66666669,59.1393305460612,.66666669,,3.0897081,Nation at peace,Nation neutral during a major European war,,.11,Voyage completed as intended,Voyage completed as intended,Ship,Judith Jacquinot,Investor,French,"Meyer (1969), p. 404-405, 429",,Le Saturne,Guyot/Cotte/Cotte,Bertrand de Cœuvre,Lincoln/Lincoln/Linclon,,31228 / 31288 /,,Côte d'Or / Côte d’Or / Mozambic ,,1787/1789/1791,,,,,,,.03125,yes,with estimates,,,,01jul1787,,,,,,,,,,,1787,,,,,,1787,1788,31228 / 31288 /,.11,,,Investor,3202906.8,7.4897847,1776-1800,"Mixed, unknown or not in Africa",,44208.332,0,35696.73,0,184558.97,0,94568.945,0,44208.332,35696.73,184558.97,94568.945,1968.629,7.5850925,,,,,-.19253388
GD027,Gulf of Guinea,2,French,1767,1768,373,246,573,1,11/21/1767,11/21/1767,,,,,,,06/16/1769,06/16/1769,,,,,,,1,1,1,1,Not first voyage or unknown,Not first voyage or unknown,Not the first voyage (or unknown) of both the captain and the outfitter,0,0,0,2,0,2,0,38.33191680908203,0,1.3548857,2.8394012,Nation at peace,No major European war or nation at war,275.29999,.34,Voyage completed as intended,Voyage completed as intended,Voyage,Judith Jacquinot,Investor,French,"Meyer (1969), p. 279,  287, 404-405, 430",,Le Mars,Terrien,Bertrand de Cœuvre,Darreche (Frères),,30875,,Côte d'or,,,,,,,,,.0625,yes,yes,,Good expenditure recovered from Meyer 404-405p and 289p.,,,,,,,,,,,,,,,,,,,,,30875,.34048256,5.9215784,5.6178613,Investor,3125824,7.4776044,1751-1775,Gulf of Guinea,6.3508859,9714.25,0,8870.0166,0,43267.27,0,39507.055,0,9714.25,8870.0166,43267.27,39507.055,692.27631,6.5399852,2.5146253,1855.9686,1.8559686,7.5261621,-.086906701
GD028,Gulf of Guinea,2,French,1764,1765,305,245,504,1,12/18/1764,12/18/1764,,,,,,,05/06/1766,05/06/1766,,,,,,,0,0,0,0,First voyage,First voyage,First voyage of both the captain and the outfitter,1,1,2,2,0,2,0,35.30036544799805,1,1.1078824,3.602078,Nation at peace,No major European war or nation at war,275.29999,.2,Voyage completed as intended,Voyage completed as intended,Ship,Judith Jacquinot,Investor,French,"Meyer (1969), p. 404-405, 430-431",,Les deux Nottons,de Belous,Bertrand de Cœuvre,Darreche (Frères),GD028/GD139,30794,,Côte d'Or,,1764,,,,,,,.0625,yes,yes,,No equivalent in the STDT. Has to be signaled,,01jul1764,,,,,,,,,,,1764,,,,,,1764,1765,30794,.19672132,5.7203116,5.6178613,Investor,3115225,7.4759059,1751-1775,Gulf of Guinea,6.2225761,13097.517,0,7540.1167,0,58336.34,0,33583.68,0,13097.517,7540.1167,58336.34,33583.68,933.38141,6.8388138,3.3904157,3060.2668,3.0602667,8.0262575,-.42430943
GD029,Gulf of Guinea,1,French,1789,1789,254,218,406,1,04/12/1789,04/12/1789,,,,,,,05/23/1790,05/23/1790,,,,,,,4,0,0,0,Not first voyage or unknown,First voyage,First voyage of only one of the captain or the outfitter,1,1,2,6,0,1,1,58.26401138305664,0,,3.082752,Nation at peace,Nation neutral during a major European war,,0,Voyage completed as intended,Voyage completed as intended,Ship,Judith Jacquinot,Investor,French,"Meyer (1969), p. 404-405, 432",,La Tolérance,Delaty,Bertrand de Cœuvre,Desclos Le Perley freres,,31285,,Côte d'Or ,,,,,,,,,.145833333333333,yes,with estimates,,,,,,,,,,,,,,,,,,,,,,,31285,.14173229,5.5373344,,Investor,3200521,7.4894123,1776-1800,Gulf of Guinea,6.0063534,44305.738,16049.8,40103.973,0,197337.78,60828.742,109472.29,0,28255.938,40103.973,136509.03,109472.29,936.06195,6.8416815,,3685.2832,3.6852832,8.2121029,.41931134
GD033,South,1,French,1785.5,1786.5,384,349.5,566.5,2,01/06/1787,08/02/1784,01/06/1787,,,,,,08/19/1788,01/26/1786,08/19/1788,,,,,,1,0,0,0,Not first voyage or unknown,First voyage,First voyage of only one of the captain or the outfitter,1,1,2,7,0,3,0,60.31557464599609,.5,,3.7239776,Nation at peace,Nation neutral during a major European war,,0,Voyage completed as intended,Voyage completed as intended,Ship,Judith Jacquinot,Investor,French,"Meyer (1969), p. 406-407, 433",,L’Usbeck,Duchesne/Duchesne,Bertrand de Cœuvre,Arnou,,31136 / 31215,,Côte d’Angola/Côte d’Angola,,,,,,,,,.0625,yes,with estimates,,,,,,,,,,,,,,,,,,,,,,,31136 / 31215,.08984375,5.9506426,,Investor,3191582.3,7.4880137,1776-1800,South,6.3394771,64706.766,0,47554.109,0,288203.94,0,177190.83,0,64706.766,47554.109,288203.94,177190.83,2305.6316,7.7431097,,6004.249,6.0042491,8.700223,-.2650829
GD034,Gulf of Guinea,1,French,1789,1790,129,110,619,1,08/13/1789,08/13/1789,,,,,,,04/24/1791,04/24/1791,,,,,,,5,3,2,0,Not first voyage or unknown,Not first voyage or unknown,Not the first voyage (or unknown) of both the captain and the outfitter,1,0,1,7,0,3,0,60.33190155029297,0,,2.6933885,Nation at peace,Nation neutral during a major European war,,0,Voyage completed as intended,Voyage completed as intended,Voyage,Judith Jacquinot,Investor,French,"Meyer (1969), p. 406-407, 433",,Le Comte de Montmorin,Duchesne,Bertrand de Cœuvre,Arnou,,31305,,Côte d’Or,,,,,,,,,.145833333333333,yes,with estimates,,Meyer writes about it « Douteux qu’il reste à recouvrer de fortes sommes »,,,,,,,,,,,,,,,,,,,,,31305,.14728682,4.8598123,,Investor,3204100,7.4899707,1776-1800,Gulf of Guinea,6.4281054,52237.75,0,22716.801,0,232666.94,0,69427.336,0,52237.75,22716.801,232666.94,69427.336,1595.4304,7.3748989,,12367.678,12.367678,9.422842,-.56512672
GD035,Gulf of Guinea,1,French,1786.25,1787,326,288.25,421.25,4,10/27/1789,12/29/1783,09/12/1785,05/21/1788,10/27/1789,,,,10/23/1790,06/02/1785,12/04/1786,05/11/1789,10/23/1790,,,,0,0,0,0,First voyage,First voyage,First voyage of only one of the captain or the outfitter,1,1,2,7,0,4,0,56.93650054931641,0,,3.3479125,Nation at peace,Nation neutral during a major European war,,.0049999999,Voyage completed as intended,Voyage completed as intended,Ship,Judith Jacquinot,Investor,French,"Meyer (1969), p. 406-407, 433",,La Justine,Mary/Mary/Sauvestre/Sauvestre,Bertrand de Cœuvre,Arnou,,31124 / 31164 / 31252 / 31315,,Côte d’Or/Côte d’Or/Côte d’Or/Côte d’Or,,,,,,,,,.197916666666667,yes,with estimates,,various share of the ship for several ventures,,,,,,,,,,,,,,,,,,,,,31124 / 31164 / 31252 / 31315,.11579755,5.7868972,,Investor,3193369,7.4882936,1776-1800,Gulf of Guinea,6.0432267,208878.19,0,276665.81,0,930343.44,0,891423.88,0,208878.19,276665.81,930343.44,891423.88,1175.1707,7.0691686,,3604.8179,3.6048179,8.1900263,.32453185
GD036,South,1,French,1789.5,1791.3334,,,,3,12/05/1790,05/10/1789,12/05/1790,,,,,,05/18/1792,06/10/1790,05/18/1792,,,,,,0,0,0,0,First voyage,First voyage,First voyage of only one of the captain or the outfitter,1,1,2,2.6666667,0,1.3333334,.66666669,56.23628616333008,0,,3.242239,Nation at peace,Nation neutral during a major European war,,.0049999999,Voyage completed as intended,Voyage completed as intended,Ship,Judith Jacquinot,Investor,French,"Meyer (1969), p. 408-409, 435",,Le Phénix,"Dupuy, J./Dupuy, J./Dupuy, J.",Bertrand de Cœuvre,Ducollet/Favreau Colleno et Cie/Favreau Colleno et Cie,,31291 / 31362 / ?,,Côte d’Angola/Côte d’Angola/Côte d’Angola,,1789/1790/1793,,,,,,,.03125,yes,with estimates,,both possible vessels in the tstd. I think both keys designate the same vessel. Due to different armatteurs,,01jul1789,,,,,,,,,,,1789,,,,,,1789,1790,31291 / 31362 / ?,.0049999999,,,Investor,3208875.3,7.4907155,1776-1800,South,,21958.316,0,46360.648,0,90634.93,0,89517.734,0,21958.316,46360.648,90634.93,89517.734,966.77258,6.8739634,,,,,1.1113025
GD037,Gulf of Guinea,1,French,1786,1787,391,260,560,1,07/12/1786,07/12/1786,,,,,,,01/23/1788,01/23/1788,,,,,,,0,0,0,0,First voyage,First voyage,First voyage of both the captain and the outfitter,1,1,2,4,0,1,1,59.19077301025391,0,,3.7226901,Nation at peace,Nation neutral during a major European war,,.34,Voyage completed as intended,Voyage completed as intended,Voyage,Judith Jacquinot,Investor,French,"Meyer (1969), p. 408-409, 436",,L’Aigle,Le Ganry,Bertrand de Cœuvre,Ducollet,,31194,,Côte d’Or,,,,,,,,,.03125,yes,with estimates,,No equivalent in the STDT. Has to be signaled,,,,,,,,,,,,,,,,,,,,,31194,.33503836,5.9687076,,Investor,3193369,7.4882936,1776-1800,Gulf of Guinea,6.3279366,12373.801,0,8822.9678,0,55112.906,0,30307.158,0,12373.801,8822.9678,55112.906,30307.158,1763.613,7.4751201,,4510.519,4.510519,8.4141674,-.28696382
GD038,Gulf of Guinea,2,French,1766,1766,276,0,,1,,,,,,,,,,,,,,,,,0,0,0,0,First voyage,First voyage,First voyage of both the captain and the outfitter,1,1,2,3,0,3,0,40.76676559448242,1,.90402883,3.5760322,Nation at peace,No major European war or nation at war,305.29999,0,Original goal thwarted before disembarking enslaved people,Original goal thwarted or unknown,Voyage,Judith Jacquinot,Investor,French,"Meyer (1969), p. 408-409, 436",,Le Zéphir,Clémenceau,Bertrand de Cœuvre,Ballan (Aîné),,30854,,Le Galbart en Guinée,,,,,,,,,.0625,yes,yes,,Maybe missing data ?,,,,,,,,,,,,,,,,,,,,,30854,1,5.6204009,5.7212949,Investor,3118756,7.4764724,1751-1775,Gulf of Guinea,,11334.438,0,1129.9166,0,50483.582,0,5032.6484,0,11334.438,1129.9166,50483.582,5032.6484,807.7373,6.6942368,2.6457169,2926.5845,2.9265845,7.9815912,-.90031117
GD039,Gulf of Guinea,2,French,1777,1777,515,407,452,1,01/22/1777,01/22/1777,,,,,,,04/19/1778,04/19/1778,,,,,,,2,1,5,5,Not first voyage or unknown,Not first voyage or unknown,Not the first voyage (or unknown) of both the captain and the outfitter,0,0,0,3,0,9,0,34.7105598449707,1,2.0599999,2.2987125,Nation at peace,Nation neutral during a major European war,250,.20999999,Voyage completed as intended,Voyage completed as intended,Voyage,Judith Jacquinot,Investor,French,"Meyer (1969), p. 408-409, 436",,L’Amphitrite,Guyot,Bertrand de Cœuvre,Ballan (Aîné),,31065,,Guinée,,,,,,,,,.125,yes,yes,,No equivalent in the STDT. Has to be signaled,,,,,,,,,,,,,,,,,,,,,31065,.20970874,6.2441669,5.521461,Investor,3157729,7.4826818,1776-1800,Gulf of Guinea,6.1136823,33724.371,0,39049.922,0,150208.34,0,173401.7,0,33724.371,39049.922,150208.34,173401.7,1201.6667,7.091465,4.8066669,2333.3335,2.3333335,7.755053,.15791401
GD040,Gulf of Guinea,1,French,1789,1789,315,270,,1,03/06/1789,03/06/1789,,,,,,,,,,,,,,,0,0,0,0,First voyage,First voyage,First voyage of both the captain and the outfitter,1,1,2,1,1,1,1,58.26401138305664,0,,3.082752,Nation at peace,Nation neutral during a major European war,,0,Unknown,Original goal thwarted or unknown,Voyage,Judith Jacquinot,Investor,French,"Meyer (1969), p. 410-411, p. 437",,La Demoiselle,Coupry,Bertrand de Cœuvre,Portier de Lantimo,,31282,,Côte d’Or,,,,,,,,,.05,yes,with estimates,,,,,,,,,,,,,,,,,,,,,,,31282,.14285715,5.7525725,,Investor,3200521,7.4894123,1776-1800,Gulf of Guinea,,13340,0,19836.537,0,59416.359,0,64437.211,0,13340,19836.537,59416.359,64437.211,1188.3271,7.0803018,,3772.467,3.7724671,8.2354841,.4869968
GD041,Gulf of Guinea,2,French,1766,1767,189,95,579,1,06/10/1766,06/10/1766,,,,,,,01/10/1768,01/10/1768,,,,,,,0,0,0,0,First voyage,First voyage,First voyage of both the captain and the outfitter,1,1,2,2,0,1,1,35.98126983642578,1,.86578101,3.1018336,Nation at peace,No major European war or nation at war,218.3,.5,Voyage completed as intended,Voyage completed as intended,Voyage,Judith Jacquinot,Investor,French,"Meyer (1969), p. 410-411, p. 437-438",,La Rosalie,Bezier,Bertrand de Cœuvre,"Romanet, Adrien",,30841,,Côte de Guinée,,,,,,,,,.041666666666667,yes,yes,,,,,,,,,,,,,,,,,,,,,,,30841,.49735451,5.2417469,5.3858705,Investor,3122289,7.4770384,1751-1775,Gulf of Guinea,6.3613024,4246.3706,0,2309.6333,0,18913.336,0,10287.106,0,4246.3706,2309.6333,18913.336,10287.106,453.92007,6.1179214,2.0793407,2401.6936,2.4016936,7.7839293,-.45609239
GD042,West,1,French,1783,1783.3334,136.3333333333333,121,,3,06/24/1783,04/08/1783,02/27/1783,06/24/1783,,,,,04/03/1784,,,04/03/1784,,,,,0,0,0,0,First voyage,First voyage,First voyage of both the captain and the outfitter,1,1,2,5,0,3,0,46.73130035400391,1,2.1166666,3.0338361,Nation at war,No major European war or nation at war,60,0,Unknown,Voyage completed as intended,Voyage ,Judith Jacquinot,Investor,French,"Meyer (1969), p. 410-411, p. 438",,"Saint-Paul, l’Union, La Confiance",Le Sourd/Pipat/Dumarais,Bertrand de Cœuvre,A. Menard/A. Menard/A. Menard,,31099 / 31093 / 31112,,Sénégal/Sénégal/Sénégal,,,,,,,,,.03125,yes,with estimates,,"one equivalent in the STDT for each vessel name. Strange, because each of the 3 captains are listed for each vessels. In the STDT, sources come from Mettas",,,,,,,,,,,,,,,,,,,,,31099 / 31093 / 31112,.11246943,4.915103,4.0943446,Investor,3180278,7.4862394,1776-1800,West,,7586.5957,0,10189.335,0,33790.695,0,45370.859,0,7586.5957,10189.335,33790.695,45370.859,360.43408,5.8873091,6.0072346,2643.7708,2.6437707,7.8799615,.34307078
GD043,West,1,French,1784,1784.5,,,,2,12/16/1784,12/16/1784,,,,,,,,,,,,,,,2,2,0,0,Not first voyage or unknown,First voyage,First voyage of only one of the captain or the outfitter,1,0,1,5,0,2,.5,56.25358581542969,.5,,4.2112427,Nation at peace,Nation neutral during a major European war,,0,Unknown,Original goal thwarted or unknown,Ship,Judith Jacquinot,Investor,French,"Meyer (1969), p. 410-411, p. 438",,L’Épreuve,Le Sourd/Le Sourd,Bertrand de Cœuvre,A. Menard/A. Menard,,31144 / ?,,Sénégal/Sénégal,,1784/1784,,,,,,,.03125,yes,with estimates,,,,01jul1784,,,,,,,,,,,1784,,,,,,1784,1785,31144 / ?,0,,,Investor,3184440.3,7.4868937,1776-1800,West,,3137.7375,0,6631.3594,0,13975.482,0,28802.025,0,3137.7375,6631.3594,13975.482,28802.025,223.60771,5.409893,,,,,1.1134206
GD044,Gulf of Guinea,1,French,1790,1790,562.5,427,425,2,01/27/1791,04/12/1789,01/27/1791,,,,,,07/10/1792,02/26/1790,07/10/1792,,,,,,7,7,3,2,Not first voyage or unknown,Not first voyage or unknown,Not the first voyage (or unknown) of both the captain and the outfitter,0,0,0,9,0,5,0,58.95298004150391,.5,,3.2454317,Nation at peace,Nation neutral during a major European war,,0,Voyage completed as intended,Voyage completed as intended,Ship ,Judith Jacquinot,Investor,French,"Meyer (1969), p. 410-411, p. 439",,Le Nouvel Amour,Reingeard/Reingeard,Bertrand de Cœuvre,L. et F. Langevin frères/L. et F. Langevin frères,,31284 / 31366,,Ralbard/Ralbard,,,,,,,,,.066666666666667,yes,with estimates,,,,,,,,,,,,,,,,,,,,,,,31284 / 31366,.24088889,6.3323913,,Investor,3204100,7.4899707,1776-1800,Gulf of Guinea,6.0520892,42873.734,0,48688.375,0,178112.47,0,184743.98,0,42873.734,48688.375,178112.47,184743.98,1335.8435,7.1973181,,2374.833,2.3748331,7.7726822,.13562244
GD045,South,1,French,1787,1787,425,362,625,1,09/01/1787,09/01/1787,,,,,,,05/18/1789,05/18/1789,,,,,,,0,0,1,1,First voyage,Not first voyage or unknown,First voyage of only one of the captain or the outfitter,0,1,1,1,1,2,0,59.19077301025391,0,,3.7226901,Nation at peace,Nation neutral during a major European war,,.15000001,Voyage completed as intended,Voyage completed as intended,Voyage,Judith Jacquinot,Investor,French,"Meyer (1969), p. 410-411, p. 439",,Les Deux Sœurs,Huet de Relia,Bertrand de Cœuvre,Dumaine,,31235,,Côte d’Or,,,,,,,,,.035714285714286,yes,with estimates,,contradictory information on the STDT about the captain's name : named as Durocher,,,,,,,,,,,,,,,,,,,,,31235,.14823529,6.0520892,,Investor,3193369,7.4882936,1776-1800,South,6.4377518,13074.45,0,19055.867,0,54128.223,0,32370.256,0,13074.45,19055.867,54128.223,32370.256,1515.5902,7.3235602,,3566.0947,3.5660946,8.1792259,.45748898
GD046,Gulf of Guinea,1,French,1786,1787,424,364,578,1,05/26/1786,05/26/1786,,,,,,,12/25/1787,12/25/1787,,,,,,,0,0,0,0,First voyage,First voyage,First voyage of both the captain and the outfitter,1,1,2,1,1,1,1,59.19077301025391,0,,3.7226901,Nation at peace,Nation neutral during a major European war,,0,Voyage completed as intended,Voyage completed as intended,Voyage,Judith Jacquinot,Investor,French,"Meyer (1969), p. 410-411, p. 439",,La Sainte-Anne,De Kérusée,Bertrand de Cœuvre,Libault,,31187,,Côte d’Or,,,,,,,,,.041666666666667,yes,with estimates,,,,,,,,,,,,,,,,,,,,,,,31187,.14150943,6.0497336,,Investor,3193369,7.4882936,1776-1800,Gulf of Guinea,6.3595738,14683.566,0,17300.359,0,65400.605,0,70911.195,0,14683.566,17300.359,65400.605,70911.195,1569.6145,7.3585854,,3701.9209,3.701921,8.2166071,.17821236
GD103,Gulf of Guinea,2,French,1763,1763,373,318,570,1,05/17/1763,05/17/1763,,,,,,,12/07/1764,12/07/1764,,,,,,,1,0,2,1,Not first voyage or unknown,Not first voyage or unknown,Not the first voyage (or unknown) of both the captain and the outfitter,0,1,1,7,0,7,0,36.49938201904297,1,1.2717354,3.8020189,Nation at war,No major European war or nation at war,293.29999,0,Voyage completed as intended,Voyage completed as intended,Voyage,Judith Jacquinot,Investor,French,"Roman, p.198",,Amaranthe,,,Chateaubriand,,33211,,,,1763-05,,,,1764-12,,,1,yes,yes,,,5,01may1763,,,,,,,,,12,01dec1764,1763,,,,,1764,1763,1764,33211,.14745308,5.9215784,5.6811957,Investor,3108169,7.474772,1751-1775,Gulf of Guinea,6.3456364,205933,0,221843.69,0,917225.56,0,988091.81,0,205933,221843.69,917225.56,988091.81,917.22559,6.8213534,3.1272609,2459.0498,2.4590497,7.8075304,.077261478
GD104,Gulf of Guinea,2,French,1768,1769,283,235,589,1,03/23/1768,03/23/1768,,,,,,,11/02/1769,11/02/1769,,,,,,,2,1,3,2,Not first voyage or unknown,Not first voyage or unknown,Not the first voyage (or unknown) of both the captain and the outfitter,0,0,0,7,0,7,0,42.95030212402344,0,1.1128588,3.1581104,Nation at peace,No major European war or nation at war,254.3,.17,Voyage completed as intended,Voyage completed as intended,Voyage,Judith Jacquinot,Investor,French,"Roman, p.198",,Saint-René,,,Chateaubriand,,33245,,,,1768-03,,,,1769-11,,,1,yes,yes,,,3,01mar1768,,,,,,,,,11,01nov1769,1768,,,,,1769,1768,1769,33245,.1696113,5.6454468,5.5385146,Investor,3129361,7.4781699,1751-1775,Gulf of Guinea,6.3784261,159069,0,177300.64,0,708493.31,0,789697.06,0,159069,177300.64,708493.31,789697.06,708.49329,6.5631404,2.7860529,2503.5098,2.5035098,7.825449,.11461467
GD105,Gulf of Guinea,2,French,1770,1771,325,288,351,1,08/28/1770,08/28/1770,,,,,,,08/14/1771,08/14/1771,,,,,,,3,2,4,3,Not first voyage or unknown,Not first voyage or unknown,Not the first voyage (or unknown) of both the captain and the outfitter,0,0,0,7,0,7,0,40.60084915161133,1,1.1935366,3.2742622,Nation at peace,No major European war or nation at war,272.29999,.11,Voyage completed as intended,Voyage completed as intended,Voyage,Judith Jacquinot,Investor,French,"Roman, p.198",,Saint-René,,,Chateaubriand,,33262,,,,1770-08,,,,1771-08,,,1,yes,yes,,,8,01aug1770,,,,,,,,,8,01aug1771,1770,,,,,1771,1770,1771,33262,.11384615,5.7838254,5.6069045,Investor,3136441,7.4792995,1751-1775,Gulf of Guinea,5.8607864,122222,0,262718.59,0,544376.81,0,1170148.6,0,122222,262718.59,544376.81,1170148.6,544.37683,6.2996416,1.9991806,1675.0056,1.6750057,7.4235716,1.1495197
GD106,Gulf of Guinea,2,French,1772,1773,292,259,473,1,07/16/1772,07/16/1772,,,,,,,11/01/1773,11/01/1773,,,,,,,5,3,5,4,Not first voyage or unknown,Not first voyage or unknown,Not the first voyage (or unknown) of both the captain and the outfitter,0,0,0,7,0,7,0,46.71073913574219,1,1.0723467,3.434613,Nation at peace,No major European war or nation at war,272.29999,.11,Voyage completed as intended,Voyage completed as intended,Voyage,Judith Jacquinot,Investor,French,"Roman, p.198",,Saint-René,,,Chateaubriand,,33271,,,,1772-07,,,,1773-11,,,1,yes,yes,,,7,01jul1772,,,,,,,,,11,01nov1773,1772,,,,,1773,1772,1773,33271,.1130137,5.676754,5.6069045,Investor,3143529,7.4804282,1751-1775,Gulf of Guinea,6.1590953,131053,0,201006.7,0,583710.06,0,895283.88,0,131053,201006.7,583710.06,895283.88,583.71008,6.3694043,2.1436288,1999.0071,1.9990071,7.6004057,.53378177
GD107,Gulf of Guinea,2,French,1774,1775,299,226,605,1,10/20/1774,10/20/1774,,,,,,,06/16/1776,06/16/1776,,,,,,,6,4,6,5,Not first voyage or unknown,Not first voyage or unknown,Not the first voyage (or unknown) of both the captain and the outfitter,0,0,0,7,0,7,0,48.02420425415039,1,1.172549,2.8416688,Nation at peace,Nation neutral during a major European war,255,.24414715,Voyage completed as intended,Voyage completed as intended,Voyage,Judith Jacquinot,Investor,French,"Roman, p.198",,Roi de Juda,,,Chateaubriand,,33280,,,,1774-10,,,,1776-06,,,1,yes,yes,,,10,01oct1774,,,,,,,,,6,01jun1776,1774,,,,,1776,1774,1775,33280,.24414715,5.7004437,5.5412636,Investor,3150625,7.4815559,1751-1775,Gulf of Guinea,6.4052286,249023,0,223048.38,0,1109148.5,0,993457.5,0,249023,223048.38,1109148.5,993457.5,1109.1486,7.0113478,4.3496022,3709.5269,3.7095268,8.2186594,-.10430613
GD108,"Mixed, unknown or not in Africa",2,French,,1772,,,,1,,,,,,,,,,,,,,,,,4,1,,,Not first voyage or unknown,First voyage,First voyage of only one of the captain or the outfitter,1,0,1,7,0,,,39.52737426757813,0,,2.3955984,Nation at peace,No major European war or nation at war,,,Unknown,Original goal thwarted or unknown,Voyage,Judith Jacquinot,Investor,French,"Roman, p.198",,Jean-Baptiste,,,Chateaubriand,,,,,,1771-10,,,,,,,1,yes,yes,,"No equivalent in the STDT, « naufragé en avril 1773 ». There is a mistake in JEH 2004 and Daudin 2001 : I have attributed the the Jean-Baptiste the «créances à recouvrer »",10,01oct1771,,,,,,,,,,,1771,,,,,,1771,1772,,,,,Investor,3139984,7.4798641,1751-1775,"Mixed, unknown or not in Africa",,278393,0,34300,0,1239962.4,0,152772.2,0,278393,34300,1239962.4,152772.2,1239.9624,7.1228361,,,,,-.87679291
GD123,South,2,French,1769,1770,390,325,,1,05/02/1769,05/02/1769,,,,,,,,,,,,,,,5,3,2,2,Not first voyage or unknown,Not first voyage or unknown,Not the first voyage (or unknown) of both the captain and the outfitter,0,0,0,11,0,5,0,41.31495666503906,1,1.5336217,3.6561909,Nation at peace,No major European war or nation at war,254.3,.17,Voyage completed as intended,Voyage completed as intended,Voyage,Judith Jacquinot,Captain,French,"Rinchon (1964), p.223-290",,Le Pompée,,,,,30911,,,,,,,,,,,1,yes,yes,,"Vessel totally dilapilated. It won’t have the right to come back to France, from Le Cap Français.",,,,,,,,,,,,,,,,,,,,,30911,.16666667,5.9661469,5.5385146,Captain,3132900,7.478735,1751-1775,South,,344488.19,0,240020.78,652.75,1534350.4,0,1069052.5,2907.3484,344488.19,239368.03,1534350.4,1066145.1,1534.3503,7.3358622,6.0336227,3934.2317,3.9342318,8.2774706,-.30514881
GD124,South,2,French,1773,1774,393,347,566,1,12/07/1773,12/07/1773,,,,,,,06/26/1775,06/26/1775,,,,,,,3,2,3,3,Not first voyage or unknown,Not first voyage or unknown,Not the first voyage (or unknown) of both the captain and the outfitter,0,0,0,31,0,5,0,46.84087371826172,1,2.6199999,2.7553456,Nation at peace,No major European war or nation at war,150,.12,Voyage completed as intended,Voyage completed as intended,Voyage,Judith Jacquinot,Captain,French,"Rinchon (1964), p. 295-331",,Le Duc de Laval,,,,,32283,,,,,,,,,,,1,yes,yes,,,,,,,,,,,,,,,,,,,,,,,32283,.11704835,5.9738097,5.0106354,Captain,3147076,7.4809923,1751-1775,South,6.338594,326080.5,0,233389.91,197978.55,1452362.5,0,1039518.6,881796.44,326080.5,35411.359,1452362.5,157722.19,1452.3625,7.2809467,9.6824169,3695.5791,3.6955791,8.2148924,-.89140302
GD126,South,2,French,1771,1772,571,560,409,1,06/08/1771,06/08/1771,,,,,,,07/21/1772,07/21/1772,,,,,,,11,6,0,0,Not first voyage or unknown,First voyage,First voyage of only one of the captain or the outfitter,1,0,1,17,0,1,1,39.52737426757813,0,1.7339813,2.3955984,Nation at peace,No major European war or nation at war,329.29999,.02,Voyage completed as intended,Voyage completed as intended,Voyage,Judith Jacquinot,Investor,French,Mc Watters Investment returns and la traite négrière (2008) (aussi évoqué dans Rinchon (1956) p. 52-57 ,,Saint Jean-Baptiste,,,De Guer,GD005/GD126,30948,,,,1771-08-06,1771-08-20,1772-01-06,1772-02-25,1772-07-11,571,560,1,yes,yes,,"Computation by the owner, but does not include commission. IRR in the source : 13.69 %",8,06aug1771,,,8,20aug1771,1,06jan1772,2,25feb1772,7,11jul1772,1771,,1771,1772,1772,1772,1771,1771,30948,.019264448,6.3473892,5.7969689,Investor,3139984,7.4798641,1751-1775,South,6.0137153,112596.05,0,303168.31,64509.551,501502.78,0,1350311.6,287325.53,112596.05,238658.77,501502.78,1062986.1,501.50278,6.2176089,1.5229359,878.28857,.87828857,6.7779751,1.1196016
GD127,South,2,French,1773,1774,462,436,317,1,11/19/1773,11/19/1773,,,,,,,10/02/1774,10/02/1774,,,,,,,14,8,2,2,Not first voyage or unknown,Not first voyage or unknown,Not the first voyage (or unknown) of both the captain and the outfitter,0,0,0,17,0,5,0,46.84087371826172,1,2.0999999,2.7553456,Nation at peace,No major European war or nation at war,220,0,Voyage completed as intended,Voyage completed as intended,Voyage,Judith Jacquinot,Investor,French,Mc Watters Investment returns and la traite négrière (2008),,Saint Jean-Baptiste,,,De Guer,GD050/GD128,31000,,,,1773-11-19,1774-01-29,1774-05-02,1774-06-18,1774-10-02,,,1,yes,yes,,"Computation by the owner, but does not include commission. IRR in the source : 18.99 %",11,19nov1773,,,1,29jan1774,5,02may1774,6,18jun1774,10,02oct1774,1773,,1774,1774,1774,1774,1773,1774,31000,.056277055,6.1355648,5.3936276,Investor,3147076,7.4809923,1751-1775,South,5.7589016,104687.01,0,162727.2,14554,466275.94,0,724786.94,64823.516,104687.01,148173.2,466275.94,659963.44,466.27594,6.1447778,2.119436,1009.2553,1.0092553,6.9169679,.41539249
GD128,South,2,French,1775,1775,435,434,426,1,05/01/1775,05/01/1775,,,,,,,06/30/1776,06/30/1776,,,,,,,15,9,3,3,Not first voyage or unknown,Not first voyage or unknown,Not the first voyage (or unknown) of both the captain and the outfitter,0,0,0,17,0,5,0,48.02420425415039,1,1.9772727,2.8416688,Nation at peace,Nation neutral during a major European war,220,0,Voyage completed as intended,Voyage completed as intended,Voyage,Judith Jacquinot,Investor,French,Mc Watters Investment returns and la traite négrière (2008),,Saint Jean-Baptiste,,,De Guer,GD051/GD127,31026,,,,1775-05-01,1775-09-15,1775-12-11,1776-02-08,1776-06-30,,,1,yes,yes,,"Computation by the owner, but does not include commission. IRR in the source : 2.8 %",5,01may1775,,,9,15sep1775,12,11dec1775,2,08feb1776,6,30jun1776,1775,,1775,1775,1776,1776,1775,1775,31026,.0022988506,6.075346,5.3936276,Investor,3150625,7.4815559,1751-1775,South,6.0544395,99905.852,0,126514.66,0,444980.66,0,563496.25,0,99905.852,126514.66,444980.66,563496.25,444.98065,6.0980306,2.0226393,1022.944,1.022944,6.9304399,.2663388
GD141,Gulf of Guinea,2,French,,1816,,,,1,,,,,,,,,,,,,,,,,0,0,0,0,First voyage,First voyage,First voyage of both the captain and the outfitter,1,1,2,2,0,1,1,,1,,,Nation at peace,No major European war or nation at war,,,Unknown,Original goal thwarted or unknown,Ship,Guillaume Daudin,Investor,French,Saugera (1989),1814,Le Cultivateur,Basilic Leray and ,,Rossel,GD141/GD142,34009,Nantes,Bonny,Fort de France (ou Fort Royal) Martinique,1815-04-01,1816-05-06,1816-08-21,1816-09-29,1817-08-27,525,492,.0165,yes,yes,yes,"This is the account given by the captain to a sub-investor. The ship first went to Africa, was captured by the British and sent to Plymouth. It was then freed and went back to Africa, then Martinique and Nantes. Quickly after, he departed again in a direct voyage to get more sugar and arrived back to Nantes in 1817",4,01apr1815,,01jul1814,5,06may1816,8,21aug1816,9,29sep1816,8,27aug1817,1815,1814,1816,1816,1816,1817,1815,1816,34009,,,,Investor,3297856,7.5043917,post-1800,Gulf of Guinea,,5754.6201,0,8750,0,25895.789,0,39375,0,5754.6201,8750,25895.789,39375,1569.4418,7.3584752,,,,,.52051741
GD155,South,1,French,1786,1786.6666,260.3333333333333,237,447,3,05/29/1786,05/29/1786,05/29/1786,04/10/1786,,,,,09/18/1787,09/18/1787,05/02/1787,09/18/1787,,,,,1,1,0,0,Not first voyage or unknown,First voyage,First voyage of only one of the captain or the outfitter,1,0,1,6,0,1,1,60.36916351318359,0,,3.6903858,Nation at peace,Nation neutral during a major European war,,0,Voyage completed as intended,Voyage completed as intended,Ship,Guillaume Daudin,Investor,French,"Meyer (1969), p. 406-407, 432",1786,"Le Bailli de Suffren, La Fine, Le Passe-Partout",Barbier/Barbier/Barbier,Bertrand de Cœuvre,Desclos Le Perley freres/Desclos Le Perley freres/Desclos Le Perley freres,GD30/GD075/GD076/GD077/GD155,31188 / 31189 / 31184,,Côte d’Angola/Côte d’Angola/Côte d’Angola,,,,,,,,,.0833333333333333,yes,with estimates,,"Only the first voyage is a slave one (three ships, though, so 3 voyages) Contradictory informations about the captain’s names. Due to the multiplicity of vessels and ships, complicated to deal with some data, as the value of the ship ; various share of the ship for several ventures. We have both a compte de désarmement and the « répartitions ». To prevent double counting, I classify the compte de désarmement as « Transactions during the voyage ».",,,,01jul1786,,,,,,,,,,1786,,,,,,1786,31188 / 31189 / 31184,.089628682,5.5619631,,Investor,3192177.8,7.4881067,1776-1800,South,6.1025586,82244.023,0,103829.97,0,347789.53,0,309291.25,0,82244.023,103829.97,347789.53,309291.25,1391.1581,7.2378917,,5343.7568,5.3437567,8.583684,.26246217
GD157,South,1,French,1787,1788,349,318,,1,,,,,,,,,,,,,,,,,4,4,1,1,Not first voyage or unknown,Not first voyage or unknown,Not the first voyage (or unknown) of both the captain and the outfitter,0,0,0,13,0,4,0,56.40606689453125,1,,3.0489767,Nation at peace,Nation neutral during a major European war,,0,Unknown,Original goal thwarted or unknown,Ship,Guillaume Daudin,Investor,French,Marzagalli (2017) et AM Bordeaux 1_S_3  – p. 29 & 40,1789,Manette,"Cousse, Jacques",,"Castaing, Pierre",,31720,Bordeaux,Angola,Cap-Français,1787-12-27,,,,1789-04-04,,,1,yes,with estimates,,,12,27dec1787,,01jul1789,,,,,,,4,04apr1789,1787,1789,,,,1789,1787,1788,31720,.088825218,5.855072,,Investor,3196944,7.488853,1776-1800,South,,244149,14160,350796.5,52876.75,1087439.6,63068.641,1562447.8,235513.05,229989,297919.75,1024371,1326934.8,1024.371,6.9318342,,2935.1604,2.9351604,7.9845176,.29536521
GD158,South,1,French,1788,1789,220,200,,1,09/01/1788,09/01/1788,,,,,,,,,,,,,,,5,5,0,0,Not first voyage or unknown,First voyage,First voyage of only one of the captain or the outfitter,1,0,1,13,0,1,1,58.26401138305664,0,,3.082752,Nation at peace,Nation neutral during a major European war,,0,Unknown,Original goal thwarted or unknown,Ship,Guillaume Daudin,Investor,French,Marzagalli (2017) et AM Bordeaux 1_S_3  – p. 35 & 43,1790,Joujou,"Salomon, Jacques",,"Castaing, Pierre",,31735,Bordeaux,Angola,Cap-Français,1788-09-08,,,,1790-01,,,1,yes,with estimates,,,9,08sep1788,,01jul1790,,,,,,,1,01jan1790,1788,1790,,,,1790,1788,1789,31735,.090909094,5.3936276,,Investor,3200521,7.4894123,1776-1800,South,,131500,7880,185989.45,29417.85,585701,35097.52,769996.31,121789.9,123620,156571.61,550603.5,648206.44,550.60352,6.3110151,,2502.7432,2.5027432,7.8251429,.26655564
GD159,South,1,French,1790,1790,410,373,,1,02/10/1790,02/10/1790,,,,,,,,,,,,,,,6,6,2,2,Not first voyage or unknown,Not first voyage or unknown,Not the first voyage (or unknown) of both the captain and the outfitter,0,0,0,13,0,4,0,60.33190155029297,1,,2.6933885,Nation at peace,Nation neutral during a major European war,,0,Unknown,Original goal thwarted or unknown,Ship,Guillaume Daudin,Investor,French,Marzagalli (2017) et AM Bordeaux 1_S_3  – p. 47 & 57,1791,Manette,"Cousse, Jacques",,"Castaing, Pierre",,31781,Bordeaux,Angola,Cap-Français,1790-02-17,,,,1791-05-18,,,1,yes,with estimates,,,2,17feb1790,,01jul1791,,,,,,,5,18may1791,1790,1791,,,,1791,1790,1791,31781,.090243906,6.0161572,,Investor,3204100,7.4899707,1776-1800,South,,333321.66,15360,352901.69,47146.711,1379951.6,63590.398,1337497.5,178686.03,317961.66,305754.97,1316361.3,1158811.5,1316.3612,7.1826267,,3210.6372,3.2106371,8.0742245,-.038390439
GK001,South,2,Dutch,1771,1772,318,314,503,1,12/05/1771,12/05/1771,,,,,,,04/21/1773,04/21/1773,,,,,,,70,24,3,2,Not first voyage or unknown,Not first voyage or unknown,Not the first voyage (or unknown) of both the captain and the outfitter,0,0,0,114,0,6,0,39.52737426757813,1,.81958765,2.3955984,Nation at peace,No major European war or nation at war,388,.0099999998,Voyage completed as intended,Voyage completed as intended,Voyage,Gerhard de Kok,Firm,Dutch,"De Kok 2019, 280-290",,Aurora,Johannes Bakker,,Middelburgse Commercie Compagnie,,10444,Middelburg,,,1771-12-05,,,,1773-04-21,318,312,1,yes,yes,,"Figures are calculated from the accounts, more detail can be found in the MCC archive. Original source in Flemish Pounds.",12,05dec1771,,,,,,,,,4,21apr1773,1771,,,,,1773,1771,1772,10444,.012578616,5.7620516,5.9610052,Firm,3139984,7.4798641,1751-1775,South,6.2205901,113277,0,124062,12217,1088592,0,1192235.8,117405.37,113277,111845,1088592,1074830.4,1088.592,6.9926405,2.8056495,3423.2454,3.4232454,8.1383448,-.012641578
GK002,South,2,Dutch,1774,1774,313,310,609,1,01/11/1774,01/11/1774,,,,,,,09/12/1775,09/12/1775,,,,,,,78,27,4,3,Not first voyage or unknown,Not first voyage or unknown,Not the first voyage (or unknown) of both the captain and the outfitter,0,0,0,114,0,6,0,46.84087371826172,1,.71152538,2.7553456,Nation at peace,No major European war or nation at war,439.89999,.0099999998,Voyage completed as intended,Voyage completed as intended,Voyage,Gerhard de Kok,Firm,Dutch,"De Kok 2019, 280-290",,Aurora,Johannes Bakker,,Middelburgse Commercie Compagnie,,10445,Middelburg,,,1774-01-11,,,,1775-09-11,319,309,1,yes,yes,,"Figures are calculated from the accounts, more detail can be found in the MCC archive. Original source in Flemish Pounds.",1,11jan1774,,,,,,,,,9,11sep1775,1774,,,,,1775,1774,1775,10445,.0095846644,5.7462034,6.0865474,Firm,3147076,7.4809923,1751-1775,South,6.4118185,112018,0,128940,16690,1076493,0,1239113.4,160390.89,112018,112250,1076493,1078722.5,1076.493,6.9814639,2.4471314,3439.2749,3.4392748,8.1430159,.0020710956
GK003,West,2,Dutch,1776,1776,260,249,365,1,06/01/1776,06/01/1776,,,,,,,06/01/1777,06/01/1777,,,,,,,86,42,1,1,Not first voyage or unknown,Not first voyage or unknown,Not the first voyage (or unknown) of both the captain and the outfitter,0,0,0,114,0,3,0,40.83871078491211,0,.59104341,2.9809279,Nation at peace,Nation neutral during a major European war,439.89999,0,Voyage completed as intended,Voyage completed as intended,Voyage,Gerhard de Kok,Firm,Dutch,"De Kok 2019, 280-290",,Aurora,Olphert Machielsen,,Middelburgse Commercie Compagnie,,10446,Middelburg,,,1776-06-01,,,,1777-06-02,260,249,1,yes,yes,,"Figures are calculated from the accounts, more detail can be found in the MCC archive. Original source in Flemish Pounds.",6,01jun1776,,,,,,,,,6,02jun1777,1776,,,,,1777,1776,1777,10446,.042307694,5.5606818,6.0865474,Firm,3154176,7.4821191,1776-1800,West,5.8998976,103678,0,106889,12054,996345.5,0,1027203.3,115838.94,103678,94835,996345.5,911364.31,996.34552,6.9040942,2.2649364,3832.0981,3.8320982,8.2511673,-.085292928
GK004,West,2,Dutch,1779,1779,325,283,512,1,01/03/1779,01/03/1779,,,,,,,05/29/1780,05/29/1780,,,,,,,94,49,0,0,Not first voyage or unknown,First voyage,First voyage of only one of the captain or the outfitter,1,0,1,114,0,2,0,31.72189712524414,0,.73880428,1.8882083,Nation at peace,Nation neutral during a major European war,439.89999,0,Voyage completed as intended,Voyage completed as intended,Voyage,Gerhard de Kok,Firm,Dutch,"De Kok 2019, 280-290",,Aurora,Johannes Gargon,,Middelburgse Commercie Compagnie,,10447,Middelburg,,,1779-01-03,,,,1780-05-29,325,283,1,yes,yes,,"Figures are calculated from the accounts, more detail can be found in the MCC archive. Original source in Flemish Pounds.",1,03jan1779,,,,,,,,,5,29may1780,1779,,,,,1780,1779,1780,10447,.12923077,5.7838254,6.0865474,Firm,3164841,7.4838066,1776-1800,West,6.2383246,102777,0,113918,14928,987686.94,0,1094752,143458.08,102777,98990,987686.94,951293.94,987.68695,6.8953657,2.2452533,3039.0369,3.0390368,8.0192957,-.036846764
GK005,West,2,Dutch,1791,1792,223,202,812,1,06/16/1791,06/16/1791,,,,,,,09/05/1793,09/05/1793,,,,,,,109,59,0,0,Not first voyage or unknown,First voyage,First voyage of only one of the captain or the outfitter,1,0,1,114,0,1,1,62.7479133605957,0,,3.1373956,Nation at peace,Nation neutral during a major European war,,.07,Voyage completed as intended,Voyage completed as intended,Voyage,Gerhard de Kok,Firm,Dutch,"De Kok 2019, 280-290",,Brandenburg,Alexander Gerritsen,,Middelburgse Commercie Compagnie,,10463,Middelburg,,,1791-06-16,,,,,226,202,1,yes,yes,,"Figures are calculated from the accounts, more detail can be found in the MCC archive. Original source in Flemish Pounds.",6,16jun1791,,,,,,,,,,,1791,,,,,,1791,1792,10463,.094170406,5.4071717,,Firm,3211264,7.4910874,1776-1800,West,6.6995006,121685,0,143573,21640,1169392.9,0,1379736.5,207960.39,121685,121933,1169392.9,1171776.1,1169.3928,7.06424,,5243.9141,5.2439141,8.5648232,.002038049
GK006,West,2,Dutch,1755,1756,228,212,400,1,09/17/1755,09/17/1755,,,,,,,10/21/1756,10/21/1756,,,,,,,22,12,1,0,Not first voyage or unknown,Not first voyage or unknown,Not the first voyage (or unknown) of both the captain and the outfitter,1,0,1,114,0,2,0,35.27229690551758,0,.93442625,5.9783554,Nation at peace,Nation neutral during a major European war,244,.07,Voyage completed as intended,Voyage completed as intended,Voyage,Gerhard de Kok,Firm,Dutch,"De Kok 2019, 280-290",,Drie Gezusters,Maarten Stam,,Middelburgse Commercie Compagnie,,10527,Middelburg,,,1755-08-13,,,,1756-10-22,234,211,1,yes,yes,,"Figures are calculated from the accounts, more detail can be found in the MCC archive. Original source in Flemish Pounds.",8,13aug1755,,,,,,,,,10,22oct1756,1755,,,,,1756,1755,1756,10527,.070175439,5.4293456,5.4971681,Firm,3083536,7.4707937,1751-1775,West,5.9914646,66478,0,68393,8995,638853.56,0,657256.69,86441.945,66478,59398,638853.56,570814.75,638.85358,6.4596753,2.6182523,2801.9893,2.8019893,7.9380851,-.1065014
GK007,South,2,Dutch,1757,1757,405,402,863,1,06/24/1757,06/24/1757,,,,,,,11/04/1759,11/04/1759,,,,,,,25,4,0,0,Not first voyage or unknown,First voyage,First voyage of only one of the captain or the outfitter,1,0,1,114,0,3,0,31.86960220336914,0,1.6598361,4.618783,Nation at peace,Nation neutral during a major European war,244,.0099999998,Original goal thwarted after disembarking enslaved people,Original goal thwarted or unknown,Voyage,Gerhard de Kok,Firm,Dutch,"De Kok 2019, 280-290",,Drie Gezusters,Hendrik Santleven,,Middelburgse Commercie Compagnie,,10528,Middelburg,,,1757-06-24,,,,1759-11-02,405,391,1,yes,yes,,"Figures are calculated from the accounts, more detail can be found in the MCC archive. Original source in Flemish Pounds.",6,24jun1757,,,,,,,,,11,02nov1759,1757,,,,,1759,1757,1758,10528,.0074074073,6.0038872,5.4971681,Firm,3087049,7.4713631,1751-1775,South,6.7604146,65457,0,97426,31557,629041.75,0,936263.81,303262.75,65457,65869,629041.75,633001.06,629.04175,6.4441977,2.5780399,1553.1895,1.5531894,7.3480659,.0062942086
GK008,West,2,Dutch,1761,1762,319,298,540,1,10/02/1761,10/02/1761,,,,,,,03/26/1763,03/26/1763,,,,,,,37,18,5,5,Not first voyage or unknown,Not first voyage or unknown,Not the first voyage (or unknown) of both the captain and the outfitter,0,0,0,114,0,7,0,34.06476593017578,0,,4.7312174,Nation at peace,Nation neutral during a major European war,,.07,Voyage completed as intended,Voyage completed as intended,Voyage,Gerhard de Kok,Firm,Dutch,"De Kok 2019, 280-290",,Eenigheid,Jan Menkenveld,,Middelburgse Commercie Compagnie,,10542,Middelburg,,,1761-10-01,,,,,326,293,1,yes,yes,,"Figures are calculated from the accounts, more detail can be found in the MCC archive. Original source in Flemish Pounds.",10,01oct1761,,,,,,,,,,,1761,,,,,,1761,1762,10542,.065830722,5.7651911,,Firm,3104644,7.474205,1751-1775,West,6.2915692,70871,0,99127,14935,681070.25,0,952610.44,143525.34,70871,84192,681070.25,809085.13,681.07025,6.5236654,,2135.0164,2.1350164,7.6662297,.18796122
GK009,West,2,Dutch,1763,1764,203,193,719,1,08/14/1763,08/14/1763,,,,,,,08/02/1765,08/02/1765,,,,,,,43,22,0,0,Not first voyage or unknown,First voyage,First voyage of only one of the captain or the outfitter,1,0,1,114,0,1,1,33.98003005981445,0,.5702247,3.614897,Nation at peace,No major European war or nation at war,356,.050000001,Voyage completed as intended,Voyage completed as intended,Voyage,Gerhard de Kok,Firm,Dutch,"De Kok 2019, 280-290",,Eenigheid,Daniel Pruijmelaar,,Middelburgse Commercie Compagnie,,10543,Middelburg,,,1763-08-15,,,,1765-08-08,256,189,1,yes,yes,,"Figures are calculated from the accounts, more detail can be found in the MCC archive. Original source in Flemish Pounds.",8,15aug1763,,,,,,,,,8,08aug1765,1763,,,,,1765,1763,1764,10543,.049261082,5.3132062,5.8749309,Firm,3111696,7.4753394,1751-1775,West,6.5778613,67077,0,74864,16826,644609.94,0,719443,161697.86,67077,58038,644609.94,557745.13,644.60992,6.4686456,1.8107021,3175.4185,3.1754184,8.0631943,-.13475558
GK010,South,2,Dutch,1766,1767,315,266,637,1,02/08/1766,02/08/1766,,,,,,,11/07/1767,11/07/1767,,,,,,,50,15,2,0,Not first voyage or unknown,Not first voyage or unknown,Not the first voyage (or unknown) of both the captain and the outfitter,1,0,1,114,0,4,0,35.98126983642578,1,.88483149,3.1018336,Nation at peace,No major European war or nation at war,356,.16,Original goal thwarted after disembarking enslaved people,Original goal thwarted or unknown,Voyage,Gerhard de Kok,Firm,Dutch,"De Kok 2019, 280-290",,Eenigheid,Willem de Molder,,Middelburgse Commercie Compagnie,,10544,Middelburg,,,,,,,,314,252,1,yes,yes,,"Figures are calculated from the accounts, more detail can be found in the MCC archive. Original source in Flemish Pounds.",,,,,,,,,,,,,,,,,,,,,10544,.15555556,5.7525725,5.8749309,Firm,3122289,7.4770384,1751-1775,South,6.4567695,80097,0,76521,7875,769732.13,0,735366.81,75678.75,80097,68646,769732.13,659688.06,769.73212,6.6460423,2.162169,2443.594,2.443594,7.8012252,-.14296415
GK011,West,2,Dutch,1767,1768,260,225,552,1,11/23/1767,11/23/1767,,,,,,,05/28/1769,05/28/1769,,,,,,,54,28,9,4,Not first voyage or unknown,Not first voyage or unknown,Not the first voyage (or unknown) of both the captain and the outfitter,0,0,0,114,0,10,0,38.33191680908203,0,.60747665,2.8394012,Nation at peace,No major European war or nation at war,428,0,Voyage completed as intended,Voyage completed as intended,Voyage,Gerhard de Kok,Firm,Dutch,"De Kok 2019, 280-290",,Geertruida & Christina,Adriaan Jacobsz,,Middelburgse Commercie Compagnie,,10587,Middelburg,,,1767-11-23,,,,1769-05-28,261,225,1,yes,yes,,"Figures are calculated from the accounts, more detail can be found in the MCC archive. Original source in Flemish Pounds.",11,23nov1767,,,,,,,,,5,28may1769,1767,,,,,1769,1767,1768,10587,.13461539,5.5606818,6.059123,Firm,3125824,7.4776044,1751-1775,West,6.3135481,111147,0,133145.5,16530,1068122.6,0,1279528.3,158853.28,111147,116615.5,1068122.6,1120675,1068.1227,6.9736581,2.4956138,4108.1641,4.1081638,8.3207312,.049200609
GK012,South,2,Dutch,1769,1770,321,300,483,1,12/29/1769,12/29/1769,,,,,,,04/26/1771,04/26/1771,,,,,,,59,18,2,1,Not first voyage or unknown,Not first voyage or unknown,Not the first voyage (or unknown) of both the captain and the outfitter,0,0,0,114,0,6,0,41.31495666503906,1,.75,3.6561909,Nation at peace,No major European war or nation at war,428,.07,Voyage completed as intended,Voyage completed as intended,Voyage,Gerhard de Kok,Firm,Dutch,"De Kok 2019, 280-290",,Geertruida & Christina,Johannes Bakker,,Middelburgse Commercie Compagnie,,10588,Middelburg,,,1769-12-28,,,,1771-04-26,321,283,1,yes,yes,,"Figures are calculated from the accounts, more detail can be found in the MCC archive. Original source in Flemish Pounds.",12,28dec1769,,,,,,,,,4,26apr1771,1769,,,,,1771,1769,1770,10588,.065420561,5.771441,6.059123,Firm,3132900,7.478735,1751-1775,South,6.1800165,110908,0,124314.5,12663,1065825.9,0,1194662.3,121691.42,110908,111651.5,1065825.9,1072970.9,1065.8259,6.9715052,2.4902475,3320.3301,3.3203301,8.1078196,.0067037544
GK013,West,2,Dutch,1771,1772,269,250,632,1,08/23/1771,08/23/1771,,,,,,,05/16/1773,05/16/1773,,,,,,,70,36,1,1,Not first voyage or unknown,Not first voyage or unknown,Not the first voyage (or unknown) of both the captain and the outfitter,0,0,0,114,0,2,0,39.52737426757813,0,.62850469,2.3955984,Nation at peace,No major European war or nation at war,428,0,Voyage completed as intended,Voyage completed as intended,Voyage,Gerhard de Kok,Firm,Dutch,"De Kok 2019, 280-290",,Geertruida & Christina,Willem Dreijber,,Middelburgse Commercie Compagnie,,10589,Middelburg,,,1771-08-23,,,,1773-05-19,289,229,1,yes,yes,,"Figures are calculated from the accounts, more detail can be found in the MCC archive. Original source in Flemish Pounds.",8,23aug1771,,,,,,,,,5,19may1773,1771,,,,,1773,1771,1772,10589,.070631973,5.5947113,6.059123,Firm,3139984,7.4798641,1751-1775,West,6.4488893,107818,0,93494,17536,1036130.9,0,898477.31,168520.95,107818,75958,1036130.9,729956.38,1036.131,6.9432487,2.4208667,3851.7881,3.851788,8.2562923,-.29549798
GK014,Gulf of Guinea,2,Dutch,1774,1775,335,286,654,1,05/09/1774,05/09/1774,,,,,,,02/22/1776,02/22/1776,,,,,,,83,12,3,1,Not first voyage or unknown,Not first voyage or unknown,Not the first voyage (or unknown) of both the captain and the outfitter,0,0,0,114,0,5,0,48.02420425415039,0,.6922918,2.8416688,Nation at peace,Nation neutral during a major European war,483.89999,.15000001,Voyage completed as intended,Voyage completed as intended,Voyage,Gerhard de Kok,Firm,Dutch,"De Kok 2019, 280-290",,Geertruida & Christina,Johannes Noordhoek,,Middelburgse Commercie Compagnie,,10590,Middelburg,,,1774-05-09,,,,1776-02-23,345,272,1,yes,yes,,"Figures are calculated from the accounts, more detail can be found in the MCC archive. Original source in Flemish Pounds.",5,09may1774,,,,,,,,,2,23feb1776,1774,,,,,1776,1774,1775,10590,.14626865,5.8141303,6.1818781,Firm,3150625,7.4815559,1751-1775,Gulf of Guinea,6.4831076,122877,0,141308,21743,1180847.9,0,1357969.9,208950.23,122877,119565,1180847.9,1149019.6,1180.8479,7.073988,2.4402726,3524.9192,3.5249193,8.167613,-.026953783
GK015,West,2,Dutch,1776,1777,303,298,551,1,11/26/1776,11/26/1776,,,,,,,05/31/1778,05/31/1778,,,,,,,89,44,5,0,Not first voyage or unknown,Not first voyage or unknown,Not the first voyage (or unknown) of both the captain and the outfitter,1,0,1,114,0,6,0,34.7105598449707,0,.62616241,2.2987125,Nation at peace,Nation neutral during a major European war,483.89999,.02,Voyage completed as intended,Voyage completed as intended,Voyage,Gerhard de Kok,Firm,Dutch,"De Kok 2019, 280-290",,Geertruida & Christina,Johannes Bakker,,Middelburgse Commercie Compagnie,,10591,Middelburg,,,1776-11-26,,,,1778-06-06,304,293,1,yes,yes,,"Figures are calculated from the accounts, more detail can be found in the MCC archive. Original source in Flemish Pounds.",11,26nov1776,,,,,,,,,6,06jun1778,1776,,,,,1778,1776,1777,10591,.01650165,5.7137327,6.1818781,Firm,3157729,7.4826818,1776-1800,West,6.3117347,107517,0,136056,20151,1033238.3,0,1307498.1,193651.11,107517,115905,1033238.3,1113847,1033.2383,6.9404531,2.135231,3410.0273,3.4100273,8.1344757,.078015573
GK016,West,2,Dutch,1783,1785,242,155,,1,08/21/1783,08/21/1783,,,,,,,,,,,,,,,104,55,5,5,Not first voyage or unknown,Not first voyage or unknown,Not the first voyage (or unknown) of both the captain and the outfitter,0,0,0,114,0,7,0,64.22508239746094,0,.50010335,4.3989782,Nation at peace,Nation neutral during a major European war,483.89999,.36000001,Voyage completed as intended,Voyage completed as intended,Voyage,Gerhard de Kok,Firm,Dutch,"De Kok 2019, 280-290",,Geertruida & Christina,Cornelis van Kakom,,Middelburgse Commercie Compagnie,,10592,Middelburg,,,1782-08-21,,,,,276,145,1,yes,yes,,"Voyages ended in Suriname due to bad condition of ship. Figures are calculated from the accounts, more detail can be found in the MCC archive. Original source in Flemish Pounds.",8,21aug1782,,,,,,,,,,,1782,,,,,,1782,1783,10592,.35950413,5.4889379,6.1818781,Firm,3186225,7.4871736,1776-1800,West,,102598,0,74696,18929,985966.75,0,717828.5,181907.69,102598,55767,985966.75,535920.81,985.96674,6.8936224,2.0375423,4074.2427,4.0742426,8.3124399,-.45645139
GK017,"Mixed, unknown or not in Africa",2,Dutch,1741,1741,219,207,499,1,06/09/1741,06/09/1741,,,,,,,10/21/1742,10/21/1742,,,,,,,2,0,1,0,Not first voyage or unknown,Not first voyage or unknown,Not the first voyage (or unknown) of both the captain and the outfitter,1,1,2,114,0,3,0,33.16066741943359,0,.80514705,6.6321335,Nation at peace,Nation neutral during a major European war,272,.050000001,Voyage completed as intended,Voyage completed as intended,Voyage,Gerhard de Kok,Firm,Dutch,"De Kok 2019, 280-290",,Grenadier,Jan van der Loo,,Middelburgse Commercie Compagnie,,10617,Middelburg,,,1741-06-09,,,,,236,207,1,yes,yes,,"Figures are calculated from the accounts, more detail can be found in the MCC archive. Original source in Flemish Pounds.",6,09jun1741,,,,,,,,,,,1741,,,,,,1741,1742,10617,.05479452,5.3890719,5.6058021,Firm,3031081,7.4622149,pre-1750,"Mixed, unknown or not in Africa",6.212606,60417,0,64213,12616,580607.38,0,617086.94,121239.75,60417,51597,580607.38,495847.19,580.60736,6.3640747,2.1345859,2651.175,2.651175,7.8827581,-.14598539
GK018,Gulf of Guinea,2,Dutch,1743,1743,298,289,456,1,03/01/1743,03/01/1743,,,,,,,05/30/1744,05/30/1744,,,,,,,7,1,2,1,Not first voyage or unknown,Not first voyage or unknown,Not the first voyage (or unknown) of both the captain and the outfitter,0,0,0,114,0,3,0,30.43990135192871,0,1.0955882,4.2277641,Nation at peace,Nation neutral during a major European war,272,.029999999,Voyage completed as intended,Voyage completed as intended,Voyage,Gerhard de Kok,Firm,Dutch,"De Kok 2019, 280-290",,Grenadier,Jan van der Loo,,Middelburgse Commercie Compagnie,,10618,Middelburg,,,1743-03-01,,,,1744-05-30,304,288,1,yes,yes,,"Figures are calculated from the accounts, more detail can be found in the MCC archive. Original source in Flemish Pounds.",3,01mar1743,,,,,,,,,5,30may1744,1743,,,,,1744,1743,1744,10618,.030201342,5.6970935,5.6058021,Firm,3038049,7.4633632,pre-1750,Gulf of Guinea,6.1224928,52858,0,94852,20305,507965.38,0,911527.69,195131.05,52858,74547,507965.38,716396.63,507.96536,6.2304134,1.8675197,1704.5818,1.7045817,7.4410748,.41032577
GK019,West,2,Dutch,1745,1746,376,322,669,1,06/10/1745,06/10/1745,,,,,,,04/10/1747,04/10/1747,,,,,,,10,5,0,0,Not first voyage or unknown,First voyage,First voyage of only one of the captain or the outfitter,1,0,1,114,0,1,1,21.36000061035156,0,1.3823529,4.1882353,Nation at peace,Nation neutral during a major European war,272,0,Voyage completed as intended,Voyage completed as intended,Voyage,Gerhard de Kok,Firm,Dutch,"De Kok 2019, 280-290",,Grenadier,Roelof Jansen,,Middelburgse Commercie Compagnie,,10619,Middelburg,,,1745-10-06,,,,,376,320,1,yes,yes,,"Figures are calculated from the accounts, more detail can be found in the MCC archive. Original source in Flemish Pounds.",10,06oct1745,,,,,,,,,,,1745,,,,,,1745,1746,10619,.14361702,5.9295893,5.6058021,Firm,3048516,7.4650826,pre-1750,West,6.505784,61936,0,98588,10784,595204.94,0,947430.63,103634.23,61936,87804,595204.94,843796.38,595.20496,6.388906,2.1882534,1582.9919,1.582992,7.3670721,.41765693
GK020,South,2,Dutch,1748,1749,270,212,658,1,08/17/1748,08/17/1748,,,,,,,06/06/1750,06/06/1750,,,,,,,12,2,0,0,Not first voyage or unknown,First voyage,First voyage of only one of the captain or the outfitter,1,0,1,114,0,1,1,19.30868530273438,1,1.0887097,2.970567,Nation at peace,No major European war or nation at war,248,.20999999,Voyage completed as intended,Voyage completed as intended,Voyage,Gerhard de Kok,Firm,Dutch,"De Kok 2019, 280-290",,Grenadier,Albert Steenhoff,,Middelburgse Commercie Compagnie,,10620,Middelburg,,,,,,,,352,196,1,yes,yes,,"Figures are calculated from the accounts, more detail can be found in the MCC archive. Original source in Flemish Pounds.",,,,,,,,,,,,,,,,,,,,,10620,.21481481,5.5984221,5.5134287,Firm,3059001,7.4667993,pre-1750,South,6.4892049,61941,0,34808.5,11940,595253,0,334509.69,114743.39,61941,22868.5,595253,219766.3,595.25299,6.3889866,2.4002137,2204.6406,2.2046406,7.6983199,-.63080192
GK021,West,2,Dutch,1751,1751,289,273,492,1,01/03/1751,01/03/1751,,,,,,,05/09/1752,05/09/1752,,,,,,,13,6,2,0,Not first voyage or unknown,Not first voyage or unknown,Not the first voyage (or unknown) of both the captain and the outfitter,1,0,1,114,0,5,0,33.35828971862793,0,1.0625,5.6539474,Nation at peace,No major European war or nation at war,272,0,Voyage completed as intended,Voyage completed as intended,Voyage,Gerhard de Kok,Firm,Dutch,"De Kok 2019, 280-290",,Grenadier,Jan van Kerkhoven,,Middelburgse Commercie Compagnie,,10621,Middelburg,,,,,,,,289,273,1,yes,yes,,"Figures are calculated from the accounts, more detail can be found in the MCC archive. Original source in Flemish Pounds.",,,,,,,,,,,,,,,,,,,,,10621,.055363324,5.6664267,5.6058021,Firm,3066001,7.4679422,1751-1775,West,6.1984787,52120,0,71728,11747,500873.19,0,689306.06,112888.66,52120,59981,500873.19,576417.38,500.8732,6.2163529,1.8414456,1733.1252,1.7331252,7.4576817,.15082502
GK022,Gulf of Guinea,2,Dutch,1742,1742,225,196,471,1,02/20/1742,02/20/1742,,,,,,,06/06/1743,06/06/1743,,,,,,,5,0,0,0,Not first voyage or unknown,First voyage,First voyage of only one of the captain or the outfitter,1,1,2,114,0,1,1,34.57146453857422,0,.8272059,7.3556309,Nation at peace,Nation neutral during a major European war,272,0,Voyage completed as intended,Voyage completed as intended,Voyage,Gerhard de Kok,Firm,Dutch,"De Kok 2019, 280-290",,Groot Prooijen,Willem Jansen,,Middelburgse Commercie Compagnie,,10624,Middelburg,,,1742-02-20,,,,,225,196,1,yes,yes,,"Figures are calculated from the accounts, more detail can be found in the MCC archive. Original source in Flemish Pounds.",2,20feb1742,,,,,,,,,,,1742,,,,,,1742,1743,10624,.12888889,5.4161005,5.6058021,Firm,3034564,7.4627891,pre-1750,Gulf of Guinea,6.1548581,60838,0,66438,12540,584653.13,0,638469.19,120509.39,60838,53898,584653.13,517959.81,584.65314,6.3710189,2.1494601,2598.4585,2.5984585,7.8626738,-.11407344
GK023,West,2,Dutch,1743,1744,338,271,555,1,11/24/1743,11/24/1743,,,,,,,06/01/1745,06/01/1745,,,,,,,9,4,2,2,Not first voyage or unknown,Not first voyage or unknown,Not the first voyage (or unknown) of both the captain and the outfitter,0,0,0,114,0,3,0,22.80758476257324,0,1.2426471,4.7515798,Nation at peace,Nation neutral during a major European war,272,0,Voyage completed as intended,Voyage completed as intended,Voyage,Gerhard de Kok,Firm,Dutch,"De Kok 2019, 280-290",,Groot Prooijen,Gideon de Bonrepo,,Middelburgse Commercie Compagnie,,10625,Middelburg,,,1743-11-24,,,,,338,271,1,yes,yes,,"Figures are calculated from the accounts, more detail can be found in the MCC archive. Original source in Flemish Pounds.",11,24nov1743,,,,,,,,,,,1743,,,,,,1743,1744,10625,.19822486,5.8230457,5.6058021,Firm,3041536,7.4639368,pre-1750,West,6.3189683,54838,0,59643,11599,526993.13,0,573169.25,111466.38,54838,48044,526993.13,461702.88,526.9931,6.2671876,1.9374746,1559.1512,1.5591513,7.3518968,-.12389219
GK024,South,2,Dutch,1747,1748,328,294,477,1,10/27/1747,10/27/1747,,,,,,,02/15/1749,02/15/1749,,,,,,,11,1,0,0,Not first voyage or unknown,First voyage,First voyage of only one of the captain or the outfitter,1,0,1,114,0,1,1,37.37809371948242,0,1.2058823,5.1202865,Nation at peace,Nation neutral during a major European war,272,.1,Voyage completed as intended,Voyage completed as intended,Voyage,Gerhard de Kok,Firm,Dutch,"De Kok 2019, 280-290",,Groot Prooijen,Hendrik van Rien,,Middelburgse Commercie Compagnie,,10626,Middelburg,,,1747-10-27,,,,,328,261,1,yes,yes,,"Figures are calculated from the accounts, more detail can be found in the MCC archive. Original source in Flemish Pounds.",10,27oct1747,,,,,,,,,,,1747,,,,,,1747,1748,10626,.10365853,5.7930136,5.6058021,Firm,3055504,7.4662275,pre-1750,South,6.1675167,53008,0,62576,10106,509406.84,0,601355.31,97118.656,53008,52470,509406.84,504236.66,509.40683,6.2332468,1.8728192,1553.0696,1.5530696,7.3479886,-.010149412
GK025,West,2,Dutch,1740,1741,246,206,545,1,07/20/1740,07/20/1740,,,,,,,01/16/1742,01/16/1742,,,,,,,2,1,0,0,Not first voyage or unknown,First voyage,First voyage of only one of the captain or the outfitter,1,0,1,114,0,3,0,33.16066741943359,0,1.1826923,6.6321335,Nation at peace,Nation neutral during a major European war,208,0,Voyage completed as intended,Voyage completed as intended,Voyage,Gerhard de Kok,Firm,Dutch,"De Kok 2019, 280-290",,Guinese Galei,Gideon de Bonrepo,,Middelburgse Commercie Compagnie,,10627,Middelburg,,,,,,,,246,201,1,yes,yes,,"Figures are calculated from the accounts, more detail can be found in the MCC archive. Original source in Flemish Pounds.",,,,,,,,,,,,,,,,,,,,,10627,.16260162,5.5053315,5.3375382,Firm,3031081,7.4622149,pre-1750,West,6.300786,56067,0,58008,9498,538803.88,0,557456.88,91275.773,56067,48510,538803.88,466181.09,538.80389,6.2893515,2.5904033,2190.2598,2.1902597,7.6917753,-.13478516
GK026,West,2,Dutch,1764,1765,273,257,591,1,07/30/1764,07/30/1764,,,,,,,03/13/1766,03/13/1766,,,,,,,46,24,6,6,Not first voyage or unknown,Not first voyage or unknown,Not the first voyage (or unknown) of both the captain and the outfitter,0,0,0,114,0,7,0,35.30036544799805,0,.68939394,3.602078,Nation at peace,No major European war or nation at war,396,.059999999,Voyage completed as intended,Voyage completed as intended,Voyage,Gerhard de Kok,Firm,Dutch,"De Kok 2019, 280-290",,Haast U Langzaam,Jan Menkenveld,,Middelburgse Commercie Compagnie,,10659,Middelburg,,,,,,,,297,255,1,yes,yes,,"Figures are calculated from the accounts, more detail can be found in the MCC archive. Original source in Flemish Pounds.",,,,,,,,,,,,,,,,,,,,,10659,.058608059,5.6094718,5.9814143,Firm,3115225,7.4759059,1751-1775,West,6.3818159,98368,0,103721,11732,945316.44,0,996758.81,112744.52,98368,91989,945316.44,884014.31,945.31647,6.8515196,2.3871627,3462.6978,3.4626977,8.1498032,-.064848326
GK027,South,2,Dutch,1766,1767,304,301,589,1,11/30/1766,11/30/1766,,,,,,,07/11/1768,07/11/1768,,,,,,,50,15,0,0,Not first voyage or unknown,First voyage,First voyage of only one of the captain or the outfitter,1,0,1,114,0,6,0,35.98126983642578,1,.76767677,3.1018336,Nation at peace,No major European war or nation at war,396,.0099999998,Voyage completed as intended,Voyage completed as intended,Voyage,Gerhard de Kok,Firm,Dutch,"De Kok 2019, 280-290",,Haast U Langzaam,Adriaan Chatelain,,Middelburgse Commercie Compagnie,,10660,Middelburg,,,1766-11-30,,,,1768-07-04,302,283,1,yes,yes,,"Figures are calculated from the accounts, more detail can be found in the MCC archive. Original source in Flemish Pounds.",11,30nov1766,,,,,,,,,7,04jul1768,1766,,,,,1768,1766,1767,10660,.0098684207,5.7170277,5.9814143,Firm,3122289,7.4770384,1751-1775,South,6.3784261,111926,0,117224,17526,1075608.9,0,1126522.6,168424.84,111926,99698,1075608.9,958097.75,1075.6089,6.9806423,2.7161841,3538.187,3.538187,8.1713696,-.10925075
GK028,South,2,Dutch,1769,1770,327,326,538,1,01/05/1769,01/05/1769,,,,,,,06/27/1770,06/27/1770,,,,,,,59,18,1,1,Not first voyage or unknown,Not first voyage or unknown,Not the first voyage (or unknown) of both the captain and the outfitter,0,0,0,114,0,6,0,41.31495666503906,1,.82575756,3.6561909,Nation at peace,No major European war or nation at war,396,0,Voyage completed as intended,Voyage completed as intended,Voyage,Gerhard de Kok,Firm,Dutch,"De Kok 2019, 280-290",,Haast U Langzaam,Adriaan Chatelain,,Middelburgse Commercie Compagnie,,10661,Middelburg,,,1769-01-05,,,,1770-06-26,327,320,1,yes,yes,,"Figures are calculated from the accounts, more detail can be found in the MCC archive. Original source in Flemish Pounds.",1,05jan1769,,,,,,,,,6,26jun1770,1769,,,,,1770,1769,1770,10661,.0030581041,5.7899604,5.9814143,Firm,3132900,7.478735,1751-1775,South,6.2878585,108747,0,157056.5,17723,1045058.6,0,1509312.9,170318.02,108747,139333.5,1045058.6,1338994.9,1045.0586,6.951828,2.6390369,3195.8979,3.1958981,8.069623,.28126293
GK029,South,2,Dutch,1770,1771,400,388,510,1,11/19/1770,11/19/1770,,,,,,,04/12/1772,04/12/1772,,,,,,,64,21,2,2,Not first voyage or unknown,Not first voyage or unknown,Not the first voyage (or unknown) of both the captain and the outfitter,0,0,0,114,0,6,0,40.60084915161133,1,1.010101,3.2742622,Nation at peace,No major European war or nation at war,396,0,Voyage completed as intended,Voyage completed as intended,Voyage,Gerhard de Kok,Firm,Dutch,"De Kok 2019, 280-290",,Haast U Langzaam,Adriaan Chatelain,,Middelburgse Commercie Compagnie,,10662,Middelburg,,,,,,,1772-04-12,400,388,1,yes,yes,,"Figures are calculated from the accounts, more detail can be found in the MCC archive. Original source in Flemish Pounds.",,,,,,,,,,,4,12apr1772,,,,,,1772,1772,1771,10662,.029999999,5.9914646,5.9814143,Firm,3136441,7.4792995,1751-1775,South,6.2344108,111219,0,178617,23403,1068814.5,0,1716509.3,224902.83,111219,155214,1068814.5,1491606.4,1068.8145,6.9743052,2.6990263,2672.0361,2.6720362,7.8905959,.3955709
GK030,South,2,Dutch,1772,1773,326,317,530,1,10/22/1772,10/22/1772,,,,,,,04/05/1774,04/05/1774,,,,,,,75,26,2,0,Not first voyage or unknown,Not first voyage or unknown,Not the first voyage (or unknown) of both the captain and the outfitter,1,0,1,114,0,4,0,46.71073913574219,1,.82323235,3.434613,Nation at peace,No major European war or nation at war,396,.029999999,Voyage completed as intended,Voyage completed as intended,Voyage,Gerhard de Kok,Firm,Dutch,"De Kok 2019, 280-290",,Haast U Langzaam,Jan van Sprang,,Middelburgse Commercie Compagnie,,10663,Middelburg,,,1772-10-22,,,,1774-04-05,329,313,1,yes,yes,,"Figures are calculated from the accounts, more detail can be found in the MCC archive. Original source in Flemish Pounds.",10,22oct1772,,,,,,,,,4,05apr1774,1772,,,,,1774,1772,1773,10663,.027607363,5.7868972,5.9814143,Firm,3143529,7.4804282,1751-1775,South,6.2728772,116877,0,127088,18194,1123188,0,1221315.6,174844.34,116877,108894,1123188,1046471.3,1123.188,7.0239263,2.8363333,3445.3618,3.4453619,8.144784,-.068302572
GK031,West,2,Dutch,1775,1775,255,249,437,1,04/06/1775,04/06/1775,,,,,,,06/16/1776,06/16/1776,,,,,,,83,41,2,2,Not first voyage or unknown,Not first voyage or unknown,Not the first voyage (or unknown) of both the captain and the outfitter,0,0,0,114,0,7,0,48.02420425415039,0,.56830841,2.8416688,Nation at peace,Nation neutral during a major European war,448.70001,.02,Voyage completed as intended,Voyage completed as intended,Voyage,Gerhard de Kok,Firm,Dutch,"De Kok 2019, 280-290",,Haast U Langzaam,Cornelis van Kakom,,Middelburgse Commercie Compagnie,,10664,Middelburg,,,,,,,,262,249,1,yes,yes,,"Figures are calculated from the accounts, more detail can be found in the MCC archive. Original source in Flemish Pounds.",,,,,,,,,,,,,,,,,,,,,10664,.023529412,5.5412636,6.1063547,Firm,3150625,7.4815559,1751-1775,West,6.0799332,79948,0,125189,38043,768300.25,0,1203066.3,365593.22,79948,87146,768300.25,837473,768.30023,6.6441808,1.7122804,3012.9421,3.0129421,8.0106726,.090033524
GK032,West,2,Dutch,1777,1778,275,267,471,1,06/06/1777,06/06/1777,,,,,,,09/20/1778,09/20/1778,,,,,,,90,45,3,3,Not first voyage or unknown,Not first voyage or unknown,Not the first voyage (or unknown) of both the captain and the outfitter,0,0,0,114,0,7,0,45.58674621582031,0,.61288166,6.907083,Nation at peace,Nation neutral during a major European war,448.70001,.029999999,Voyage completed as intended,Voyage completed as intended,Voyage,Gerhard de Kok,Firm,Dutch,"De Kok 2019, 280-290",,Haast U Langzaam,Cornelis van Kakom,,Middelburgse Commercie Compagnie,,10665,Middelburg,,,1777-06-06,,,,1778-09-18,281,263,1,yes,yes,,"Figures are calculated from the accounts, more detail can be found in the MCC archive. Original source in Flemish Pounds.",6,06jun1777,,,,,,,,,9,18sep1778,1777,,,,,1778,1777,1778,10665,.029090909,5.6167712,6.1063547,Firm,3161284,7.4832444,1776-1800,West,6.1548581,93837,0,139224,21381,901773.56,0,1337942.6,205471.41,93837,117843,901773.56,1132471.3,901.77356,6.8043633,2.009747,3279.1765,3.2791765,8.0953474,.25582659
GK034,South,2,Dutch,1732,1733,316,294,682,1,06/24/1732,06/24/1732,,,,,,,05/07/1734,05/07/1734,,,,,,,0,0,6,2,First voyage,Not first voyage or unknown,First voyage of only one of the captain or the outfitter,0,1,1,114,0,9,0,22.08207893371582,1,1.2539682,7.1232514,Nation at peace,No major European war or nation at war,252,.07,Voyage completed as intended,Voyage completed as intended,Voyage,Gerhard de Kok,Firm,Dutch,"De Kok 2019, 280-290",,Hof van Zeeland,Jan de Moor,,Middelburgse Commercie Compagnie,,10675,Middelburg,,,,,,,,318,268,1,yes,yes,,"Figures are calculated from the accounts, more detail can be found in the MCC archive. Original source in Flemish Pounds.",,,,,,,,,,,,,,,,,,,,,10675,.069620252,5.7557421,5.529429,Firm,3003289,7.4576092,pre-1750,South,6.5250297,70917,0,72637,19486,681512.38,0,698041.5,187260.45,70917,53151,681512.38,510781.06,681.51239,6.5243144,2.7044141,2156.6848,2.1566849,7.6763277,-.2505182
GK035,West,2,Dutch,1769,1770,117,116,363,1,10/02/1769,10/02/1769,,,,,,,09/30/1770,09/30/1770,,,,,,,59,31,0,0,Not first voyage or unknown,First voyage,First voyage of only one of the captain or the outfitter,1,0,1,114,0,5,0,41.31495666503906,0,.41785714,3.6561909,Nation at peace,No major European war or nation at war,280,.0099999998,Voyage completed as intended,Voyage completed as intended,Voyage,Gerhard de Kok,Firm,Dutch,"De Kok 2019, 280-290",,Jonge Willem,Johannes Noordhoek,,Middelburgse Commercie Compagnie,,10784,Middelburg,,,1769-10-02,,,,,118,116,1,yes,yes,,"Figures are calculated from the accounts, more detail can be found in the MCC archive. Original source in Flemish Pounds.",10,02oct1769,,,,,,,,,,,1769,,,,,,1769,1770,10784,.008547009,4.7621741,5.6347895,Firm,3132900,7.478735,1751-1775,West,5.894403,69698,0,86994.5,8993,669797.75,0,836017.13,86422.727,69698,78001.5,669797.75,749594.38,669.79773,6.5069757,2.3921347,5724.7671,5.7247672,8.6525574,.11913541
GK036,South,2,Dutch,1771,1771,189,183,345,1,01/15/1771,01/15/1771,,,,,,,12/26/1771,12/26/1771,,,,,,,64,21,1,0,Not first voyage or unknown,Not first voyage or unknown,Not the first voyage (or unknown) of both the captain and the outfitter,1,0,1,114,0,5,0,40.60084915161133,1,.67500001,3.2742622,Nation at peace,No major European war or nation at war,280,0,Voyage completed as intended,Voyage completed as intended,Voyage,Gerhard de Kok,Firm,Dutch,"De Kok 2019, 280-290",,Jonge Willem,Johannes Noordhoek,,Middelburgse Commercie Compagnie,,10785,Middelburg,,,1771-01-15,,,,,189,183,1,yes,yes,,"Figures are calculated from the accounts, more detail can be found in the MCC archive. Original source in Flemish Pounds.",1,15jan1771,,,,,,,,,,,1771,,,,,,1771,1772,10785,.031746034,5.2417469,5.6347895,Firm,3136441,7.4792995,1751-1775,South,5.8435445,71862,0,82053,7831,690593.81,0,788529.31,75255.906,71862,74222,690593.81,713273.38,690.59381,6.5375519,2.4664066,3653.9355,3.6539354,8.2035599,.032840721
GK037,Gulf of Guinea,2,Dutch,1772,1772,108,107,464,1,04/14/1772,04/14/1772,,,,,,,07/22/1773,07/22/1773,,,,,,,70,9,2,0,Not first voyage or unknown,Not first voyage or unknown,Not the first voyage (or unknown) of both the captain and the outfitter,1,0,1,114,0,5,0,39.52737426757813,0,.38571429,2.3955984,Nation at peace,No major European war or nation at war,280,.0092592593,Voyage completed as intended,Voyage completed as intended,Voyage,Gerhard de Kok,Firm,Dutch,"De Kok 2019, 280-290",,Jonge Willem,Johannes Noordhoek,,Middelburgse Commercie Compagnie,,10786,Middelburg,,,1772-04-14,,,,,108,107,1,yes,yes,,"Figures are calculated from the accounts, more detail can be found in the MCC archive. Original source in Flemish Pounds.",4,14apr1772,,,,,,,,,,,1772,,,,,,1772,1773,10786,.0092592593,4.6821313,5.6347895,Firm,3139984,7.4798641,1751-1775,Gulf of Guinea,6.1398845,64327,0,91965,10368,618182.44,0,883783.63,99636.477,64327,81597,618182.44,784147.13,618.18243,6.4267836,2.2077944,5723.9116,5.7239118,8.6524076,.26847202
GK038,Gulf of Guinea,2,Dutch,1774,1774,163,132,788,1,06/07/1774,06/07/1774,,,,,,,08/03/1776,08/03/1776,,,,,,,78,10,2,0,Not first voyage or unknown,Not first voyage or unknown,Not the first voyage (or unknown) of both the captain and the outfitter,1,0,1,114,0,6,0,46.84087371826172,0,.50762999,2.7553456,Nation at peace,No major European war or nation at war,321.10001,0,Voyage completed as intended,Voyage completed as intended,Voyage,Gerhard de Kok,Firm,Dutch,"De Kok 2019, 280-290",,Jonge Willem,Cornelis Loef,,Middelburgse Commercie Compagnie,,10787,Middelburg,,,1774-07-06,,,,,150,132,1,yes,yes,,"Figures are calculated from the accounts, more detail can be found in the MCC archive. Original source in Flemish Pounds.",7,06jul1774,,,,,,,,,,,1774,,,,,,1774,1775,10787,.19018404,5.09375,5.7717528,Firm,3147076,7.4809923,1751-1775,Gulf of Guinea,6.669498,76950,0,87130,14247,739489.44,0,837319.25,136913.66,76950,72883,739489.44,700405.63,739.48944,6.6059599,2.3029881,4536.7451,4.5367451,8.4199648,-.0528525
GK039,West,2,Dutch,1778,1778,202,197,544,1,05/25/1778,05/25/1778,,,,,,,11/20/1779,11/20/1779,,,,,,,90,45,3,0,Not first voyage or unknown,Not first voyage or unknown,Not the first voyage (or unknown) of both the captain and the outfitter,1,0,1,114,0,6,0,45.58674621582031,0,.62908751,6.907083,Nation at peace,Nation neutral during a major European war,321.10001,.02,Voyage completed as intended,Voyage completed as intended,Voyage,Gerhard de Kok,Firm,Dutch,"De Kok 2019, 280-290",,Jonge Willem,Cornelis Loef,,Middelburgse Commercie Compagnie,,10788,Middelburg,,,1778-04-25,,,,,203,197,1,yes,yes,,"Figures are calculated from the accounts, more detail can be found in the MCC archive. Original source in Flemish Pounds.",4,25apr1778,,,,,,,,,,,1778,,,,,,1778,1779,10788,.024752475,5.3082676,5.7717528,Firm,3161284,7.4832444,1776-1800,West,6.2989492,79857,0,147144,29630,767425.75,0,1414053.8,284744.28,79857,117514,767425.75,1129309.5,767.42572,6.6430416,2.3899899,3799.1372,3.7991371,8.2425289,.47155541
GK041,Gulf of Guinea,2,Dutch,1753,1754,224,205,493,1,09/13/1753,09/13/1753,,,,,,,01/19/1755,01/19/1755,,,,,,,17,3,0,0,Not first voyage or unknown,First voyage,First voyage of only one of the captain or the outfitter,1,0,1,114,0,2,0,34.10401916503906,0,1.1666666,5.5908227,Nation at peace,No major European war or nation at war,192,.079999998,Voyage completed as intended,Voyage completed as intended,Voyage,Gerhard de Kok,Firm,Dutch,"De Kok 2019, 280-290",,Mercurius,Maarten Stam,,Middelburgse Commercie Compagnie,,10858,Middelburg,,,,,,,,231,199,1,yes,yes,,"Figures are calculated from the accounts, more detail can be found in the MCC archive. Original source in Flemish Pounds.",,,,,,,,,,,,,,,,,,,,,10858,.084821425,5.4116459,5.2574954,Firm,3076516,7.4696541,1751-1775,Gulf of Guinea,6.2005091,51357,0,55921,11177,493540.75,0,537400.81,107410.97,51357,44744,493540.75,429989.84,493.54074,6.2016053,2.5705247,2203.3069,2.2033069,7.6977148,-.12876531
GK042,West,2,Dutch,1752,1752,220,217,653,1,08/19/1752,08/19/1752,,,,,,,06/03/1754,06/03/1754,,,,,,,14,7,3,1,Not first voyage or unknown,Not first voyage or unknown,Not the first voyage (or unknown) of both the captain and the outfitter,0,0,0,114,0,5,0,32.724853515625,0,.82089549,4.8124785,Nation at peace,No major European war or nation at war,268,.018181818,Voyage completed as intended,Voyage completed as intended,Voyage,Gerhard de Kok,Firm,Dutch,"De Kok 2019, 280-290",,Middelburgs Welvaren,Jan van Kerkhoven,,Middelburgse Commercie Compagnie,,10869,Middelburg,,,1752-08-19,,,,,270,217,1,yes,yes,,"Figures are calculated from the accounts, more detail can be found in the MCC archive. Original source in Flemish Pounds.",8,19aug1752,,,,,,,,,,,1752,,,,,,1752,1753,10869,.013636364,5.3936276,5.5909872,Firm,3069504,7.4685135,1751-1775,West,6.4815769,63121,0,87638,14697,606592.81,0,842201.13,141238.17,63121,72941,606592.81,700962.94,606.59283,6.4078579,2.263406,2757.2402,2.7572403,7.9219856,.15557422
GK043,West,2,Dutch,1762,1763,304,263,521,1,08/13/1762,08/13/1762,,,,,,,01/16/1764,01/16/1764,,,,,,,40,20,3,1,Not first voyage or unknown,Not first voyage or unknown,Not the first voyage (or unknown) of both the captain and the outfitter,0,0,0,114,0,6,0,36.49938201904297,0,.92682928,3.8020189,Nation at peace,Nation neutral during a major European war,328,0,Voyage completed as intended,Voyage completed as intended,Voyage,Gerhard de Kok,Firm,Dutch,"De Kok 2019, 280-290",,Nieuwe Hoop,David Mulder,,Middelburgse Commercie Compagnie,,10905,Middelburg,,,1762-08-13,,,,1764-01-16,305,263,1,yes,yes,,"Figures are calculated from the accounts, more detail can be found in the MCC archive. Original source in Flemish Pounds.",8,13aug1762,,,,,,,,,1,16jan1764,1762,,,,,1764,1762,1763,10905,.13486843,5.7170277,5.7930136,Firm,3108169,7.474772,1751-1775,West,6.2557502,79167,0,91698,19278,760794.88,0,881217.75,185261.58,79167,72420,760794.88,695956.19,760.79486,6.6343637,2.3194966,2502.6147,2.5026147,7.8250914,-.085224904
GK044,South,2,Dutch,1764,1765,351,345,632,1,05/26/1764,05/26/1764,,,,,,,02/17/1766,02/17/1766,,,,,,,46,14,4,2,Not first voyage or unknown,Not first voyage or unknown,Not the first voyage (or unknown) of both the captain and the outfitter,0,0,0,114,0,6,0,35.30036544799805,1,1.070122,3.602078,Nation at peace,No major European war or nation at war,328,.02,Voyage completed as intended,Voyage completed as intended,Voyage,Gerhard de Kok,Firm,Dutch,"De Kok 2019, 280-290",,Nieuwe Hoop,David Mulder,,Middelburgse Commercie Compagnie,,10906,Middelburg,,,1764-05-26,,,,1766-02-19,351,338,1,yes,yes,,"Figures are calculated from the accounts, more detail can be found in the MCC archive. Original source in Flemish Pounds.",5,26may1764,,,,,,,,,2,19feb1766,1764,,,,,1766,1764,1765,10906,.017094018,5.8607864,5.7930136,Firm,3115225,7.4759059,1751-1775,South,6.4488893,83037,0,95267,18663,797985.56,0,915515.88,179351.42,83037,76604,797985.56,736164.44,797.98553,6.6820903,2.4328828,2273.4631,2.2734632,7.7290597,-.077471487
GK045,Gulf of Guinea,2,Dutch,1766,1767,311,289,520,1,12/27/1766,12/27/1766,,,,,,,05/30/1768,05/30/1768,,,,,,,50,7,0,0,Not first voyage or unknown,First voyage,First voyage of only one of the captain or the outfitter,1,0,1,114,0,2,0,35.98126983642578,0,.94817072,3.1018336,Nation at peace,No major European war or nation at war,328,.07,Voyage completed as intended,Voyage completed as intended,Voyage,Gerhard de Kok,Firm,Dutch,"De Kok 2019, 280-290",,Nieuwe Hoop,Jacob Bouque,,Middelburgse Commercie Compagnie,,10907,Middelburg,,,1766-12-30,,,,1768-05-31,325,291,1,yes,yes,,"Figures are calculated from the accounts, more detail can be found in the MCC archive. Original source in Flemish Pounds.",12,30dec1766,,,,,,,,,5,31may1768,1766,,,,,1768,1766,1767,10907,.070739552,5.7397928,5.7930136,Firm,3122289,7.4770384,1751-1775,Gulf of Guinea,6.253829,83127,0,107607,14813,798850.44,0,1034103.3,142352.92,83127,92794,798850.44,891750.31,798.85046,6.6831737,2.4355197,2568.6511,2.5686512,7.8511362,.11629194
GK046,West,2,Dutch,1768,1769,259,251,476,1,08/27/1768,08/27/1768,,,,,,,12/16/1769,12/16/1769,,,,,,,56,29,1,0,Not first voyage or unknown,Not first voyage or unknown,Not the first voyage (or unknown) of both the captain and the outfitter,1,0,1,114,0,2,0,42.95030212402344,0,.78963417,3.1581104,Nation at peace,No major European war or nation at war,328,.029999999,Voyage completed as intended,Voyage completed as intended,Voyage,Gerhard de Kok,Firm,Dutch,"De Kok 2019, 280-290",,Nieuwe Hoop,Jacob Bouque,,Middelburgse Commercie Compagnie,,10908,Middelburg,,,1768-08-28,,,,1769-12-16,262,249,1,yes,yes,,"Figures are calculated from the accounts, more detail can be found in the MCC archive. Original source in Flemish Pounds.",8,28aug1768,,,,,,,,,12,16dec1769,1768,,,,,1769,1768,1769,10908,.03088803,5.556828,5.7930136,Firm,3129361,7.4781699,1751-1775,West,6.1654177,75176,0,120850,15973,722441.31,0,1161368.5,153500.53,75176,104877,722441.31,1007868,722.44128,6.5826364,2.202565,2789.3486,2.7893486,7.9335632,.3950862
GK047,West,2,Dutch,1770,1771,254,244,492,1,04/30/1770,04/30/1770,,,,,,,09/04/1771,09/04/1771,,,,,,,64,33,0,0,Not first voyage or unknown,First voyage,First voyage of only one of the captain or the outfitter,1,0,1,114,0,4,0,40.60084915161133,0,.77439022,3.2742622,Nation at peace,No major European war or nation at war,328,.039999999,Voyage completed as intended,Voyage completed as intended,Voyage,Gerhard de Kok,Firm,Dutch,"De Kok 2019, 280-290",,Nieuwe Hoop,Jan Wilton,,Middelburgse Commercie Compagnie,,10909,Middelburg,,,1770-04-13,,,,1771-09-05,260,237,1,yes,yes,,"Figures are calculated from the accounts, more detail can be found in the MCC archive. Original source in Flemish Pounds.",4,13apr1770,,,,,,,,,9,05sep1771,1770,,,,,1771,1770,1771,10909,.039370079,5.5373344,5.7930136,Firm,3136441,7.4792995,1751-1775,West,6.1984787,73076,0,87177,13199,702260.31,0,837770.94,126842.38,73076,73978,702260.31,710928.56,702.26031,6.5543041,2.1410375,2764.8044,2.7648044,7.9247251,.012343314
GK048,West,2,Dutch,1772,1773,214,177,714,1,07/03/1772,07/03/1772,,,,,,,06/17/1774,06/17/1774,,,,,,,75,38,1,1,Not first voyage or unknown,Not first voyage or unknown,Not the first voyage (or unknown) of both the captain and the outfitter,0,0,0,114,0,4,0,46.71073913574219,0,.652439,3.434613,Nation at peace,No major European war or nation at war,328,0,Voyage completed as intended,Voyage completed as intended,Voyage,Gerhard de Kok,Firm,Dutch,"De Kok 2019, 280-290",,Nieuwe Hoop,Jan Wilton,,Middelburgse Commercie Compagnie,,10910,Middelburg,,,1772-07-03,,,,1774-06-14,214,177,1,yes,yes,,"Figures are calculated from the accounts, more detail can be found in the MCC archive. Original source in Flemish Pounds.",7,03jul1772,,,,,,,,,6,14jun1774,1772,,,,,1774,1772,1773,10910,.17289719,5.3659759,5.7930136,Firm,3143529,7.4804282,1751-1775,West,6.5708828,76977,0,71835,13430,739748.94,0,690334.31,129062.3,76977,58405,739748.94,561272,739.74896,6.6063108,2.2553322,3456.7708,3.4567707,8.1480904,-.24126688
GK049,West,2,Dutch,1775,1776,253,229,682,1,07/21/1775,07/21/1775,,,,,,,06/02/1777,06/02/1777,,,,,,,86,42,2,2,Not first voyage or unknown,Not first voyage or unknown,Not the first voyage (or unknown) of both the captain and the outfitter,0,0,0,114,0,4,0,40.83871078491211,0,.67665154,2.9809279,Nation at peace,Nation neutral during a major European war,373.89999,.079999998,Voyage completed as intended,Voyage completed as intended,Voyage,Gerhard de Kok,Firm,Dutch,"De Kok 2019, 280-290",,Nieuwe Hoop,Jan Wilton,,Middelburgse Commercie Compagnie,,10911,Middelburg,,,1775-07-28,,,,1777-06-02,258,229,1,yes,yes,,"Figures are calculated from the accounts, more detail can be found in the MCC archive. Original source in Flemish Pounds.",7,28jul1775,,,,,,,,,6,02jun1777,1775,,,,,1777,1775,1776,10911,.094861656,5.5333896,5.9239883,Firm,3154176,7.4821191,1776-1800,West,6.5250297,79356,0,99501,16156,762611.13,0,956204.56,155259.16,79356,83345,762611.13,800945.38,762.61115,6.6367483,2.0396125,3014.2732,3.0142732,8.0111141,.050267149
GK050,West,2,Dutch,1779,1779,290,283,442,1,03/05/1779,03/05/1779,,,,,,,05/20/1780,05/20/1780,,,,,,,94,49,0,0,Not first voyage or unknown,First voyage,First voyage of only one of the captain or the outfitter,1,0,1,114,0,4,0,31.72189712524414,1,.77560848,1.8882083,Nation at peace,Nation neutral during a major European war,373.89999,.02,Voyage completed as intended,Voyage completed as intended,Voyage,Gerhard de Kok,Firm,Dutch,"De Kok 2019, 280-290",,Nieuwe Hoop,Robert Goodwill,,Middelburgse Commercie Compagnie,,10912,Middelburg,,,1779-03-25,,,,1780-05-21,298,282,1,yes,yes,,"Figures are calculated from the accounts, more detail can be found in the MCC archive. Original source in Flemish Pounds.",3,25mar1779,,,,,,,,,5,21may1780,1779,,,,,1780,1779,1780,10912,.024137931,5.6698809,5.9239883,Firm,3164841,7.4838066,1776-1800,West,6.09131,74218,0,114021,18380,713234.94,0,1095741.8,176631.8,74218,95641,713234.94,919109.94,713.23492,6.5698109,1.9075553,2459.4307,2.4594307,7.8076854,.28864965
GK051,Gulf of Guinea,2,Dutch,1783,1785,215,202,,1,10/12/1783,10/12/1783,,,,,,,,,,,,,,,104,14,5,1,Not first voyage or unknown,Not first voyage or unknown,Not the first voyage (or unknown) of both the captain and the outfitter,0,0,0,114,0,6,0,64.22508239746094,1,.57502007,4.3989782,Nation at peace,Nation neutral during a major European war,373.89999,0,Original goal thwarted after disembarking enslaved people,Original goal thwarted or unknown,Voyage,Gerhard de Kok,Firm,Dutch,"De Kok 2019, 280-290",,Nieuwe Hoop,Cornelis Loef,,Middelburgse Commercie Compagnie,,10913,Middelburg,,,1783-10-12,,,,1785-07-25,215,202,1,yes,yes,,"Figures are calculated from the accounts, more detail can be found in the MCC archive. Original source in Flemish Pounds. Ship sold in Essequebo after being deemed unseaworthy.",10,12oct1783,,,,,,,,,7,25jul1785,1783,,,,,1785,1783,1784,10913,.060465116,5.3706379,5.9239883,Firm,3186225,7.4871736,1776-1800,Gulf of Guinea,,72357,0,126783,24772,695350.75,0,1218384.6,238058.91,72357,102011,695350.75,980325.75,695.35077,6.5444164,1.8597239,3234.1897,3.2341897,8.0815334,.40982905
GK052,West,2,Dutch,1752,1753,223,214,573,1,11/18/1752,11/18/1752,,,,,,,06/14/1754,06/14/1754,,,,,,,16,9,0,0,Not first voyage or unknown,First voyage,First voyage of only one of the captain or the outfitter,1,0,1,114,0,7,0,28.95367813110352,0,.92916667,4.1362395,Nation at peace,No major European war or nation at war,240,.039999999,Voyage completed as intended,Voyage completed as intended,Voyage,Gerhard de Kok,Firm,Dutch,"De Kok 2019, 280-290",,Philadelphia,Jan Menkenveld,,Middelburgse Commercie Compagnie,,10936,Middelburg,,,1752-11-18,,,,1754-06-04,230,215,1,yes,yes,,"Figures are calculated from the accounts, more detail can be found in the MCC archive. Original source in Flemish Pounds.",11,18nov1752,,,,,,,,,6,04jun1754,1752,,,,,1754,1752,1753,10936,.040358745,5.4071717,5.480639,Firm,3073009,7.4690838,1751-1775,West,6.3508859,58543,0,77731,11538,562598.19,0,746994.88,110880.18,58543,66193,562598.19,636114.69,562.59821,6.3325658,2.3441591,2522.8618,2.5228617,7.833149,.13067318
GK053,West,2,Dutch,1754,1755,252,244,456,1,09/21/1754,09/21/1754,,,,,,,12/21/1755,12/21/1755,,,,,,,19,10,1,1,Not first voyage or unknown,Not first voyage or unknown,Not the first voyage (or unknown) of both the captain and the outfitter,0,0,0,114,0,7,0,31.13497352600098,0,1.05,5.5598168,Nation at peace,Nation neutral during a major European war,240,.029999999,Voyage completed as intended,Voyage completed as intended,Voyage,Gerhard de Kok,Firm,Dutch,"De Kok 2019, 280-290",,Philadelphia,Jan Menkenveld,,Middelburgse Commercie Compagnie,,10937,Middelburg,,,1754-09-21,,,,1755-12-21,261,243,1,yes,yes,,"Figures are calculated from the accounts, more detail can be found in the MCC archive. Original source in Flemish Pounds.",9,21sep1754,,,,,,,,,12,21dec1755,1754,,,,,1755,1754,1755,10937,.031746034,5.529429,5.480639,Firm,3080025,7.4702239,1751-1775,West,6.1224928,56156,0,71140,10644,539659.13,0,683655.38,102288.84,56156,60496,539659.13,581366.56,539.65912,6.2909379,2.2485797,2141.5044,2.1415043,7.6692638,.077284709
GK054,West,2,Dutch,1756,1757,297,283,432,1,09/06/1756,09/06/1756,,,,,,,11/12/1757,11/12/1757,,,,,,,25,13,2,2,Not first voyage or unknown,Not first voyage or unknown,Not the first voyage (or unknown) of both the captain and the outfitter,0,0,0,114,0,7,0,31.86960220336914,0,1.2375,4.618783,Nation at peace,Nation neutral during a major European war,240,.050000001,Voyage completed as intended,Voyage completed as intended,Voyage,Gerhard de Kok,Firm,Dutch,"De Kok 2019, 280-290",,Philadelphia,Jan Menkenveld,,Middelburgse Commercie Compagnie,,10938,Middelburg,,,1756-09-07,,,,1757-10-12,308,286,1,yes,yes,,"Figures are calculated from the accounts, more detail can be found in the MCC archive. Original source in Flemish Pounds.",9,07sep1756,,,,,,,,,10,12oct1757,1756,,,,,1757,1756,1757,10938,.047138046,5.6937323,5.480639,Firm,3087049,7.4713631,1751-1775,West,6.0684257,58678,0,81566,11107,563895.56,0,783849.25,106738.27,58678,70459,563895.56,677111,563.89557,6.3348689,2.3495648,1898.6383,1.8986382,7.548892,.20077372
GK055,West,2,Dutch,1758,1759,329,260,443,1,06/24/1758,06/24/1758,,,,,,,09/10/1759,09/10/1759,,,,,,,30,15,3,3,Not first voyage or unknown,Not first voyage or unknown,Not the first voyage (or unknown) of both the captain and the outfitter,0,0,0,114,0,7,0,24.31369972229004,0,1.3708333,3.6838939,Nation at peace,Nation neutral during a major European war,240,.20999999,Voyage completed as intended,Voyage completed as intended,Voyage,Gerhard de Kok,Firm,Dutch,"De Kok 2019, 280-290",,Philadelphia,Jan Menkenveld,,Middelburgse Commercie Compagnie,,10939,Middelburg,,,1758-06-04,,,,1759-09-10,337,260,1,yes,yes,,"Figures are calculated from the accounts, more detail can be found in the MCC archive. Original source in Flemish Pounds.",6,04jun1758,,,,,,,,,9,10sep1759,1758,,,,,1759,1758,1759,10939,.20972644,5.7960577,5.480639,Firm,3094081,7.4725008,1751-1775,West,6.0935698,56337,0,58110.5,10806,541398.56,0,558441.88,103845.66,56337,47304.5,541398.56,454596.22,541.39856,6.2941556,2.2558274,1645.5884,1.6455884,7.4058533,-.1603298
GK056,West,2,Dutch,1760,1760,302,288,502,1,02/22/1760,02/22/1760,,,,,,,07/08/1761,07/08/1761,,,,,,,33,16,4,4,Not first voyage or unknown,Not first voyage or unknown,Not the first voyage (or unknown) of both the captain and the outfitter,0,0,0,114,0,7,0,27.28946113586426,0,1.2583333,3.5907185,Nation at peace,Nation neutral during a major European war,240,.050000001,Voyage completed as intended,Voyage completed as intended,Voyage,Gerhard de Kok,Firm,Dutch,"De Kok 2019, 280-290",,Philadelphia,Jan Menkenveld,,Middelburgse Commercie Compagnie,,10940,Middelburg,,,1760-03-06,,,,1761-07-08,312,287,1,yes,yes,,"Figures are calculated from the accounts, more detail can be found in the MCC archive. Original source in Flemish Pounds.",3,06mar1760,,,,,,,,,7,08jul1761,1760,,,,,1761,1760,1761,10940,.046357617,5.7104268,5.480639,Firm,3097600,7.4730692,1751-1775,West,6.2186003,57298,0,85972,14537,550633.75,0,826190.94,139700.56,57298,71435,550633.75,686490.38,550.63373,6.31107,2.2943072,1823.2905,1.8232906,7.5083981,.24672763
GK057,South,2,Dutch,1762,1762,358,329,451,1,04/12/1762,04/12/1762,,,,,,,07/07/1763,07/07/1763,,,,,,,37,11,0,0,Not first voyage or unknown,First voyage,First voyage of only one of the captain or the outfitter,1,0,1,114,0,1,1,34.06476593017578,1,1.11875,4.7312174,Nation at peace,Nation neutral during a major European war,320,0,Voyage completed as intended,Voyage completed as intended,Voyage,Gerhard de Kok,Firm,Dutch,"De Kok 2019, 280-290",,Philadelphia,Frans Wolff,,Middelburgse Commercie Compagnie,,10941,Middelburg,,,1762-04-12,,,,1763-07-07,358,329,1,yes,yes,,"Figures are calculated from the accounts, more detail can be found in the MCC archive. Original source in Flemish Pounds.",4,12apr1762,,,,,,,,,7,07jul1763,1762,,,,,1763,1762,1763,10941,.081005588,5.8805332,5.768321,Firm,3104644,7.474205,1751-1775,South,6.1114674,60808,0,89549,14609,584364.88,0,860565.81,140392.48,60808,74940,584364.88,720173.31,584.36487,6.3705254,1.8261402,1632.3041,1.6323041,7.397748,.23240364
GK058,South,2,Dutch,1763,1764,326,275,626,1,10/17/1763,10/17/1763,,,,,,,07/04/1765,07/04/1765,,,,,,,43,13,1,1,Not first voyage or unknown,Not first voyage or unknown,Not the first voyage (or unknown) of both the captain and the outfitter,0,0,0,114,0,4,0,33.98003005981445,1,1.01875,3.614897,Nation at peace,No major European war or nation at war,320,.16,Voyage completed as intended,Voyage completed as intended,Voyage,Gerhard de Kok,Firm,Dutch,"De Kok 2019, 280-290",,Philadelphia,Philippus Verdonk,,Middelburgse Commercie Compagnie,,10942,Middelburg,,,1763-10-17,,,,1765-06-07,324,250,1,yes,yes,,"Figures are calculated from the accounts, more detail can be found in the MCC archive. Original source in Flemish Pounds.",10,17oct1763,,,,,,,,,6,07jun1765,1763,,,,,1765,1763,1764,10942,.15644172,5.7868972,5.768321,Firm,3111696,7.4753394,1751-1775,South,6.4393506,66028,0,71629,15265,634529.06,0,688354.69,146696.64,66028,56364,634529.06,541658.06,634.52905,6.4528832,1.9829032,1946.4081,1.946408,7.573741,-.14636216
GK059,West,2,Dutch,1751,1752,256,245,,1,12/11/1751,12/11/1751,,,,,,,,,,,,,,,14,7,0,0,Not first voyage or unknown,First voyage,First voyage of only one of the captain or the outfitter,1,0,1,114,0,10,0,32.724853515625,0,.8888889,4.8124785,Nation at peace,No major European war or nation at war,288,.039999999,Voyage completed as intended,Voyage completed as intended,Voyage,Gerhard de Kok,Firm,Dutch,"De Kok 2019, 280-290",,Prins Willem de Vijfde,Adriaan Jacobsz,,Middelburgse Commercie Compagnie,,10956,Middelburg,,,1751-12-11,,,,1753-04-26,261,246,1,yes,yes,,"Figures are calculated from the accounts, more detail can be found in the MCC archive. Original source in Flemish Pounds.",12,11dec1751,,,,,,,,,4,26apr1753,1751,,,,,1753,1751,1752,10956,.04296875,5.5451775,5.6629605,Firm,3069504,7.4685135,1751-1775,West,,61683,0,92539,12051,592773.63,0,889299.75,115810.11,61683,80488,592773.63,773489.63,592.77362,6.3848124,2.0582418,2315.522,2.315522,7.7473903,.30486521
GK060,Gulf of Guinea,2,Dutch,1753,1754,231,224,441,1,08/11/1753,08/11/1753,,,,,,,10/26/1754,10/26/1754,,,,,,,17,3,2,1,Not first voyage or unknown,Not first voyage or unknown,Not the first voyage (or unknown) of both the captain and the outfitter,0,0,0,114,0,10,0,34.10401916503906,0,.80208331,5.5908227,Nation at peace,No major European war or nation at war,288,.029999999,Voyage completed as intended,Voyage completed as intended,Voyage,Gerhard de Kok,Firm,Dutch,"De Kok 2019, 280-290",,Prins Willem de Vijfde,Adriaan Jacobsz,,Middelburgse Commercie Compagnie,,10957,Middelburg,,,1753-08-11,,,,,233,225,1,yes,yes,,"Figures are calculated from the accounts, more detail can be found in the MCC archive. Original source in Flemish Pounds.",8,11aug1753,,,,,,,,,,,1753,,,,,,1753,1754,10957,.030303031,5.4424176,5.6629605,Firm,3076516,7.4696541,1751-1775,Gulf of Guinea,6.089045,54777,0,77625,17010,526406.94,0,745976.19,163466.09,54777,60615,526406.94,582510.13,526.40692,6.2660747,1.8278018,2278.8179,2.2788179,7.7314119,.10657758
GK061,South,2,Dutch,1755,1755,348,344,434,1,05/23/1755,05/23/1755,,,,,,,07/30/1756,07/30/1756,,,,,,,19,3,3,0,Not first voyage or unknown,Not first voyage or unknown,Not the first voyage (or unknown) of both the captain and the outfitter,1,0,1,114,0,10,0,31.13497352600098,1,1.2083334,5.5598168,Nation at peace,Nation neutral during a major European war,288,.0099999998,Voyage completed as intended,Voyage completed as intended,Voyage,Gerhard de Kok,Firm,Dutch,"De Kok 2019, 280-290",,Prins Willem de Vijfde,Adriaan Jacobsz,,Middelburgse Commercie Compagnie,,10958,Middelburg,,,1755-05-23,,,,1756-07-30,348,340,1,yes,yes,,"Figures are calculated from the accounts, more detail can be found in the MCC archive. Original source in Flemish Pounds.",5,23may1755,,,,,,,,,7,30jul1756,1755,,,,,1756,1755,1756,10958,.011494253,5.8522024,5.6629605,Firm,3080025,7.4702239,1751-1775,South,6.0730443,78272,0,110198,15512,752193.88,0,1059002.8,149070.31,78272,94686,752193.88,909932.44,752.19385,6.6229939,2.6117842,2161.4766,2.1614766,7.6785469,.20970462
GK062,South,2,Dutch,1757,1757,465,464,424,1,04/19/1757,04/19/1757,,,,,,,06/17/1758,06/17/1758,,,,,,,25,4,4,1,Not first voyage or unknown,Not first voyage or unknown,Not the first voyage (or unknown) of both the captain and the outfitter,0,0,0,114,0,10,0,31.86960220336914,1,1.6145834,4.618783,Nation at peace,Nation neutral during a major European war,288,0,Voyage completed as intended,Voyage completed as intended,Voyage,Gerhard de Kok,Firm,Dutch,"De Kok 2019, 280-290",,Prins Willem de Vijfde,Adriaan Jacobsz,,Middelburgse Commercie Compagnie,,10959,Middelburg,,,1757-04-19,,,,1758-06-17,465,465,1,yes,yes,,"Figures are calculated from the accounts, more detail can be found in the MCC archive. Original source in Flemish Pounds.",4,19apr1757,,,,,,,,,6,17jun1758,1757,,,,,1758,1757,1758,10959,.0021505377,6.1420374,5.6629605,Firm,3087049,7.4713631,1751-1775,South,6.0497336,66808,0,92757,12327,642024.88,0,891394.69,118462.46,66808,80430,642024.88,772932.25,642.0249,6.4646273,2.2292531,1380.6987,1.3806987,7.2303448,.20389773
GK063,South,2,Dutch,1759,1759,479,478,374,1,06/20/1759,06/20/1759,,,,,,,06/28/1760,06/28/1760,,,,,,,30,7,5,2,Not first voyage or unknown,Not first voyage or unknown,Not the first voyage (or unknown) of both the captain and the outfitter,0,0,0,114,0,10,0,24.31369972229004,1,1.6631944,3.6838939,Nation at peace,Nation neutral during a major European war,288,0,Voyage completed as intended,Voyage completed as intended,Voyage,Gerhard de Kok,Firm,Dutch,"De Kok 2019, 280-290",,Prins Willem de Vijfde,Adriaan Jacobsz,,Middelburgse Commercie Compagnie,,10960,Middelburg,,,1759-06-20,,,,1760-06-28,478,474,1,yes,yes,,"Figures are calculated from the accounts, more detail can be found in the MCC archive. Original source in Flemish Pounds.",6,20jun1759,,,,,,,,,6,28jun1760,1759,,,,,1760,1759,1760,10960,.0020876827,6.1717005,5.6629605,Firm,3094081,7.4725008,1751-1775,South,5.9242558,69718,0,96479,14680,669989.94,0,927163.13,141074.8,69718,81799,669989.94,786088.31,669.98993,6.5072627,2.326354,1398.7263,1.3987263,7.2433171,.1732838
GK064,West,2,Dutch,1761,1761,310,299,433,1,03/09/1761,03/09/1761,,,,,,,05/16/1762,05/16/1762,,,,,,,34,17,6,1,Not first voyage or unknown,Not first voyage or unknown,Not the first voyage (or unknown) of both the captain and the outfitter,0,0,0,114,0,10,0,28.41597747802734,0,1.0763888,3.3041832,Nation at peace,Nation neutral during a major European war,288,.039999999,Voyage completed as intended,Voyage completed as intended,Voyage,Gerhard de Kok,Firm,Dutch,"De Kok 2019, 280-290",,Prins Willem de Vijfde,Adriaan Jacobsz,,Middelburgse Commercie Compagnie,,10961,Middelburg,,,1761-03-06,,,,1762-05-19,302,290,1,yes,yes,,"Figures are calculated from the accounts, more detail can be found in the MCC archive. Original source in Flemish Pounds.",3,06mar1761,,,,,,,,,5,19may1762,1761,,,,,1762,1761,1762,10961,.035483871,5.7365723,5.6629605,Firm,3101121,7.4736371,1751-1775,West,6.0707378,63537,0,93991,16171,610590.56,0,903253.5,155403.31,63537,77820,610590.56,747850.19,610.59058,6.4144268,2.1201062,1969.647,1.9696469,7.5856094,.22479814
GK065,West,2,Dutch,1762,1763,295,280,494,1,12/07/1762,12/07/1762,,,,,,,04/14/1764,04/14/1764,,,,,,,40,20,7,2,Not first voyage or unknown,Not first voyage or unknown,Not the first voyage (or unknown) of both the captain and the outfitter,0,0,0,114,0,10,0,36.49938201904297,0,.93354428,3.8020189,Nation at peace,Nation neutral during a major European war,316,.050000001,Voyage completed as intended,Voyage completed as intended,Voyage,Gerhard de Kok,Firm,Dutch,"De Kok 2019, 280-290",,Prins Willem de Vijfde,Adriaan Jacobsz,,Middelburgse Commercie Compagnie,,10962,Middelburg,,,1762-12-07,,,,1764-04-16,312,275,1,yes,yes,,"Figures are calculated from the accounts, more detail can be found in the MCC archive. Original source in Flemish Pounds.",12,07dec1762,,,,,,,,,4,16apr1764,1762,,,,,1764,1762,1763,10962,.050847456,5.6869755,5.7557421,Firm,3108169,7.474772,1751-1775,West,6.2025356,68788,0,90189,12999,661052.63,0,866716.25,124920.38,68788,77190,661052.63,741795.88,661.05261,6.4938335,2.0919387,2240.8562,2.2408562,7.7146134,.1221434
GK066,West,2,Dutch,1764,1765,228,220,562,1,12/18/1764,12/18/1764,,,,,,,07/03/1766,07/03/1766,,,,,,,46,24,8,3,Not first voyage or unknown,Not first voyage or unknown,Not the first voyage (or unknown) of both the captain and the outfitter,0,0,0,114,0,10,0,35.30036544799805,0,.72151899,3.602078,Nation at peace,No major European war or nation at war,316,.039999999,Voyage completed as intended,Voyage completed as intended,Voyage,Gerhard de Kok,Firm,Dutch,"De Kok 2019, 280-290",,Prins Willem de Vijfde,Adriaan Jacobsz,,Middelburgse Commercie Compagnie,,10963,Middelburg,,,,,,,,238,221,1,yes,yes,,"Figures are calculated from the accounts, more detail can be found in the MCC archive. Original source in Flemish Pounds.",,,,,,,,,,,,,,,,,,,,,10963,.03508772,5.4293456,5.7557421,Firm,3115225,7.4759059,1751-1775,West,6.331502,85647,0,88474,13567,823067.63,0,850235.13,130378.86,85647,74907,823067.63,719856.25,823.06763,6.7130384,2.6046443,3609.9458,3.6099458,8.1914482,-.12539844
GK067,South,2,Dutch,1767,1768,340,336,486,1,06/09/1767,06/09/1767,,,,,,,10/07/1768,10/07/1768,,,,,,,54,17,0,0,Not first voyage or unknown,First voyage,First voyage of only one of the captain or the outfitter,1,0,1,114,0,2,0,38.33191680908203,1,1.0759493,2.8394012,Nation at peace,No major European war or nation at war,316,.0099999998,Voyage completed as intended,Voyage completed as intended,Voyage,Gerhard de Kok,Firm,Dutch,"De Kok 2019, 280-290",,Prins Willem de Vijfde,Cornelis Pieterse,,Middelburgse Commercie Compagnie,,10964,Middelburg,,,1767-06-09,,,,1768-10-08,340,333,1,yes,yes,,"Figures are calculated from the accounts, more detail can be found in the MCC archive. Original source in Flemish Pounds.",6,09jun1767,,,,,,,,,10,08oct1768,1767,,,,,1768,1767,1768,10964,.011764706,5.8289456,5.7557421,Firm,3125824,7.4776044,1751-1775,South,6.1862087,82857,0,97361,12439,796255.75,0,935639.19,119538.79,82857,84922,796255.75,816100.38,796.25574,6.6799202,2.5197966,2341.9287,2.3419287,7.7587299,.024922457
GK068,South,2,Dutch,1769,1770,377,313,526,1,04/07/1769,04/07/1769,,,,,,,09/15/1770,09/15/1770,,,,,,,59,18,0,0,Not first voyage or unknown,First voyage,First voyage of only one of the captain or the outfitter,1,0,1,114,0,6,0,41.31495666503906,1,1.193038,3.6561909,Nation at peace,No major European war or nation at war,316,.17,Voyage completed as intended,Voyage completed as intended,Voyage,Gerhard de Kok,Firm,Dutch,"De Kok 2019, 280-290",,Prins Willem de Vijfde,Cornelis Pieterse,,Middelburgse Commercie Compagnie,,10965,Middelburg,,,1769-04-07,,,,1770-09-16,377,288,1,yes,yes,,"Figures are calculated from the accounts, more detail can be found in the MCC archive. Original source in Flemish Pounds.",4,07apr1769,,,,,,,,,9,16sep1770,1769,,,,,1770,1769,1770,10965,.16976127,5.9322453,5.7557421,Firm,3132900,7.478735,1751-1775,South,6.2653012,77187,0,89332,9433,741767.06,0,858480.5,90651.133,77187,79899,741767.06,767829.38,741.76709,6.6090355,2.3473642,1967.552,1.9675519,7.5845456,.035135452
GK069,South,2,Dutch,1771,1772,315,312,,1,06/27/1771,06/27/1771,,,,,,,,,,,,,,,70,24,1,1,Not first voyage or unknown,Not first voyage or unknown,Not the first voyage (or unknown) of both the captain and the outfitter,0,0,0,114,0,6,0,39.52737426757813,1,.99683547,2.3955984,Nation at peace,No major European war or nation at war,316,.0099999998,Voyage completed as intended,Voyage completed as intended,Voyage,Gerhard de Kok,Firm,Dutch,"De Kok 2019, 280-290",,Prins Willem de Vijfde,Cornelis Loef,,Middelburgse Commercie Compagnie,,10966,Middelburg,,,1771-06-27,,,,,313,309,1,yes,yes,,"Figures are calculated from the accounts, more detail can be found in the MCC archive. Original source in Flemish Pounds. Ship sold on St. Eustatius after being deemed unseaworthy.",6,27jun1771,,,,,,,,,,,1771,,,,,,1771,1772,10966,.0095238099,5.7525725,5.7557421,Firm,3139984,7.4798641,1751-1775,South,,84598,0,112807,34178,812986.75,0,1084075.3,328450.56,84598,78629,812986.75,755624.69,812.98676,6.7007146,2.5727429,2580.9104,2.5809104,7.8558974,-.070557222
GK070,West,2,Dutch,1741,1741,273,231,452,1,01/20/1741,01/20/1741,,,,,,,04/17/1742,04/17/1742,,,,,,,2,1,0,0,Not first voyage or unknown,First voyage,First voyage of only one of the captain or the outfitter,1,0,1,114,0,4,0,33.16066741943359,0,1.2877358,6.6321335,Nation at peace,Nation neutral during a major European war,212,0,Voyage completed as intended,Voyage completed as intended,Voyage,Gerhard de Kok,Firm,Dutch,"De Kok 2019, 280-290",,Raadhuis van Middelburg,David Jol,,Middelburgse Commercie Compagnie,,10976,Middelburg,,,1741-01-20,,,,,272,231,1,yes,yes,,"Figures are calculated from the accounts, more detail can be found in the MCC archive. Original source in Flemish Pounds.",1,20jan1741,,,,,,,,,,,1741,,,,,,1741,1742,10976,.15384616,5.6094718,5.3565865,Firm,3031081,7.4622149,pre-1750,West,6.1136823,52350,0,56433,10130,503083.47,0,542321.13,97349.297,52350,46303,503083.47,444971.81,503.08347,6.2207561,2.3730352,1842.7966,1.8427967,7.5190396,-.11551099
GK071,Gulf of Guinea,2,Dutch,1742,1743,251,226,416,1,08/10/1742,08/10/1742,,,,,,,09/30/1743,09/30/1743,,,,,,,7,1,1,0,Not first voyage or unknown,Not first voyage or unknown,Not the first voyage (or unknown) of both the captain and the outfitter,1,0,1,114,0,4,0,30.43990135192871,0,1.1839622,4.2277641,Nation at peace,Nation neutral during a major European war,212,0,Voyage completed as intended,Voyage completed as intended,Voyage,Gerhard de Kok,Firm,Dutch,"De Kok 2019, 280-290",,Raadhuis van Middelburg,David Jol,,Middelburgse Commercie Compagnie,,10977,Middelburg,,,1742-10-10,,,,,252,226,1,yes,yes,,"Figures are calculated from the accounts, more detail can be found in the MCC archive. Original source in Flemish Pounds.",10,10oct1742,,,,,,,,,,,1742,,,,,,1742,1743,10977,.099601597,5.5254531,5.3565865,Firm,3038049,7.4633632,pre-1750,Gulf of Guinea,6.0306854,47339,0,54784,9429,454927.78,0,526474.25,90612.688,47339,45355,454927.78,435861.56,454.9278,6.1201386,2.1458859,1812.4613,1.8124613,7.5024409,-.041910477
GK072,West,2,Dutch,1790,1792,226,220,715,1,11/29/1790,11/29/1790,,,,,,,11/13/1792,11/13/1792,,,,,,,109,59,0,0,Not first voyage or unknown,First voyage,First voyage of only one of the captain or the outfitter,1,0,1,114,0,2,0,62.7479133605957,0,,3.1373956,Nation at peace,Nation neutral during a major European war,,.02,Voyage completed as intended,Voyage completed as intended,Voyage,Gerhard de Kok,Firm,Dutch,"De Kok 2019, 280-290",,Standvastigheid,Carel Breedau,,Middelburgse Commercie Compagnie,,11007,Middelburg,,,1790-11-30,,,,1792-11-13,231,220,1,yes,yes,,"Figures are calculated from the accounts, more detail can be found in the MCC archive. Original source in Flemish Pounds.",11,30nov1790,,,,,,,,,11,13nov1792,1790,,,,,1792,1790,1791,11007,.026548672,5.4205351,,Firm,3211264,7.4910874,1776-1800,West,6.5722823,116278,0,145025,22972,1117431.5,0,1393690.3,220760.92,116278,122053,1117431.5,1172929.4,1117.4315,7.0187879,,4944.3872,4.9443874,8.5060081,.049665459
GK073,West,2,Dutch,1786,1787,386,370,529,1,06/03/1786,06/03/1786,,,,,,,11/14/1787,11/14/1787,,,,,,,106,56,2,1,Not first voyage or unknown,Not first voyage or unknown,Not the first voyage (or unknown) of both the captain and the outfitter,0,0,0,114,0,4,0,59.19077301025391,0,.81246054,3.7226901,Nation at peace,Nation neutral during a major European war,475.10001,.02,Voyage completed as intended,Voyage completed as intended,Voyage,Gerhard de Kok,Firm,Dutch,"De Kok 2019, 280-290",,Vergenoegen,Robert Goodwill,,Middelburgse Commercie Compagnie,,11056,Middelburg,,,1786-06-03,,,,1787-11-14,386,364,1,yes,yes,,"Figures are calculated from the accounts, more detail can be found in the MCC archive. Original source in Flemish Pounds.",6,03jun1786,,,,,,,,,11,14nov1787,1786,,,,,1787,1786,1787,11056,.041450776,5.9558372,6.1635251,Firm,3193369,7.4882936,1776-1800,West,6.2709885,118197,0,193767,22842,1135873.1,0,1862100.9,219511.61,118197,170925,1135873.1,1642589.3,1135.8732,7.0351567,2.3908086,2942.6765,2.9426765,7.9870749,.44610268
GK074,West,2,Dutch,1788,1789,242,220,802,1,05/13/1788,05/13/1788,,,,,,,07/24/1790,07/24/1790,,,,,,,107,57,3,2,Not first voyage or unknown,Not first voyage or unknown,Not the first voyage (or unknown) of both the captain and the outfitter,0,0,0,114,0,4,0,58.26401138305664,0,.50936645,3.082752,Nation at peace,Nation neutral during a major European war,475.10001,.090000004,Voyage completed as intended,Voyage completed as intended,Voyage,Gerhard de Kok,Firm,Dutch,"De Kok 2019, 280-290",,Vergenoegen,Robert Goodwill,,Middelburgse Commercie Compagnie,,11057,Middelburg,,,1788-05-13,,,,1790-07-24,266,207,1,yes,yes,,"Figures are calculated from the accounts, more detail can be found in the MCC archive. Original source in Flemish Pounds.",5,13may1788,,,,,,,,,7,24jul1790,1788,,,,,1790,1788,1789,11057,.090909094,5.4889379,6.1635251,Firm,3200521,7.4894123,1776-1800,West,6.6871085,125697,0,122915,19501,1207948.1,0,1181213.1,187404.61,125697,103414,1207948.1,993808.5,1207.9481,7.0966783,2.5425134,4991.521,4.9915209,8.5154963,-.17727551
GK075,South,2,Dutch,1794,1795,367,349,,1,03/08/1794,03/08/1794,,,,,,,,,,,,,,,112,31,1,0,Not first voyage or unknown,Not first voyage or unknown,Not the first voyage (or unknown) of both the captain and the outfitter,1,0,1,114,0,2,0,50.88298797607422,0,.77246892,3.2827735,Nation at war,No major European war or nation at war,475.10001,.050000001,Original goal thwarted after disembarking enslaved people,Original goal thwarted or unknown,Voyage,Gerhard de Kok,Firm,Dutch,"De Kok 2019, 280-290",,Vergenoegen,Carel Breedau,,Middelburgse Commercie Compagnie,,11058,Middelburg,,,1794-03-08,,,,1797-09-19,393,349,1,yes,yes,,"Figures are calculated from the accounts, more detail can be found in the MCC archive. Original source in Flemish Pounds. Ship deemed unseaworthy in Suriname.",3,08mar1794,,,,,,,,,9,19sep1797,1794,,,,,1797,1794,1795,11058,.049046323,5.9053617,6.1635251,Firm,3222025,7.4927602,1776-1800,South,,143948,0,144385,30000,1383340.3,0,1387539.9,288299.97,143948,114385,1383340.3,1099239.9,1383.3402,7.2322564,2.9116821,3769.3193,3.7693193,8.2346497,-.20537278
GK076,West,2,Dutch,1778,1779,243,237,384,1,08/17/1778,08/17/1778,,,,,,,09/05/1779,09/05/1779,,,,,,,94,49,2,2,Not first voyage or unknown,Not first voyage or unknown,Not the first voyage (or unknown) of both the captain and the outfitter,0,0,0,114,0,3,0,31.72189712524414,0,.55239826,1.8882083,Nation at peace,Nation neutral during a major European war,439.89999,.02,Voyage completed as intended,Voyage completed as intended,Voyage,Gerhard de Kok,Firm,Dutch,"De Kok 2019, 280-290",,Vigilantie,Olfert Machielsen,,Middelburgse Commercie Compagnie,,11075,Middelburg,,,1778-08-17,,,,1779-09-06,246,235,1,yes,yes,,"Figures are calculated from the accounts, more detail can be found in the MCC archive. Original source in Flemish Pounds.",8,17aug1778,,,,,,,,,9,06sep1779,1778,,,,,1779,1778,1779,11075,.024691358,5.4930615,6.0865474,Firm,3164841,7.4838066,1776-1800,West,5.9506426,93478,0,122365,13017,898323.56,0,1175927.6,125093.37,93478,109348,898323.56,1050834.3,898.32355,6.8005304,2.0421085,3696.8047,3.6968048,8.2152243,.16977257
GK077,Gulf of Guinea,2,Dutch,1774,1775,236,222,627,1,10/28/1774,10/28/1774,,,,,,,07/16/1776,07/16/1776,,,,,,,83,12,3,1,Not first voyage or unknown,Not first voyage or unknown,Not the first voyage (or unknown) of both the captain and the outfitter,0,0,0,114,0,4,0,48.02420425415039,0,.48770407,2.8416688,Nation at peace,Nation neutral during a major European war,483.89999,.059999999,Voyage completed as intended,Voyage completed as intended,Voyage,Gerhard de Kok,Firm,Dutch,"De Kok 2019, 280-290",,Vis,Jan van Sprang,,Middelburgse Commercie Compagnie,,11085,Middelburg,,,1774-10-28,,,,1776-07-17,238,222,1,yes,yes,,"Figures are calculated from the accounts, more detail can be found in the MCC archive. Original source in Flemish Pounds.",10,28oct1774,,,,,,,,,7,17jul1776,1774,,,,,1776,1774,1775,11085,.059322033,5.4638319,6.1818781,Firm,3150625,7.4815559,1751-1775,Gulf of Guinea,6.4409466,95098,0,115590,15862,913891.75,0,1110819.9,152433.81,95098,99728,913891.75,958386.06,913.89172,6.8177123,1.8885963,3872.4226,3.8724227,8.2616358,.04868662
GK078,Gulf of Guinea,2,Dutch,1756,1756,247,195,702,1,03/05/1756,03/05/1756,,,,,,,02/05/1758,02/05/1758,,,,,,,22,5,4,1,Not first voyage or unknown,Not first voyage or unknown,Not the first voyage (or unknown) of both the captain and the outfitter,0,0,0,114,0,5,0,35.27229690551758,0,1.2107843,5.9783554,Nation at peace,Nation neutral during a major European war,204,.21052632,Voyage completed as intended,Voyage completed as intended,Voyage,Gerhard de Kok,Firm,Dutch,"De Kok 2019, 280-290",,Vliegende Faam,Pieter de Moor,,Middelburgse Commercie Compagnie,,11088,Middelburg,,,1756-04-09,,,,,281,182,1,yes,yes,,"Figures are calculated from the accounts, more detail can be found in the MCC archive. Original source in Flemish Pounds. Ship also carried bills of exchange from Suriname for the account of MCC-vessel Philadelphia.",4,09apr1756,,,,,,,,,,,1756,,,,,,1756,1757,11088,.21052632,5.5093884,5.31812,Firm,3083536,7.4707937,1751-1775,Gulf of Guinea,6.5539336,63418,0,61875,12185,609446.94,0,594618.75,117097.84,63418,49690,609446.94,477520.91,609.44696,6.4125519,2.9874852,2467.3965,2.4673965,7.8109188,-.21646851
GK079,West,2,Dutch,1770,1771,205,187,494,1,08/14/1770,08/14/1770,,,,,,,12/21/1771,12/21/1771,,,,,,,64,33,0,0,Not first voyage or unknown,First voyage,First voyage of only one of the captain or the outfitter,1,0,1,114,0,7,0,40.60084915161133,0,.72183096,3.2742622,Nation at peace,No major European war or nation at war,284,.090000004,Voyage completed as intended,Voyage completed as intended,Voyage,Gerhard de Kok,Firm,Dutch,"De Kok 2019, 280-290",,Vliegende Faam,Cornelis van Kakom,,Middelburgse Commercie Compagnie,,11089,Middelburg,,,1770-08-14,,,,,212,187,1,yes,yes,,"Figures are calculated from the accounts, more detail can be found in the MCC archive. Original source in Flemish Pounds.",8,14aug1770,,,,,,,,,,,1770,,,,,,1770,1771,11089,.087804876,5.32301,5.6489744,Firm,3136441,7.4792995,1751-1775,West,6.2025356,58918,0,77196,12698,566202,0,741853.56,122027.77,58918,64498,566202,619825.81,566.20203,6.3389511,1.9936692,2761.9612,2.7619612,7.923696,.094707899
GK080,West,2,Dutch,1772,1773,156,151,629,1,09/14/1772,09/14/1772,,,,,,,06/05/1774,06/05/1774,,,,,,,75,38,1,1,Not first voyage or unknown,Not first voyage or unknown,Not the first voyage (or unknown) of both the captain and the outfitter,0,0,0,114,0,7,0,46.71073913574219,0,.54929578,3.434613,Nation at peace,No major European war or nation at war,284,.029999999,Voyage completed as intended,Voyage completed as intended,Voyage,Gerhard de Kok,Firm,Dutch,"De Kok 2019, 280-290",,Vliegende Faam,Cornelis van Kakom,,Middelburgse Commercie Compagnie,,11090,Middelburg,,,,,,,,168,151,1,yes,yes,,"Figures are calculated from the accounts, more detail can be found in the MCC archive. Original source in Flemish Pounds.",,,,,,,,,,,,,,,,,,,,,11090,.032051284,5.0498562,5.6489744,Firm,3143529,7.4804282,1751-1775,West,6.4441314,59667,0,70574,14055,573399.88,0,678216.13,135068.55,59667,56519,573399.88,543147.56,573.3999,6.3515835,2.0190136,3675.6404,3.6756403,8.2094822,-.052759483
GK081,Gulf of Guinea,2,Dutch,1756,1756,268,203,629,1,02/12/1756,02/12/1756,,,,,,,11/02/1757,11/02/1757,,,,,,,22,5,0,0,Not first voyage or unknown,First voyage,First voyage of only one of the captain or the outfitter,1,0,1,114,0,5,0,35.27229690551758,0,1.1166667,5.9783554,Nation at peace,Nation neutral during a major European war,240,.23999999,Voyage completed as intended,Voyage completed as intended,Voyage,Gerhard de Kok,Firm,Dutch,"De Kok 2019, 280-290",,Vrouw Johanna Cores,,,Middelburgse Commercie Compagnie,,11114,Middelburg,,,,,,,,282,184,1,yes,yes,,"Figures are calculated from the accounts, more detail can be found in the MCC archive. Original source in Flemish Pounds.",,,,,,,,,,,,,,,,,,,,,11114,.24253732,5.5909872,5.480639,Firm,3083536,7.4707937,1751-1775,Gulf of Guinea,6.4441314,58347,0,45099,10531,560714.69,0,433401.38,101202.91,58347,34568,560714.69,332198.47,560.71466,6.3292122,2.3363111,2092.219,2.0922189,7.6459804,-.40754452
GK082,South,2,Dutch,1758,1758,372,368,441,1,06/24/1758,06/24/1758,,,,,,,09/08/1759,09/08/1759,,,,,,,29,6,1,0,Not first voyage or unknown,Not first voyage or unknown,Not the first voyage (or unknown) of both the captain and the outfitter,1,0,1,114,0,5,0,27.40237045288086,1,1.55,5.708827,Nation at peace,Nation neutral during a major European war,240,.0099999998,Voyage completed as intended,Voyage completed as intended,Voyage,Gerhard de Kok,Firm,Dutch,"De Kok 2019, 280-290",,Vrouw Johanna Cores,Jan Tuijnman,,Middelburgse Commercie Compagnie,,11115,Middelburg,,,1758-06-24,,,,,372,367,1,yes,yes,,"Figures are calculated from the accounts, more detail can be found in the MCC archive. Original source in Flemish Pounds.",6,24jun1758,,,,,,,,,,,1758,,,,,,1758,1759,11115,.010752688,5.9188938,5.480639,Firm,3090564,7.4719319,1751-1775,South,6.089045,59114,0,144996,17880,568085.5,0,1393411.5,171826.8,59114,127116,568085.5,1221584.8,568.08551,6.3422718,2.367023,1527.1116,1.5271115,7.3311334,1.1503536
GK083,South,2,Dutch,1760,1761,381,301,542,1,03/28/1760,03/28/1760,,,,,,,09/21/1761,09/21/1761,,,,,,,34,9,2,1,Not first voyage or unknown,Not first voyage or unknown,Not the first voyage (or unknown) of both the captain and the outfitter,0,0,0,114,0,5,0,28.41597747802734,1,1.5875,3.3041832,Nation at peace,Nation neutral during a major European war,240,.20999999,Voyage completed as intended,Voyage completed as intended,Voyage,Gerhard de Kok,Firm,Dutch,"De Kok 2019, 280-290",,Vrouw Johanna Cores,Jan Tuijnman,,Middelburgse Commercie Compagnie,,11116,Middelburg,,,1760-03-28,,,,1761-09-22,381,249,1,yes,yes,,"Figures are calculated from the accounts, more detail can be found in the MCC archive. Original source in Flemish Pounds.",3,28mar1760,,,,,,,,,9,22sep1761,1760,,,,,1761,1760,1761,11116,.20997375,5.9427996,5.480639,Firm,3101121,7.4736371,1751-1775,South,6.2952662,58078,0,87752,16218,558129.56,0,843296.69,155854.97,58078,71534,558129.56,687441.75,558.12958,6.3245912,2.3255398,1464.907,1.4649069,7.289547,.23168842
GK084,West,2,Dutch,1762,1762,263,260,503,1,03/16/1762,03/16/1762,,,,,,,08/01/1763,08/01/1763,,,,,,,37,18,0,0,Not first voyage or unknown,First voyage,First voyage of only one of the captain or the outfitter,1,0,1,114,0,4,0,34.06476593017578,0,.82187498,4.7312174,Nation at peace,Nation neutral during a major European war,320,.0099999998,Voyage completed as intended,Voyage completed as intended,Voyage,Gerhard de Kok,Firm,Dutch,"De Kok 2019, 280-290",,Vrouw Johanna Cores,Jan Tuijnman,,Middelburgse Commercie Compagnie,,11117,Middelburg,,,1762-03-16,,,,,303,259,1,yes,yes,,"Figures are calculated from the accounts, more detail can be found in the MCC archive. Original source in Flemish Pounds.",3,16mar1762,,,,,,,,,,,1762,,,,,,1762,1763,11117,.011406844,5.572154,5.768321,Firm,3104644,7.474205,1751-1775,West,6.2205901,60328,0,96872,12483,579752.06,0,930939.88,119961.63,60328,84389,579752.06,810978.25,579.75208,6.3626003,1.8117253,2204.3806,2.2043805,7.6982017,.39883637
GK085,West,2,Dutch,1763,1764,249,209,561,1,12/18/1763,12/18/1763,,,,,,,07/01/1765,07/01/1765,,,,,,,43,22,1,1,Not first voyage or unknown,Not first voyage or unknown,Not the first voyage (or unknown) of both the captain and the outfitter,0,0,0,114,0,4,0,33.98003005981445,0,.77812499,3.614897,Nation at peace,No major European war or nation at war,320,.16,Voyage completed as intended,Voyage completed as intended,Voyage,Gerhard de Kok,Firm,Dutch,"De Kok 2019, 280-290",,Vrouw Johanna Cores,Willem de Molder,,Middelburgse Commercie Compagnie,,11118,Middelburg,,,1763-12-18,,,,1765-07-01,271,203,1,yes,yes,,"Figures are calculated from the accounts, more detail can be found in the MCC archive. Original source in Flemish Pounds.",12,18dec1763,,,,,,,,,7,01jul1765,1763,,,,,1765,1763,1764,11118,.16064256,5.5174527,5.768321,Firm,3111696,7.4753394,1751-1775,West,6.329721,67797,0,70520,16619,651529.13,0,677697.19,159708.59,67797,53901,651529.13,517988.59,651.52911,6.479322,2.0360284,2616.5828,2.6165829,7.8696246,-.20496482
GK086,West,2,Dutch,1766,1767,240,220,613,1,10/10/1766,10/10/1766,,,,,,,06/14/1768,06/14/1768,,,,,,,50,27,1,1,Not first voyage or unknown,Not first voyage or unknown,Not the first voyage (or unknown) of both the captain and the outfitter,0,0,0,114,0,5,0,35.98126983642578,0,.75,3.1018336,Nation at peace,No major European war or nation at war,320,.079999998,Voyage completed as intended,Voyage completed as intended,Voyage,Gerhard de Kok,Firm,Dutch,"De Kok 2019, 280-290",,Vrouw Johanna Cores,,,Middelburgse Commercie Compagnie,,11119,Middelburg,,,1768-06-15,,,,,249,218,1,yes,yes,,"Figures are calculated from the accounts, more detail can be found in the MCC archive. Original source in Flemish Pounds. Ship also carried bills of exchange for the account of MCC-vessel Haast U Langzaam.",6,15jun1768,,,,,,,,,,,1768,,,,,,1768,1769,11119,.083333336,5.480639,5.768321,Firm,3122289,7.4770384,1751-1775,West,6.418365,73960,0,72575,13896,710755.56,0,697445.69,133540.56,73960,58679,710755.56,563905.13,710.75555,6.5663285,2.2211111,2961.4814,2.9614813,7.9934449,-.20661168
GK087,West,2,Dutch,1769,1769,222,217,523,1,01/05/1769,01/05/1769,,,,,,,06/12/1770,06/12/1770,,,,,,,56,29,2,2,Not first voyage or unknown,Not first voyage or unknown,Not the first voyage (or unknown) of both the captain and the outfitter,0,0,0,114,0,5,0,42.95030212402344,0,.69375002,3.1581104,Nation at peace,No major European war or nation at war,320,.02,Voyage completed as intended,Voyage completed as intended,Voyage,Gerhard de Kok,Firm,Dutch,"De Kok 2019, 280-290",,Vrouw Johanna Cores,Jan Sap,,Middelburgse Commercie Compagnie,,11120,Middelburg,,,1769-01-05,,,,1770-06-12,226,215,1,yes,yes,,"Figures are calculated from the accounts, more detail can be found in the MCC archive. Original source in Flemish Pounds.",1,05jan1769,,,,,,,,,6,12jun1770,1769,,,,,1770,1769,1770,11120,.022522522,5.4026775,5.768321,Firm,3129361,7.4781699,1751-1775,West,6.2595816,72058,0,89550,12367,692477.38,0,860575.44,118846.87,72058,77183,692477.38,741728.56,692.47736,6.5402756,2.1639917,3119.2673,3.1192672,8.0453539,.071123265
GK088,West,2,Dutch,1771,1772,212,148,534,1,05/14/1771,05/14/1771,,,,,,,10/29/1772,10/29/1772,,,,,,,70,36,3,3,Not first voyage or unknown,Not first voyage or unknown,Not the first voyage (or unknown) of both the captain and the outfitter,0,0,0,114,0,5,0,39.52737426757813,0,.66250002,2.3955984,Nation at peace,No major European war or nation at war,320,0,Voyage completed as intended,Voyage completed as intended,Voyage,Gerhard de Kok,Firm,Dutch,"De Kok 2019, 280-290",,Vrouw Johanna Cores,Jan Sap,,Middelburgse Commercie Compagnie,,11121,Middelburg,,,1771-05-14,,,,1772-09-29,212,148,1,yes,yes,,"Figures are calculated from the accounts, more detail can be found in the MCC archive. Original source in Flemish Pounds.",5,14may1771,,,,,,,,,9,29sep1772,1771,,,,,1772,1771,1772,11121,.3018868,5.3565865,5.768321,Firm,3139984,7.4798641,1751-1775,West,6.280396,67736,0,51356,13885,650942.94,0,493531.13,133434.84,67736,37471,650942.94,360096.28,650.94293,6.4784222,2.0341966,3070.4856,3.0704856,8.0295906,-.44680819
GK089,South,2,Dutch,1773,1774,375,347,548,1,12/08/1773,12/08/1773,,,,,,,06/09/1775,06/09/1775,,,,,,,78,27,3,3,Not first voyage or unknown,Not first voyage or unknown,Not the first voyage (or unknown) of both the captain and the outfitter,0,0,0,114,0,6,0,46.84087371826172,1,,2.7553456,Nation at peace,No major European war or nation at war,,0,Voyage completed as intended,Voyage completed as intended,Voyage,Gerhard de Kok,Firm,Dutch,"De Kok 2019, 280-290",,Watergeus,Adriaan Chatelain,,Middelburgse Commercie Compagnie,,11125,Middelburg,,,1773-12-08,,,,1775-03-30,375,347,1,yes,yes,,"Figures are calculated from the accounts, more detail can be found in the MCC archive. Original source in Flemish Pounds. Ship ledger is missing from archive. Voyage data reconstructed from general ledger.",12,08dec1773,,,,,,,,,3,30mar1775,1773,,,,,1775,1773,1774,11125,.074666664,5.9269261,,Firm,3147076,7.4809923,1751-1775,South,6.3062754,134697,0,161974,15451,1294438.1,0,1556570.1,148484.11,134697,146523,1294438.1,1408086,1294.4381,7.165832,,3451.835,3.4518349,8.1466608,.087797053
GK090,West,2,Dutch,1769,1770,194,194,356,1,07/04/1769,07/04/1769,,,,,,,06/25/1770,06/25/1770,,,,,,,59,31,0,0,Not first voyage or unknown,First voyage,First voyage of only one of the captain or the outfitter,1,0,1,114,0,3,0,41.31495666503906,0,.69285715,3.6561909,Nation at peace,No major European war or nation at war,280,0,Voyage completed as intended,Voyage completed as intended,Voyage,Gerhard de Kok,Firm,Dutch,"De Kok 2019, 280-290",,Welmeenende,Cornelis van Haijen,,Middelburgse Commercie Compagnie,,11132,Middelburg,,,1769-07-04,,,,,196,194,1,yes,yes,,"Figures are calculated from the accounts, more detail can be found in the MCC archive. Original source in Flemish Pounds.",7,04jul1769,,,,,,,,,,,1769,,,,,,1769,1770,11132,0,5.267858,5.6347895,Firm,3132900,7.478735,1751-1775,West,5.8749309,54628,0,86016,10366,524975.06,0,826613.75,99617.258,54628,75650,524975.06,726996.5,524.97504,6.2633505,1.8749108,2706.0569,2.7060568,7.9032478,.38482097
GK091,South,2,Dutch,1770,1771,261,255,520,1,10/01/1770,10/01/1770,,,,,,,03/04/1772,03/04/1772,,,,,,,64,21,1,0,Not first voyage or unknown,Not first voyage or unknown,Not the first voyage (or unknown) of both the captain and the outfitter,1,0,1,114,0,3,0,40.60084915161133,0,.93214285,3.2742622,Nation at peace,No major European war or nation at war,280,.02,Voyage completed as intended,Voyage completed as intended,Voyage,Gerhard de Kok,Firm,Dutch,"De Kok 2019, 280-290",,Welmeenende,Cornelis van Haijen,,Middelburgse Commercie Compagnie,,11133,Middelburg,,,,,,,,261,239,1,yes,yes,,"Figures are calculated from the accounts, more detail can be found in the MCC archive. Original source in Flemish Pounds.",,,,,,,,,,,,,,,,,,,,,11133,.022988506,5.5645204,5.6347895,Firm,3136441,7.4792995,1751-1775,South,6.253829,61738,0,65048,10001,593302.19,0,625111.25,96109.609,61738,55047,593302.19,529001.63,593.30219,6.385704,2.1189363,2273.1885,2.2731886,7.7289386,-.10837734
GK092,West,2,Dutch,1773,1774,202,193,388,1,08/03/1773,08/03/1773,,,,,,,08/26/1774,08/26/1774,,,,,,,78,40,0,0,Not first voyage or unknown,First voyage,First voyage of only one of the captain or the outfitter,1,0,1,114,0,3,0,46.84087371826172,0,.62908751,2.7553456,Nation at peace,No major European war or nation at war,321.10001,.039999999,Voyage completed as intended,Voyage completed as intended,Voyage,Gerhard de Kok,Firm,Dutch,"De Kok 2019, 280-290",,Welmeenende,Cornelis van Haijen,,Middelburgse Commercie Compagnie,,11134,Middelburg,,,,,,,,203,192,1,yes,yes,,"Figures are calculated from the accounts, more detail can be found in the MCC archive. Original source in Flemish Pounds.",,,,,,,,,,,,,,,,,,,,,11134,.044554457,5.3082676,5.7717528,Firm,3147076,7.4809923,1751-1775,West,5.9610052,56938,0,70004,8740,547174.19,0,672738.44,83991.398,56938,61264,547174.19,588747.06,547.17419,6.3047671,1.7040616,2708.7832,2.7087831,7.9042549,.075977378
GK093,Gulf of Guinea,2,Dutch,1768,1769,46,45,622,1,09/28/1768,09/28/1768,,,,,,,06/12/1770,06/12/1770,,,,,,,56,8,0,0,Not first voyage or unknown,First voyage,First voyage of only one of the captain or the outfitter,1,0,1,114,0,4,0,42.95030212402344,0,.16911764,3.1581104,Nation at peace,No major European war or nation at war,272,.02,Voyage completed as intended,Voyage completed as intended,Voyage,Gerhard de Kok,Firm,Dutch,"De Kok 2019, 280-290",,Zanggodin,Jan van Sprang,,Middelburgse Commercie Compagnie,,11178,Middelburg,,,1768-09-29,,,,1770-06-12,67,45,1,yes,yes,,"Figures are calculated from the accounts, more detail can be found in the MCC archive. Original source in Flemish Pounds.",9,29sep1768,,,,,,,,,6,12jun1770,1768,,,,,1770,1768,1769,11178,.021739131,3.8286414,5.6058021,Firm,3129361,7.4781699,1751-1775,Gulf of Guinea,6.43294,65697,0,83256,11258,631348.19,0,800090.13,108189.38,65697,71998,631348.19,691900.75,631.34821,6.4478574,2.3211331,13724.961,13.724961,9.5269718,.095910013
GK094,West,2,Dutch,1770,1771,160,153,540,1,10/21/1770,10/21/1770,,,,,,,04/13/1772,04/13/1772,,,,,,,64,33,1,0,Not first voyage or unknown,Not first voyage or unknown,Not the first voyage (or unknown) of both the captain and the outfitter,1,0,1,114,0,4,0,40.60084915161133,0,.58823532,3.2742622,Nation at peace,No major European war or nation at war,272,.039999999,Voyage completed as intended,Voyage completed as intended,Voyage,Gerhard de Kok,Firm,Dutch,"De Kok 2019, 280-290",,Zanggodin,Jan van Sprang,,Middelburgse Commercie Compagnie,,11179,Middelburg,,,1770-10-21,,,,1772-04-14,162,153,1,yes,yes,,"Figures are calculated from the accounts, more detail can be found in the MCC archive. Original source in Flemish Pounds. Some of the ivory sold was not acquired on this voyage and has been subtracted from the proceeds of the sale.",10,21oct1770,,,,,,,,,4,14apr1772,1770,,,,,1772,1770,1771,11179,.043749999,5.0751739,5.6058021,Firm,3136441,7.4792995,1751-1775,West,6.2915692,65368,0,68889,12680,628186.44,0,662023.25,121854.8,65368,56209,628186.44,540168.44,628.18646,6.4428372,2.309509,3926.1653,3.9261653,8.2754183,-.14011443
GK095,Gulf of Guinea,2,Dutch,1773,1774,103,101,,1,04/26/1773,04/26/1773,,,,,,,,,,,,,,,78,10,0,0,Not first voyage or unknown,First voyage,First voyage of only one of the captain or the outfitter,1,0,1,114,0,1,1,46.84087371826172,0,.3298111,2.7553456,Nation at peace,No major European war or nation at war,312.29999,.02,Voyage completed as intended,Voyage completed as intended,Voyage,Gerhard de Kok,Firm,Dutch,"De Kok 2019, 280-290",,Zanggodin,Ibbe Henrich Hoff,,Middelburgse Commercie Compagnie,,11180,Middelburg,,,1773-04-26,,,,,127,101,1,yes,yes,,"Figures are calculated from the accounts, more detail can be found in the MCC archive. Original source in Flemish Pounds.",4,26apr1773,,,,,,,,,,,1773,,,,,,1773,1774,11180,.019417476,4.6347289,5.7439642,Firm,3147076,7.4809923,1751-1775,Gulf of Guinea,,56098,0,52974,17039,539101.75,0,509080.13,163744.78,56098,35935,539101.75,345335.34,539.10175,6.2899041,1.7262304,5233.9976,5.2339973,8.5629311,-.35942459
GK096,West,2,Dutch,1787,1789,236,102,873,1,12/07/1787,12/07/1787,,,,,,,04/28/1790,04/28/1790,,,,,,,107,57,6,6,Not first voyage or unknown,Not first voyage or unknown,Not the first voyage (or unknown) of both the captain and the outfitter,0,0,0,114,0,7,0,58.26401138305664,0,.47475356,3.082752,Nation at peace,Nation neutral during a major European war,497.10001,.56999999,Voyage completed as intended,Voyage completed as intended,Voyage,Gerhard de Kok,Firm,Dutch,"De Kok 2019, 280-290",,Zeemercuur,Cornelis van Kakom,,Middelburgse Commercie Compagnie,,11182,Middelburg,,,1787-12-22,,,,1790-05-01,270,98,1,yes,yes,,"Figures are calculated from the accounts, more detail can be found in the MCC archive. Original source in Flemish Pounds. MCC got a reimbursement of WIC recognition fee after voyage (deducted from other expenses on return). Ship suffered disease outbreak.",12,22dec1787,,,,,,,,,5,01may1790,1787,,,,,1790,1787,1788,11182,.56779659,5.4638319,6.2087913,Firm,3200521,7.4894123,1776-1800,West,6.7719355,123504,0,105694,30828,1186873.4,0,1015719.3,296257.06,123504,74866,1186873.4,719462.25,1186.8734,7.0790777,2.3875949,5029.1245,5.0291247,8.5230017,-.39381722
GK097,West,2,Dutch,1791,1793,173,170,767,1,12/17/1791,12/17/1791,,,,,,,01/22/1794,01/22/1794,,,,,,,111,61,2,0,Not first voyage or unknown,Not first voyage or unknown,Not the first voyage (or unknown) of both the captain and the outfitter,1,0,1,114,0,3,0,56.56270599365234,0,.3480185,4.5985937,Nation at peace,Nation neutral during a major European war,497.10001,.02,Voyage completed as intended,Voyage completed as intended,Voyage,Gerhard de Kok,Firm,Dutch,"De Kok 2019, 280-290",,Zeemercuur,George Christoffel Zill,,Middelburgse Commercie Compagnie,,11183,Middelburg,,,1791-12-17,,,,,174,170,1,yes,yes,,"Figures are calculated from the accounts, more detail can be found in the MCC archive. Original source in Flemish Pounds.",12,17dec1791,,,,,,,,,,,1791,,,,,,1791,1792,11183,.01734104,5.1532917,6.2087913,Firm,3214849,7.4916453,1776-1800,West,6.6424866,111898,0,119298,17259,1075339.8,0,1146453.8,165858.98,111898,102039,1075339.8,980594.75,1075.3397,6.980392,2.1632261,6215.8364,6.2158365,8.7348557,-.088107027
GK098,West,2,Dutch,1777,1778,238,237,622,1,11/15/1777,11/15/1777,,,,,,,07/30/1779,07/30/1779,,,,,,,90,45,4,1,Not first voyage or unknown,Not first voyage or unknown,Not the first voyage (or unknown) of both the captain and the outfitter,0,0,0,114,0,5,0,45.58674621582031,0,,6.907083,Nation at peace,Nation neutral during a major European war,,0,Voyage completed as intended,Voyage completed as intended,Voyage,Gerhard de Kok,Firm,Dutch,"De Kok 2019, 280-290",,Zorg,Johannes Noordhoek,,Middelburgse Commercie Compagnie,,11210,Middelburg,,,1777-11-15,,,,1779-07-30,246,231,1,yes,yes,,"Figures are calculated from the accounts, more detail can be found in the MCC archive. Original source in Flemish Pounds.",11,15nov1777,,,,,,,,,7,30jul1779,1777,,,,,1779,1777,1778,11210,.0042016809,5.4722705,,Firm,3161284,7.4832444,1776-1800,West,6.43294,116398,0,144397,23814,1118584.8,0,1387655.1,228852.53,116398,120583,1118584.8,1158802.6,1118.5847,7.0198197,,4699.9355,4.6999354,8.4553041,.035954226
GK099,"Mixed, unknown or not in Africa",2,Dutch,1761,1761,303,279,523,1,01/08/1761,01/08/1761,,,,,,,06/15/1762,06/15/1762,,,,,,,0,0,0,0,First voyage,First voyage,First voyage of both the captain and the outfitter,1,1,2,5,0,3,0,28.41597747802734,0,1.4292452,3.3041832,Nation at peace,Nation neutral during a major European war,212,0,Voyage completed as intended,Voyage completed as intended,Voyage,Gerhard de Kok,Investor,Dutch,"De Kok 2019, 69 (see reference)",,Maria Magdalena,Pieter de Klerk,,Jan de Zitter & Zonen,,10806,Flushing,,,1761-01-08,,,,,,,.03125,yes,yes,,Investor Jan Willem van Sonsbeek,1,08jan1761,,,,,,,,,,,1761,,,,,,1761,1762,10806,.07920792,5.7137327,5.3565865,Investor,3101121,7.4736371,1751-1775,"Mixed, unknown or not in Africa",6.2595816,1843,0,2364,485,17711.229,0,22718.039,4660.8496,1843,1879,17711.229,18057.189,566.75934,6.3399348,2.673393,1870.4929,1.8704929,7.5339575,.01953337
GK101,"Mixed, unknown or not in Africa",2,Dutch,1767,1767,243,210,466,1,11/23/1767,11/23/1767,,,,,,,03/03/1769,03/03/1769,,,,,,,2,2,1,0,Not first voyage or unknown,Not first voyage or unknown,Not the first voyage (or unknown) of both the captain and the outfitter,1,0,1,5,0,7,0,35.98126983642578,0,.86785716,3.1018336,Nation at peace,No major European war or nation at war,280,0,Voyage completed as intended,Voyage completed as intended,Voyage,Gerhard de Kok,Investor,Dutch,"De Kok 2019, 69 (see reference)",,Maria Magdalena,Frans Reichert,,Jan de Zitter & Zonen,,10810,Flushing,,,1767-11-23,,,,1769-03-03,,,.03125,yes,yes,,Investor Jan Willem van Sonsbeek,11,23nov1767,,,,,,,,,3,03mar1769,1767,,,,,1769,1767,1768,10810,.13580246,5.4930615,5.6347895,Investor,3122289,7.4770384,1751-1775,"Mixed, unknown or not in Africa",6.1441855,1715,0,2572.5,367,16481.15,0,24721.725,3526.8699,1715,2205.5,16481.15,21194.855,527.39679,6.2679534,1.8835599,2170.3572,2.1703572,7.6826472,.28600582
GK102,"Mixed, unknown or not in Africa",2,Dutch,1769,1769,254,220,374,1,07/04/1769,07/04/1769,,,,,,,07/13/1770,07/13/1770,,,,,,,3,3,2,1,Not first voyage or unknown,Not first voyage or unknown,Not the first voyage (or unknown) of both the captain and the outfitter,0,0,0,5,0,7,0,42.95030212402344,0,.90714288,3.1581104,Nation at peace,No major European war or nation at war,280,0,Voyage completed as intended,Voyage completed as intended,Voyage,Gerhard de Kok,Investor,Dutch,"De Kok 2019, 69 (see reference)",,Maria Magdalena,Frans Reichert,,Jan de Zitter & Zonen,,10811,Flushing,,,1769-07-04,,,,1770-07-13,,,.03125,yes,yes,,Investor Jan Willem van Sonsbeek,7,04jul1769,,,,,,,,,7,13jul1770,1769,,,,,1770,1769,1770,10811,.13385826,5.5373344,5.6347895,Investor,3129361,7.4781699,1751-1775,"Mixed, unknown or not in Africa",5.9242558,1649,0,2730.5,365,15846.89,0,26240.105,3507.6499,1649,2365.5,15846.89,22732.455,507.10046,6.2287092,1.8110731,1996.4585,1.9964585,7.5991302,.43450576
GK103,South,2,Dutch,1770,1770,225,210,376,1,11/15/1770,11/15/1770,,,,,,,11/26/1771,11/26/1771,,,,,,,4,0,3,0,Not first voyage or unknown,Not first voyage or unknown,Not the first voyage (or unknown) of both the captain and the outfitter,1,1,2,5,0,7,0,41.31495666503906,1,.8035714,3.6561909,Nation at peace,No major European war or nation at war,280,0,Voyage completed as intended,Voyage completed as intended,Voyage,Gerhard de Kok,Investor,Dutch,"De Kok 2019, 69 (see reference)",,Maria Magdalena,Frans Reichert,,Jan de Zitter & Zonen,,10812,Flushing,,,1770-11-15,,,,1771-11-26,,,.03125,yes,yes,,Investor Jan Willem van Sonsbeek,11,15nov1770,,,,,,,,,11,26nov1771,1770,,,,,1771,1770,1771,10812,.06666667,5.4161005,5.6347895,Investor,3132900,7.478735,1751-1775,South,5.9295893,1683,0,2330.5,341,16173.63,0,22396.104,3277.0098,1683,1989.5,16173.63,19119.094,517.55615,6.2491179,1.8484148,2300.2495,2.3002496,7.7407727,.18211527
GK104,Gulf of Guinea,2,Dutch,1790,1791,319,276,,1,10/24/1790,10/24/1790,,,,,,,,,,,,,,,0,0,2,2,First voyage,Not first voyage or unknown,First voyage of only one of the captain or the outfitter,0,1,1,1,1,4,0,59.64194869995117,1,,3.4081113,Nation at peace,Nation neutral during a major European war,,0,Voyage completed as intended,Voyage completed as intended,Voyage,Gerhard de Kok,Investor,Dutch,"De Kok 2019, 69 (see reference)",,Goede Voornemen,Casper Tol,,Johannes Louyssen & Zoon,,10611,Flushing,,,1790-10-24,,,,1791-08-26,,,.0625,yes,yes,,,10,24oct1790,,,,,,,,,8,26aug1791,1790,,,,,1791,1790,1791,10611,.13479623,5.7651911,,Investor,3207681,7.4905295,1776-1800,Gulf of Guinea,,5617,0,8895,1714,53979.367,0,85480.945,16471.539,5617,7181,53979.367,69009.406,863.66986,6.7611904,,2707.429,2.7074289,7.9037547,.27844045
KR017,Gulf of Guinea,2,Danish,,1778,304,261,,1,,,,,,,,,,,,,,,,,,,,,First voyage,First voyage,First voyage of both the captain and the outfitter,1,1,2,,,,,45.58674621582031,0,,6.907083,Nation at peace,Nation neutral during a major European war,,.14,Unknown,Original goal thwarted or unknown,Voyage,Klas Rönnbäck,Firm,Danish,"Lauring 2011, p. 66",,Christiansborg,,,,,35001,Copenhagen,,,1777-04-11,,,1778-05-24,,,,1,yes,yes,,,4,11apr1777,,,,,,,5,24may1778,,,1777,,,,1778,,1777,1778,35001,.14144737,5.7170277,,Firm,3161284,7.4832444,1776-1800,Gulf of Guinea,,50608,0,63880,0,640140.63,0,808018.13,0,50608,63880,640140.63,808018.13,640.14063,6.461688,,2105.7258,2.1057258,7.6524153,.26225102
KR018,Gulf of Guinea,2,Danish,,1779,421,276,,1,,,,,,,,,,,,,,,,,,,0,0,First voyage,First voyage,First voyage of both the captain and the outfitter,1,1,2,,,1,1,31.72189712524414,0,,1.8882083,Nation at peace,Nation neutral during a major European war,,.34441805,Unknown,Original goal thwarted or unknown,Voyage,Klas Rönnbäck,Firm,Danish,"Lauring 2011, p. 66",,Fredensborg,,,,,35002,Copenhagen,,,1777-09-13,,,1779-02-10,,,,1,yes,yes,,,9,13sep1777,,,,,,,2,10feb1779,,,1777,,,,1779,,1777,1779,35002,.34441805,6.0426331,,Firm,3164841,7.4838066,1776-1800,Gulf of Guinea,,53545,0,61174,0,677290.69,0,773790,0,53545,61174,677290.69,773790,677.29071,6.5181007,,1608.7665,1.6087664,7.3832231,.14247829
KR019,Gulf of Guinea,2,Danish,,1779,472,371,,1,,,,,,,,,,,,,,,,,,,,,First voyage,First voyage,First voyage of both the captain and the outfitter,1,1,2,,,,,31.72189712524414,0,,1.8882083,Nation at peace,Nation neutral during a major European war,,.20999999,Unknown,Original goal thwarted or unknown,Voyage,Klas Rönnbäck,Firm,Danish,"Lauring 2011, p. 66",,Rio Volta,,,,,35003,Copenhagen,,,1777-11-03,,,1779-03-18,,,,1,yes,yes,,,11,03nov1777,,,,,,,3,18mar1779,,,1777,,,,1779,,1777,1779,35003,.21398304,6.1569791,,Firm,3164841,7.4838066,1776-1800,Gulf of Guinea,,43977,0,90688,0,556265.06,0,1147112.5,0,43977,90688,556265.06,1147112.5,556.26508,6.3212447,,1178.5277,1.1785277,7.072021,1.0621688
KR020,Gulf of Guinea,2,Danish,,1779,429,427,,1,,,,,,,,,,,,,,,,,,,,,First voyage,First voyage,First voyage of both the captain and the outfitter,1,1,2,,,,,31.72189712524414,0,,1.8882083,Nation at peace,Nation neutral during a major European war,,0,Unknown,Original goal thwarted or unknown,Voyage,Klas Rönnbäck,Firm,Danish,"Lauring 2011, p. 66",,Accra,,,,,35004,Copenhagen,,,1778-08-21,,,1779-05-22,,,,1,yes,yes,,,8,21aug1778,,,,,,,5,22may1779,,,1778,,,,1779,,1778,1779,35004,.0046620048,6.0614572,,Firm,3164841,7.4838066,1776-1800,Gulf of Guinea,,76417,0,89790,0,966598.63,0,1135753.8,0,76417,89790,966598.63,1135753.8,966.59863,6.8737831,,2253.1436,2.2531435,7.7200818,.17500032
KR021,Gulf of Guinea,2,Danish,,1780,475,438,,1,,,,,,,,,,,,,,,,,,,,,First voyage,First voyage,First voyage of both the captain and the outfitter,1,1,2,,,,,40.40399551391602,0,,3.9611762,Nation at peace,Nation neutral during a major European war,,.079999998,Unknown,Original goal thwarted or unknown,Voyage,Klas Rönnbäck,Firm,Danish,"Lauring 2011, p. 66",,Ningo,,,,,35006,Copenhagen,,,1779-12-12,,,1780-08-29,,,,1,yes,yes,,,12,12dec1779,,,,,,,8,29aug1780,,,1779,,,,1780,,1779,1780,35006,.07789474,6.1633148,,Firm,3168400,7.4843688,1776-1800,Gulf of Guinea,,76409,0,92540,0,966497.44,0,1170538.5,0,76409,92540,966497.44,1170538.5,966.49744,6.8736787,,2034.7314,2.0347314,7.6181192,.21111387
KR022,South,2,English,1793,1793,359,328,,1,03/18/1793,03/18/1793,,,,,,,,,,,,,,,13,10,27,11,Not first voyage or unknown,Not first voyage or unknown,Not the first voyage (or unknown) of both the captain and the outfitter,0,0,0,30,0,59,0,56.56270599365234,0,1.8994709,4.5985937,Nation at war,No major European war or nation at war,189,0,Original goal thwarted after disembarking enslaved people,Original goal thwarted or unknown,Voyage,Klas Rönnbäck,Investor,English,"Thomas Leyland records, Liverpool Record Office, 387 MD 40",,Le Convention / Christopher,,"Leyland, Thomas",,,80836,,,Grenada & Tortola,,,,1794-07-09,,,114,1,yes,yes,,"Not entirely clear if this really is venture 80836 (Christopher) in TSTD, or if it is a separate voyage (by Le Convention) that might have traded slaves with 80836.",,,,,,,,,7,09jul1794,,,,,,,1794,,1794,1794,80836,.086350977,5.8833222,5.2417469,Investor,3214849,7.4916453,1776-1800,South,,1466.85,0,9129.5146,2838.0601,163860.52,0,1027155.1,318182.81,1466.85,6291.4546,163860.52,708972.25,163.86052,5.0990157,.86698687,456.43597,.45643598,6.1234484,3.2890921
KR023,Gulf of Guinea,1,English,1798,1798,502,460,282,1,07/05/1798,07/05/1798,,,,,,,04/13/1799,04/13/1799,,,,,,,7,3,3,1,Not first voyage or unknown,Not first voyage or unknown,Not the first voyage (or unknown) of both the captain and the outfitter,0,0,0,15,0,6,0,75.26278686523438,1,1.5398773,3.6010904,Nation at war,No major European war or nation at war,326,0,Voyage completed as intended,Voyage completed as intended,Voyage,Klas Rönnbäck,Investor,English,"Thomas Leyland records, Liverpool Record Office, 387 MD 41",,Lottery,,"Leyland, Thomas",,,82379,Liverpool,Bonny,Barbados,1798-07-06,1798-08-22,,1798-11-27,,,460,1,with estimates,with estimates,,Includes estimates imputed similar to assumptions in Nick Radburn’s study,7,06jul1798,,,8,22aug1798,,,11,27nov1798,,,1798,,1798,,1798,,1798,1798,82379,.083665341,6.2186003,5.7868972,Investor,3232804,7.4944301,1776-1800,Gulf of Guinea,5.6419072,16671.621,0,24542.82,0,1895563.3,0,2599084.8,0,16671.621,24542.82,1895563.3,2599084.8,1895.5632,7.5472713,5.814611,3776.0225,3.7760224,8.2364264,.47213161
KR024,Gulf of Guinea,1,English,1801,1801,310,279,271,1,05/21/1801,05/21/1801,,,,,,,02/16/1802,02/16/1802,,,,,,,9,5,5,3,Not first voyage or unknown,Not first voyage or unknown,Not the first voyage (or unknown) of both the captain and the outfitter,0,0,0,15,0,6,0,83.06999969482422,1,.95092022,3.0207272,Nation at war,No major European war or nation at war,326,0,Voyage completed as intended,Voyage completed as intended,Voyage,Klas Rönnbäck,Investor,English,"Thomas Leyland records, Liverpool Record Office, 387 MD 42",,Lottery,,"Leyland, Thomas",,,82381,Liverpool,Bonny,,1802-05-21,,,,,,305,1,with estimates,with estimates,,Includes estimates imputed similar to assumptions in Nick Radburn’s study,5,21may1802,,,,,,,,,,,1802,,,,,,1802,1803,82381,.1,5.7365723,5.7868972,Investor,3243601,7.4960976,post-1800,Gulf of Guinea,5.602119,12569.42,0,21362.41,323.20001,1282080.9,0,2178965.8,32966.402,12569.42,21039.211,1282080.9,2145999.3,1282.0809,7.15624,3.9327636,4135.7451,4.135745,8.3274231,.67384106
KR025,Gulf of Guinea,1,English,1803,1803,458,412,281,1,07/20/1803,07/20/1803,,,,,,,04/26/1804,04/26/1804,,,,,,,0,0,5,3,First voyage,Not first voyage or unknown,First voyage of only one of the captain or the outfitter,0,1,1,7,0,12,0,66.90000152587891,1,1.1308641,2.1580646,Nation at war,No major European war or nation at war,405,0,Voyage completed as intended,Voyage completed as intended,Voyage,Klas Rönnbäck,Investor,English,"Thomas Leyland records, Liverpool Record Office, 387 MD 43",,Enterprize,,"Leyland, Thomas",,,81302,Liverpool,Bonny,Havana,1803-07-20,1803-09-23,1803-12-06,1804-01-09,1804-04-26,,412,1,with estimates,yes,,Includes estimates imputed similar to assumptions in Nick Radburn’s study,7,20jul1803,,,9,23sep1803,12,06dec1803,1,09jan1804,4,26apr1804,1803,,1803,1803,1804,1804,1803,1803,81302,.10043668,6.1268692,6.0038872,Investor,3250809,7.4972072,post-1800,Gulf of Guinea,5.6383548,22840.121,0,24430.439,0,2345680.5,0,2526107.5,0,22840.121,24430.439,2345680.5,2526107.5,2345.6804,7.7603307,5.7918034,5121.5728,5.121573,8.5412169,.069628283
KR026,South,1,English,1805,1805,415,342,372,1,04/25/1805,04/25/1805,,,,,,,05/02/1806,05/02/1806,,,,,,,6,5,6,5,Not first voyage or unknown,Not first voyage or unknown,Not the first voyage (or unknown) of both the captain and the outfitter,0,0,0,7,0,7,0,77.78842163085938,1,.82834333,2.2417412,Nation at war,No major European war or nation at war,501,0,Voyage completed as intended,Voyage completed as intended,Voyage,Klas Rönnbäck,Investor,English,"Thomas Leyland records, Liverpool Record Office, 387 MD 44",,Fortune,,"Leyland, Thomas",,,81497,Liverpool,Congo,Nassau,1805-04-25,1805-07-16,1805-11-10,1805-12-21,1806-05-02,,443,1,with estimates,with estimates,,Includes estimates imputed similar to assumptions in Nick Radburn’s study,4,25apr1805,,,7,16jul1805,11,10nov1805,12,21dec1805,5,02may1806,1805,,1805,1805,1805,1806,1805,1805,81497,.17590362,6.0282784,6.2166061,Investor,3258025,7.4983158,post-1800,South,5.9188938,17862.24,0,15217.53,0,1759430.6,0,1536970.5,0,17862.24,15217.53,1759430.6,1536970.5,1759.4307,7.4727454,3.5118377,4239.5918,4.2395916,8.3522224,-.1480615
KR038,Gulf of Guinea,1,English,1805,1806,277,249,,1,09/16/1805,09/16/1805,,,,,,,,,,,,,,,1,1,5,2,Not first voyage or unknown,Not first voyage or unknown,Not the first voyage (or unknown) of both the captain and the outfitter,0,0,0,3,0,7,0,79.51155090332031,1,1.1541667,1.9345877,Nation at war,No major European war or nation at war,240,0,Unknown,Original goal thwarted or unknown,Voyage,Klas Rönnbäck,Investor,English,"Lumley papers, National Archives, C114/57 (taken from Joseph Inikori’s 1981 article, table 5)",,Frederick,,"Lumley, Thomas",,,81511,,,,,,,,,,,1,with estimates,yes,,Insurance rates imputed from previous research on insurance rates,,,,,,,,,,,,,,,,,,,,,81511,.10108303,5.6240177,5.480639,Investor,3261636,7.4988699,post-1800,Gulf of Guinea,,24005,0,24316,0,2364492.5,0,2492390,0,24005,24316,2364492.5,2492390,2364.4924,7.7683187,9.8520517,8536.0742,8.5360746,9.0520563,.012955634
KR040,Gulf of Guinea,1,English,1807,1807,269,242,399,1,01/01/1807,01/01/1807,,,,,,,02/04/1808,02/04/1808,,,,,,,2,2,6,3,Not first voyage or unknown,Not first voyage or unknown,Not the first voyage (or unknown) of both the captain and the outfitter,0,0,0,3,0,7,0,84.05887603759766,1,1.1208333,2.8689036,Nation at war,No major European war or nation at war,240,0,Voyage completed as intended,Voyage completed as intended,Voyage,Klas Rönnbäck,Investor,English,"Lumley papers, National Archives, C114/54, vol 2 (taken from Joseph Inikori’s 1981 article, table 5)",,,,"Lumley, Thomas",,,81512,,,,,,,,,,,1,with estimates,yes,,Insurance rates imputed from previous research on insurance rates,,,,,,,,,,,,,,,,,,,,,81512,.10037175,5.5947113,5.480639,Investor,3265249,7.4994235,post-1800,Gulf of Guinea,5.9889612,23965,0,18550,0,2456412.5,0,1875405,0,23965,18550,2456412.5,1875405,2456.4126,7.806457,10.235052,9131.6455,9.1316452,9.1195011,-.22595452
KR043,South,1,English,1789,1789,264,242,241,1,05/02/1789,05/02/1789,,,,,,,12/29/1789,12/29/1789,,,,,,,2,1,10,1,Not first voyage or unknown,Not first voyage or unknown,Not the first voyage (or unknown) of both the captain and the outfitter,0,0,0,30,0,59,0,58.26401138305664,0,1.8082192,3.082752,Nation at peace,Nation neutral during a major European war,146,0,Voyage completed as intended,Voyage completed as intended,Voyage,Klas Rönnbäck,Investor,English,"AE 52 (Joseph Inikori’s 1981 article, table 5)",,Kitty,,,,,82183,,,,,,,,,,,1,with estimates,yes,,Insurance rates imputed from previous research on insurance rates,,,,,,,,,,,,,,,,,,,,,82183,.083333336,5.5759492,4.9836068,Investor,3200521,7.4894123,1776-1800,South,5.484797,6205,0,8664,0,678827,0,952173.63,0,6205,8664,678827,952173.63,678.82703,6.5203662,4.6495004,2571.3145,2.5713143,7.8521724,.39629331
KR044,Gulf of Guinea,1,English,1797,1797,353,337,374,1,04/09/1797,04/09/1797,,,,,,,04/18/1798,04/18/1798,,,,,,,5,1,3,3,Not first voyage or unknown,Not first voyage or unknown,Not the first voyage (or unknown) of both the captain and the outfitter,0,0,0,15,0,7,0,69.51736450195313,1,,2.9581857,Nation at war,No major European war or nation at war,,.050000001,Voyage completed as intended,Voyage completed as intended,Voyage,Klas Rönnbäck,Investor,English,"AE 52 (Joseph Inikori’s 1981 article, table 5)",,Earl of Liverpool,,,,,81112,,,,,,,,,,,1,with estimates,yes,,Insurance rates imputed from previous research on insurance rates,,,,,,,,,,,,,,,,,,,,,81112,.045325778,5.866468,,Investor,3229209,7.4938741,1776-1800,Gulf of Guinea,5.9242558,13924,0,15846,0,1521893.3,0,1801690.3,0,13924,15846,1521893.3,1801690.3,1521.8933,7.3277106,,4311.3125,4.3113127,8.3689976,.13803504
KR046,South,1,English,1769,1769,257,210,506,1,12/06/1769,12/06/1769,,,,,,,04/26/1771,04/26/1771,,,,,,,13,4,15,4,Not first voyage or unknown,Not first voyage or unknown,Not the first voyage (or unknown) of both the captain and the outfitter,0,0,0,14,0,16,0,42.95030212402344,0,1.4097641,3.1581104,Nation at peace,No major European war or nation at war,182.3,0,Voyage completed as intended,Voyage completed as intended,Voyage,Klas Rönnbäck,Investor,English,"David Tuohy records (taken from Joseph Inikori’s 1981 article, table 5)",,Ranger,,"Tuohy, David",,,91274,,,,,,,,,,,1,with estimates,yes,,Insurance rates imputed from previous research on insurance rates,,,,,,,,,,,,,,,,,,,,,91274,.18287937,5.5490761,5.2056537,Investor,3129361,7.4781699,1751-1775,South,6.2265368,5352,0,5626,0,550185.63,0,574414.63,0,5352,5626,550185.63,574414.63,550.18561,6.3102555,3.018023,2140.8,2.1408,7.6689348,.051195815
KR047,Gulf of Guinea,1,English,1785,1785,980,898,392,1,06/29/1785,06/29/1785,,,,,,,07/26/1786,07/26/1786,,,,,,,22,10,29,16,Not first voyage or unknown,Not first voyage or unknown,Not the first voyage (or unknown) of both the captain and the outfitter,0,0,0,121,0,124,0,64.22508239746094,0,2.9341316,4.3989782,Nation at peace,Nation neutral during a major European war,334,0,Voyage completed as intended,Voyage completed as intended,Voyage,Klas Rönnbäck,Investor,English,"David Tuohy records (taken from Joseph Inikori’s 1981 article, table 5)",,Elliot,,"Tuohy, David",,,81248,,,,,,,,,,,1,with estimates,yes,,Insurance rates imputed from previous research on insurance rates,,,,,,,,,,,,,,,,,,,,,81248,.08367347,6.8875527,5.811141,Investor,3186225,7.4871736,1776-1800,Gulf of Guinea,5.971262,28906,0,33425,0,3217237.8,0,3653352.5,0,28906,33425,3217237.8,3653352.5,3217.2378,8.0762787,9.6324482,3282.8958,3.2828958,8.0964813,.15633433
KR048,South,1,English,1766,1766,234,230,,1,10/08/1766,10/08/1766,,,,,,,,,,,,,,,1,1,1,1,Not first voyage or unknown,Not first voyage or unknown,Not the first voyage (or unknown) of both the captain and the outfitter,0,0,0,9,0,21,0,40.76676559448242,0,1.2835984,3.5760322,Nation at peace,No major European war or nation at war,182.3,.02,Voyage completed as intended,Voyage completed as intended,Voyage,Klas Rönnbäck,Investor,English,"David Tuohy records (taken from Joseph Inikori’s 1981 article, table 5)",,Sally,,"Tuohy, David",,,91327,,,,,,,,,,,1,with estimates,yes,,Insurance rates imputed from previous research on insurance rates,,,,,,,,,,,,,,,,,,,,,91327,.017094018,5.4553213,5.2056537,Investor,3118756,7.4764724,1751-1775,South,,10124,0,8924,0,1047834,0,921849.19,0,10124,8924,1047834,921849.19,1047.834,6.9544806,5.7478552,4477.9229,4.4779229,8.4069147,-.11853023
KR049,South,1,English,1764,1764,392,320,315,1,06/02/1764,06/02/1764,,,,,,,04/13/1765,04/13/1765,,,,,,,11,9,15,12,Not first voyage or unknown,Not first voyage or unknown,Not the first voyage (or unknown) of both the captain and the outfitter,0,0,0,24,0,37,0,33.98003005981445,1,2.6794257,3.614897,Nation at peace,No major European war or nation at war,146.3,0,Voyage completed as intended,Voyage completed as intended,Voyage,Klas Rönnbäck,Investor,English,"David Tuohy records (taken from Joseph Inikori’s 1981 article, table 5)",,Ranger,,"Tuohy, David",,,90910,,,,,,,,,,,1,with estimates,yes,,Insurance rates imputed from previous research on insurance rates,,,,,,,,,,,,,,,,,,,,,90910,.18367347,5.971262,4.9856591,Investor,3111696,7.4753394,1751-1775,South,5.7525725,5559,0,6716,0,603151.5,0,719283.63,0,5559,6716,603151.5,719283.63,603.15149,6.4021683,4.1227031,1538.6517,1.5386517,7.3386617,.20813096
KR050,South,1,English,1765,1765,284,252,326,1,10/11/1765,10/11/1765,,,,,,,09/02/1766,09/02/1766,,,,,,,0,0,0,0,First voyage,First voyage,First voyage of both the captain and the outfitter,1,1,2,9,0,21,0,35.30036544799805,0,1.5578716,3.602078,Nation at peace,No major European war or nation at war,182.3,0,Voyage completed as intended,Voyage completed as intended,Voyage,Klas Rönnbäck,Investor,English,"David Tuohy records (taken from Joseph Inikori’s 1981 article, table 5)",,Sam,,"Tuohy, David",,,91278,,,,,,,,,,,1,with estimates,yes,,Insurance rates imputed from previous research on insurance rates,,,,,,,,,,,,,,,,,,,,,91278,.11267605,5.6489744,5.2056537,Investor,3115225,7.4759059,1751-1775,South,5.7868972,4450,0,5459,0,476595,0,565006.5,0,4450,5459,476595,565006.5,476.595,6.166667,2.6143444,1678.1514,1.6781514,7.4254479,.22674157
KR051,Gulf of Guinea,1,English,1798,1798,568,520,325,1,10/29/1798,10/29/1798,,,,,,,09/19/1799,09/19/1799,,,,,,,1,1,16,8,Not first voyage or unknown,Not first voyage or unknown,Not the first voyage (or unknown) of both the captain and the outfitter,0,0,0,6,0,24,0,75.26278686523438,0,1.4489796,3.6010904,Nation at war,No major European war or nation at war,392,0,Voyage completed as intended,Voyage completed as intended,Voyage,Klas Rönnbäck,Investor,English,"Galton 564 (Joseph Inikori’s 1981 article, table 5)",,Perseverence,,"Galton, Samuel",,,83068,,,,,,,,,,,1,with estimates,yes,,"Insurance rates imputed from previous research on insurance rates. Unclear from Inikori whether it really is 83068 in TSTD, slight mismatch in dates, but this is the closest one with this name.",,,,,,,,,,,,,,,,,,,,,83068,.084507041,6.3421216,5.971262,Investor,3232804,7.4944301,1776-1800,Gulf of Guinea,5.7838254,30713,0,29350,0,3492068,0,3108165,0,30713,29350,3492068,3108165,3492.0681,8.1582499,8.9083366,6148.0073,6.1480074,8.7238836,-.044378601
KR052,"Mixed, unknown or not in Africa",1,English,,1788,,,,1,,,,,,,,,,,,,,,,,,,,,First voyage,First voyage,First voyage of both the captain and the outfitter,1,1,2,,,,,56.40606689453125,0,,3.0489767,Nation at peace,Nation neutral during a major European war,,,Unknown,Original goal thwarted or unknown,Voyage,Klas Rönnbäck,Investor,English,"CO 267/21 (Joseph Inikori’s 1981 article, table 5)",,Restoration,,"Stubbs, Robert",,,,,,,1787,,,,,,,1,with estimates,yes,,Insurance rates imputed from previous research on insurance rates. Cannot find matching entry in TSTD.,,01jul1787,,,,,,,,,,,1787,,,,,,1787,1788,,,,,Investor,3196944,7.488853,1776-1800,"Mixed, unknown or not in Africa",,9157,0,19249,0,996281.56,0,2105840.5,0,9157,19249,996281.56,2105840.5,996.28156,6.9040298,,,,,1.1021076
KR053,Gulf of Guinea,1,English,1802,1802,363,326,267,1,05/21/1802,05/21/1802,,,,,,,02/12/1803,02/12/1803,,,,,,,26,2,51,15,Not first voyage or unknown,Not first voyage or unknown,Not the first voyage (or unknown) of both the captain and the outfitter,0,0,0,30,0,59,0,85.47000122070313,1,1.0966767,3.2622137,Nation at war,No major European war or nation at war,331,0,Voyage completed as intended,Voyage completed as intended,Voyage,Klas Rönnbäck,Investor,English,"Thomas Leyland, via Stanley Dumbell’s article",,Louisa,,,,,82394,,,,,,,,,,,1,with estimates,with estimates,,,,,,,,,,,,,,,,,,,,,,,82394,.10192838,5.894403,5.8021183,Investor,3247204,7.4966526,post-1800,Gulf of Guinea,5.5872488,16590.99,0,20941.52,0,1692281,0,2150694,0,16590.99,20941.52,1692281,2150694,1692.281,7.4338326,5.1126313,4661.9312,4.661931,8.4471855,.26222241
KR054,"Mixed, unknown or not in Africa",2,Spanish,1814,1814,640,572,,1,05/23/1814,05/23/1814,,,,,,,,,,,,,,,2,1,2,2,Not first voyage or unknown,Not first voyage or unknown,Not the first voyage (or unknown) of both the captain and the outfitter,0,0,0,14,0,9,0,,0,,,Nation at war,No major European war or nation at war,,0,Voyage completed as intended,Voyage completed as intended,Voyage,Klas Rönnbäck,Investor,Spanish,Sanjuan-Marroquin & Rodrigo-Alharilla 2024,,Amistad,,,,,14622,,,,1815,,,,,,572,1,yes,yes,209,,,01jul1815,,,,,,,,,,,1815,,,,,,1815,1816,14622,.10625,6.4614682,,Investor,3290596,7.5032897,post-1800,"Mixed, unknown or not in Africa",,43017,0,155711,22921,1052178.9,0,3808629.8,560638.63,43017,132790,1052178.9,3247991,1052.1788,6.9586182,,1644.0294,1.6440294,7.4049053,2.0869191
KR055,"Mixed, unknown or not in Africa",2,Spanish,1816,1816,563,486,,1,04/29/1816,04/29/1816,,,,,,,,,,,,,,,5,4,5,5,Not first voyage or unknown,Not first voyage or unknown,Not the first voyage (or unknown) of both the captain and the outfitter,0,0,0,14,0,9,0,,0,,,Nation at peace,No major European war or nation at war,,0,Voyage completed as intended,Voyage completed as intended,Voyage,Klas Rönnbäck,Investor,Spanish,Sanjuan-Marroquin & Rodrigo-Alharilla 2024,,Amistad,,,,,14742,,,,1817,,,,,,486,1,yes,yes,125,,,01jul1817,,,,,,,,,,,1817,,,,,,1817,1818,14742,.13676731,6.3332796,,Investor,3297856,7.5043917,post-1800,"Mixed, unknown or not in Africa",,62657,0,171219,30411,1518870.5,0,4150525.8,737194.13,62657,140808,1518870.5,3413331.5,1518.8705,7.3257222,,2697.8162,2.6978161,7.900198,1.2472829
KR056,"Mixed, unknown or not in Africa",2,Spanish,,1817,505,424,,1,,,,,,,,,,,,,,,,,2,2,1,1,Not first voyage or unknown,Not first voyage or unknown,Not the first voyage (or unknown) of both the captain and the outfitter,0,0,0,5,0,6,0,,0,,,Nation at peace,No major European war or nation at war,,0,Unknown,Original goal thwarted or unknown,Voyage,Klas Rönnbäck,Investor,Spanish,Sanjuan-Marroquin & Rodrigo-Alharilla 2024,,Gran turco,,,,,14790,,,,1817,,,,,,428,1,yes,yes,76,,,01jul1817,,,,,,,,,,,1817,,,,,,1817,1818,14790,.16039604,6.2245584,,Investor,3301489,7.5049419,post-1800,"Mixed, unknown or not in Africa",,75211,0,168491,36216,1823192.5,0,4157539,893634.88,75211,132275,1823192.5,3263904,1823.1925,7.5083442,,3610.2822,3.6102822,8.1915417,.75871879
KR057,"Mixed, unknown or not in Africa",2,Spanish,,1817,376,316,,1,,,,,,,,,,,,,,,,,10,10,3,2,Not first voyage or unknown,Not first voyage or unknown,Not the first voyage (or unknown) of both the captain and the outfitter,0,0,0,20,0,4,0,,0,,,Nation at peace,No major European war or nation at war,,0,Unknown,Original goal thwarted or unknown,Voyage,Klas Rönnbäck,Investor,Spanish,Sanjuan-Marroquin & Rodrigo-Alharilla 2024,,Diamante,,,,,14794,,,,1817,,,,,,316,1,yes,yes,45,,,01jul1817,,,,,,,,,,,1817,,,,,,1817,1818,14794,.15957446,5.9295893,,Investor,3301489,7.5049419,post-1800,"Mixed, unknown or not in Africa",,61358,0,115214,26236,1487381.5,0,2842921.5,647377,61358,88978,1487381.5,2195544.5,1487.3815,7.3047724,,3955.8018,3.9558017,8.282939,.45014504
KR058,"Mixed, unknown or not in Africa",2,Spanish,,1818,451,404,,1,,,,,,,,,,,,,,,,,16,16,0,0,Not first voyage or unknown,First voyage,First voyage of only one of the captain or the outfitter,1,0,1,20,0,2,0,,0,,,Nation at peace,No major European war or nation at war,,0,Unknown,Original goal thwarted or unknown,Voyage,Klas Rönnbäck,Investor,Spanish,Sanjuan-Marroquin & Rodrigo-Alharilla 2024,,Diamante,,,,,42334,,,,1818,,,,,,403,1,yes,yes,210,,,01jul1818,,,,,,,,,,,1818,,,,,,1818,1819,42334,.10421286,6.1114674,,Investor,3305124,7.5054922,post-1800,"Mixed, unknown or not in Africa",,46438,0,170569,26788,1145864.1,0,4189758.8,658005,46438,143781,1145864.1,3531753.8,1145.8641,7.0439143,,2540.7188,2.5407188,7.8402023,2.0961928
KR059,South,2,Spanish,1817,1817,713,616,,1,08/08/1817,08/08/1817,,,,,,,,,,,,,,,,,6,0,First voyage,Not first voyage or unknown,First voyage of only one of the captain or the outfitter,1,1,2,,,9,0,,1,,,Nation at peace,No major European war or nation at war,,0,Voyage completed as intended,Voyage completed as intended,Voyage,Klas Rönnbäck,Investor,Spanish,Sanjuan-Marroquin & Rodrigo-Alharilla 2024,,Nueva Amistad,,,,,14844,,,,1818,,,,,,616,1,yes,yes,111,,,01jul1818,,,,,,,,,,,1818,,,,,,1818,1819,14844,.13604487,6.5694814,,Investor,3301489,7.5049419,post-1800,South,,92070,0,229488,35053,2271840.3,0,5662649,864937.69,92070,194435,2271840.3,4797711.5,2271.8403,7.7283454,,3186.3118,3.1863117,8.0666189,1.1118171
KR060,"Mixed, unknown or not in Africa",2,Spanish,,1820,506,420,,1,,,,,,,,,,,,,,,,,0,0,8,7,First voyage,Not first voyage or unknown,First voyage of only one of the captain or the outfitter,0,1,1,1,1,9,0,,0,,,Nation at peace,No major European war or nation at war,,0,Unknown,Original goal thwarted or unknown,Voyage,Klas Rönnbäck,Investor,Spanish,Sanjuan-Marroquin & Rodrigo-Alharilla 2024,,Nueva Amistad,,,,,42278,,,,1819,,,,,,,1,yes,yes,-50,,,01jul1819,,,,,,,,,,,1819,,,,,,1819,1820,42278,.16996047,6.2265368,,Investor,3312400,7.5065918,post-1800,"Mixed, unknown or not in Africa",,91998,0,131237,85509,2259786,0,3359572,2188968.5,91998,45728,2259786,1170603.5,2259.7859,7.7230253,,4465.98,4.4659801,8.4042444,-.50294572
KR061,"Mixed, unknown or not in Africa",2,Spanish,,1819,507,459,,1,,,,,,,,,,,,,,,,,,,0,0,First voyage,First voyage,First voyage of both the captain and the outfitter,1,1,2,,,1,1,,0,,,Nation at peace,No major European war or nation at war,,0,Unknown,Original goal thwarted or unknown,Voyage,Klas Rönnbäck,Investor,Spanish,Sanjuan-Marroquin & Rodrigo-Alharilla 2024,,Campeador,,,,,41369,,,,1819,,,,,,459,1,yes,yes,112,,,01jul1819,,,,,,,,,,,1819,,,,,,1819,1820,41369,.094674557,6.2285109,,Investor,3308761,7.506042,post-1800,"Mixed, unknown or not in Africa",,78878,0,222007,55103,1937513.9,0,5553831,1378482.5,78878,166904,1937513.9,4175348.5,1937.5139,7.5691609,,3821.5264,3.8215263,8.2484055,1.1159766
KR062,"Mixed, unknown or not in Africa",2,Spanish,,1820,739,614,,1,,,,,,,,,,,,,,,,,0,0,6,6,First voyage,Not first voyage or unknown,First voyage of only one of the captain or the outfitter,0,1,1,3,0,9,0,,0,,,Nation at peace,No major European war or nation at war,,0,Unknown,Original goal thwarted or unknown,Voyage,Klas Rönnbäck,Investor,Spanish,Sanjuan-Marroquin & Rodrigo-Alharilla 2024,,Atalanta,,,,,42259,,,,1820,,,,,,613,1,yes,yes,113,,,01jul1820,,,,,,,,,,,1820,,,,,,1820,1821,42259,.16914749,6.605298,,Investor,3312400,7.5065918,post-1800,"Mixed, unknown or not in Africa",,97793,0,270248,61664,2446435.5,0,6918153,1578553.8,97793,208584,2446435.5,5339599,2446.4355,7.8023872,,3310.4675,3.3104675,8.104845,1.1329134
KR063,"Mixed, unknown or not in Africa",2,Spanish,,1821,634,570,,1,,,,,,,,,,,,,,,,,13,9,7,7,Not first voyage or unknown,Not first voyage or unknown,Not the first voyage (or unknown) of both the captain and the outfitter,0,0,0,14,0,9,0,,0,,,Nation at peace,No major European war or nation at war,,0,Voyage completed as intended,Voyage completed as intended,Voyage,Klas Rönnbäck,Investor,Spanish,Sanjuan-Marroquin & Rodrigo-Alharilla 2024,,Atalanta,,,,,125,,,,1820,,,,,,570,1,yes,yes,-22,,,01jul1820,,,,,,,,,,,1820,,,,,,1820,1821,125,.10094637,6.4520488,,Investor,3316041,7.5071411,post-1800,"Mixed, unknown or not in Africa",,78134,0,123981,63086,1954636.8,0,3144153.3,1599858.5,78134,60895,1954636.8,1544294.8,1954.6367,7.5779595,,3083.0232,3.0830233,8.0336657,-.22063379
KR064,"Mixed, unknown or not in Africa",2,Spanish,,1819,336,290,,1,,,,,,,,,,,,,,,,,,,0,0,First voyage,First voyage,First voyage of both the captain and the outfitter,1,1,2,,,1,1,,0,,,Nation at peace,No major European war or nation at war,,0,Unknown,Original goal thwarted or unknown,Voyage,Klas Rönnbäck,Investor,Spanish,Sanjuan-Marroquin & Rodrigo-Alharilla 2024,,Juno,,,,,41368,,,,1821,,,,,,290,1,yes,yes,62,,,01jul1821,,,,,,,,,,,1821,,,,,,1821,1822,41368,.13690476,5.817111,,Investor,3308761,7.506042,post-1800,"Mixed, unknown or not in Africa",,79665,0,185392,56428,2039366.3,0,4637853,1411629.3,79665,128964,2039366.3,3226223.8,2039.3662,7.6203942,,6069.5425,6.0695424,8.7110386,.61882883
KR065,"Mixed, unknown or not in Africa",2,Spanish,,1821,340,306,,1,,,,,,,,,,,,,,,,,,,0,0,First voyage,First voyage,First voyage of both the captain and the outfitter,1,1,2,,,1,1,,0,,,Nation at peace,No major European war or nation at war,,0,Voyage completed as intended,Voyage completed as intended,Voyage,Klas Rönnbäck,Investor,Spanish,Sanjuan-Marroquin & Rodrigo-Alharilla 2024,,Merced,,,,,130,,,,1821,,,,,,307,1,yes,yes,133,,,01jul1821,,,,,,,,,,,1821,,,,,,1821,1822,130,.1,5.8289456,,Investor,3316041,7.5071411,post-1800,"Mixed, unknown or not in Africa",,43719,0,128979,27173,1119174.8,0,3270902.5,689106.19,43719,101806,1119174.8,2581796.3,1119.1748,7.0203471,,3291.6907,3.2916906,8.0991564,1.3286443
KR066,West,1,Spanish,1828,1828,235,206,,1,07/28/1828,07/28/1828,,,,,,,,,,,,,,,,,0,0,First voyage,First voyage,First voyage of both the captain and the outfitter,1,1,2,,,3,0,,1,,,Nation at war,No major European war or nation at war,,.12,Original goal thwarted after disembarking enslaved people,Original goal thwarted or unknown,Voyage,Klas Rönnbäck,Investor,Spanish,Sanjuan-Marroquin & Rodrigo-Alharilla 2024,,Fortuna,,,,,770,,,,1829,,,,,,206,1,with estimates,with estimates,55,,,01jul1829,,,,,,,,,,,1829,,,,,,1829,1830,770,.12340426,5.4595857,,Investor,3341584,7.5109777,post-1800,West,,40911,0,74366,11000,1037501.4,0,1885918.9,278959.56,40911,63366,1037501.4,1606959.3,1037.5013,6.9445705,,4414.8994,4.4148993,8.3927402,.54887438
KR067,Gulf of Guinea,1,Spanish,1829,1829,449,421,,1,02/14/1829,02/14/1829,,,,,,,,,,,,,,,2,1,0,0,Not first voyage or unknown,First voyage,First voyage of only one of the captain or the outfitter,1,0,1,14,0,1,1,,1,,,Nation at war,No major European war or nation at war,,0,Unknown,Original goal thwarted or unknown,Voyage,Klas Rönnbäck,Investor,Spanish,Sanjuan-Marroquin & Rodrigo-Alharilla 2024,,Nueva Amalia,,,,,942,,,,1829,,,,,,421,1,with estimates,with estimates,80,,,01jul1829,,,,,,,,,,,1829,,,,,,1829,1830,942,.062360801,6.1070228,,Investor,3345241,7.5115247,post-1800,Gulf of Guinea,,67093,0,151981,31000,1701475.9,0,3872332.3,789850.69,67093,120981,1701475.9,3082481.5,1701.4758,7.4392514,,3789.4785,3.7894785,8.2399836,.80318362
KR068,"Mixed, unknown or not in Africa",1,Spanish,,1829,535,440,,1,,,,,,,,,,,,,,,,,2,1,,,Not first voyage or unknown,First voyage,First voyage of only one of the captain or the outfitter,1,0,1,14,0,,,,0,,,Nation at war,No major European war or nation at war,,0,Unknown,Original goal thwarted or unknown,Voyage,Klas Rönnbäck,Investor,Spanish,Sanjuan-Marroquin & Rodrigo-Alharilla 2024,,Catalana,,,,,46903,,,,1829,,,,,,300,1,with estimates,with estimates,63,,,01jul1829,,,,,,,,,,,1829,,,,,,1829,1830,46903,.17757009,6.2822666,,Investor,3345241,7.5115247,post-1800,"Mixed, unknown or not in Africa",,53400,0,108300,21000,1354221.9,0,2759381.8,535060.19,53400,87300,1354221.9,2224321.5,1354.2219,7.2109823,,2531.2559,2.531256,7.8364711,.63483149
KR069,"Mixed, unknown or not in Africa",1,Spanish,1829,1829,490,444,,1,02/04/1829,02/04/1829,,,,,,,,,,,,,,,2,1,3,3,Not first voyage or unknown,Not first voyage or unknown,Not the first voyage (or unknown) of both the captain and the outfitter,0,0,0,14,0,5,0,,0,,,Nation at war,No major European war or nation at war,,0,Voyage completed as intended,Voyage completed as intended,Voyage,Klas Rönnbäck,Investor,Spanish,Sanjuan-Marroquin & Rodrigo-Alharilla 2024,,Águila,,,,,947,,,,1830,,,,,,444,1,with estimates,with estimates,42,,,01jul1830,,,,,,,,,,,1830,,,,,,1830,1831,947,.093877554,6.1944056,,Investor,3345241,7.5115247,post-1800,"Mixed, unknown or not in Africa",,95655,0,162060,26000,2437199,0,4129135.8,662455.44,95655,136060,2437199,3466680.3,2437.199,7.7986045,,4973.8755,4.9738755,8.5119543,.42240342
KR070,Gulf of Guinea,1,Spanish,1829,1829,411,369,,1,,,,,,,,,,,,,,,,,2,1,0,0,Not first voyage or unknown,First voyage,First voyage of only one of the captain or the outfitter,1,0,1,14,0,1,1,,1,,,Nation at war,No major European war or nation at war,,0,Unknown,Original goal thwarted or unknown,Voyage,Klas Rönnbäck,Investor,Spanish,Sanjuan-Marroquin & Rodrigo-Alharilla 2024,,Catalana,,,,,961,,,,1830,,,,,,369,1,with estimates,with estimates,68,,,01jul1830,,,,,,,,,,,1830,,,,,,1830,1831,961,.10218978,6.0185933,,Investor,3345241,7.5115247,post-1800,Gulf of Guinea,,62120,0,134685,30500,1582758.9,0,3431646.5,777111.19,62120,104185,1582758.9,2654535.3,1582.7589,7.3669248,,3850.9949,3.8509948,8.2560863,.6771571
NR001,Gulf of Guinea,2,English,1757,1757,463,396,374,1,07/21/1757,07/21/1757,,,,,,,07/30/1758,07/30/1758,,,,,,,0,0,9,6,First voyage,Not first voyage or unknown,First voyage of only one of the captain or the outfitter,0,1,1,3,0,140,0,31.86960220336914,1,1.9593736,4.618783,Nation at war,No major European war or nation at war,236.3,0,Voyage completed as intended,Voyage completed as intended,Voyage,Klas Rönnbäck,Investor,English,Nick Radburn’s research on the Davenport papers,,Chesterfield,,"Davenport, William",John Williamson,,90542,,Calabar,,1757-07-21,,,,,,,.125,yes,yes,0.42,,7,21jul1757,,,,,,,,,,,1757,,,,,,1757,1758,90542,.14470842,6.1377273,5.4651022,Investor,3087049,7.4713631,1751-1775,Gulf of Guinea,5.9242558,869,0,1230,0,93330.602,0,127182,0,869,1230,93330.602,127182,746.64484,6.6155896,3.1597326,1612.6238,1.6126238,7.3856177,.41542003
NR002,Gulf of Guinea,2,English,1758,1758,60,53,,1,09/28/1758,09/28/1758,,,,,,,,,,,,,,,0,0,2,2,First voyage,Not first voyage or unknown,First voyage of only one of the captain or the outfitter,0,1,1,38,0,28,0,27.40237045288086,0,.80753696,5.708827,Nation at war,No major European war or nation at war,74.300003,0,Original goal thwarted before disembarking enslaved people,Original goal thwarted or unknown,Voyage,Klas Rönnbäck,Investor,English,Nick Radburn’s research on the Davenport papers,,Calveley,,"Davenport, William",William Davenport,,90745,,Cameroons,,1758-09-28,,,,,,,.166667,yes,yes,0.11,,9,28sep1758,,,,,,,,,,,1758,,,,,,1758,1759,90745,.11666667,4.0943446,4.3081112,Investor,3090564,7.4719319,1751-1775,Gulf of Guinea,,355,0,395,0,36707,0,40566.5,0,355,395,36707,40566.5,220.24156,5.3947248,2.96422,3670.6926,3.6706927,8.2081356,.11267605
NR003,Gulf of Guinea,2,English,1759,1759,352,288,,1,04/04/1759,04/04/1759,,,,,,,,,,,,,,,1,1,12,8,Not first voyage or unknown,Not first voyage or unknown,Not the first voyage (or unknown) of both the captain and the outfitter,0,0,0,3,0,140,0,24.31369972229004,1,1.4896318,3.6838939,Nation at war,No major European war or nation at war,236.3,0,Original goal thwarted before disembarking enslaved people,Original goal thwarted or unknown,Voyage,Klas Rönnbäck,Investor,English,Nick Radburn’s research on the Davenport papers,,Chesterfield,,"Davenport, William",John Williamson,,90777,,Calabar,,1759-04-04,,,,,,,.0625,yes,yes,0.07,,4,04apr1759,,,,,,,,,,,1759,,,,,,1759,1760,90777,.18181819,5.8636312,5.4651022,Investor,3094081,7.4725008,1751-1775,Gulf of Guinea,,442,0,473,0,45393.398,0,48766.297,0,442,473,45393.398,48766.297,726.29437,6.5879555,3.0736113,2063.3362,2.0633361,7.6320796,.07013575
NR004,West,2,English,1760,1760,174,154,421,1,07/11/1760,07/11/1760,,,,,,,09/05/1761,09/05/1761,,,,,,,2,0,3,0,Not first voyage or unknown,Not first voyage or unknown,Not the first voyage (or unknown) of both the captain and the outfitter,1,1,2,3,0,55,0,27.28946113586426,0,1.3561964,3.5907185,Nation at war,No major European war or nation at war,128.3,0,Voyage completed as intended,Voyage completed as intended,Voyage,Klas Rönnbäck,Investor,English,Nick Radburn’s research on the Davenport papers,,Eadith,,"Davenport, William",John Williamson,,90873,,Bassa,,1760-07-11,,,,,,,.083333,yes,yes,0.07,,7,11jul1760,,,,,,,,,,,1760,,,,,,1760,1761,90873,.11494253,5.1590552,4.8543711,Investor,3097600,7.4730692,1751-1775,West,6.0426331,342,3,362,0,35260.199,309.29999,36562,0,339,362,34950.898,36562,419.41245,6.0388546,3.2689979,2410.4163,2.4104164,7.7875547,.067846611
NR005,Gulf of Guinea,2,English,1761,1761,339,277,486,1,02/03/1761,02/03/1761,,,,,,,06/04/1762,06/04/1762,,,,,,,0,0,20,7,First voyage,Not first voyage or unknown,First voyage of only one of the captain or the outfitter,0,1,1,1,1,37,0,28.41597747802734,1,1.8595721,3.3041832,Nation at war,No major European war or nation at war,182.3,0,Voyage completed as intended,Voyage completed as intended,Voyage,Klas Rönnbäck,Investor,English,Nick Radburn’s research on the Davenport papers,,Tyrrell,,"Davenport, William",John Maine,,90858,,Calabar,,1761-02-03,,,,,,,.0625,yes,yes,-0.26,,2,03feb1761,,,,,,,,,,,1761,,,,,,1761,1762,90858,.18289086,5.8260002,5.2056537,Investor,3101121,7.4736371,1751-1775,Gulf of Guinea,6.1862087,518,0,386,0,52318,0,40298.402,0,518,386,52318,40298.402,837.08801,6.7299294,4.5918155,2469.2861,2.4692862,7.8116846,-.25482625
NR006,West,2,English,1761,1761,148,131,,1,11/09/1761,11/09/1761,,,,,,,,,,,,,,,1,0,5,1,Not first voyage or unknown,Not first voyage or unknown,Not the first voyage (or unknown) of both the captain and the outfitter,0,1,1,38,0,55,0,28.41597747802734,1,1.1535463,3.3041832,Nation at war,No major European war or nation at war,128.3,0,Original goal thwarted before disembarking enslaved people,Original goal thwarted or unknown,Voyage,Klas Rönnbäck,Investor,English,Nick Radburn’s research on the Davenport papers,,Eadith,,"Davenport, William",William Davenport,,90874,,Gambia,,1761-11-09,,,,,,,.166667,yes,yes,0.14,,11,09nov1761,,,,,,,,,,,1761,,,,,,1761,1762,90874,.11486486,4.9972124,4.8543711,Investor,3101121,7.4736371,1751-1775,West,,669,0,764,0,67569,0,79761.602,0,669,764,67569,79761.602,405.41318,6.0049067,3.1598845,2739.2783,2.7392783,7.9154496,.14200298
NR007,Gulf of Guinea,1,English,1762,1762,352,287,353,1,07/12/1762,07/12/1762,,,,,,,06/30/1763,06/30/1763,,,,,,,2,1,6,3,Not first voyage or unknown,Not first voyage or unknown,Not the first voyage (or unknown) of both the captain and the outfitter,0,0,0,38,0,17,0,34.06476593017578,1,1.9308832,4.7312174,Nation at war,No major European war or nation at war,182.3,0,Voyage completed as intended,Voyage completed as intended,Voyage,Klas Rönnbäck,Investor,English,Nick Radburn’s research on the Davenport papers,,Union,,"Davenport, William",William Davenport,,90906,,Bonny,,1762-07-12,,,,,,,.166667,with estimates,yes,-0.18,,7,12jul1762,,,,,,,,,,,1762,,,,,,1762,1763,90906,.18465909,5.8636312,5.2056537,Investor,3104644,7.474205,1751-1775,Gulf of Guinea,5.866468,1182,13,827,0,123400.8,1357.2,86586.906,0,1169,827,122043.59,86586.906,732.26007,6.5961356,4.0167856,2080.2842,2.0802841,7.6402597,-.29255775
NR008,Gulf of Guinea,1,English,1762,1762,148,131,317,1,10/22/1762,10/22/1762,,,,,,,09/04/1763,09/04/1763,,,,,,,2,1,25,15,Not first voyage or unknown,Not first voyage or unknown,Not the first voyage (or unknown) of both the captain and the outfitter,0,0,0,38,0,140,0,34.06476593017578,1,1.1535463,4.7312174,Nation at war,No major European war or nation at war,128.3,0,Voyage completed as intended,Voyage completed as intended,Voyage,Klas Rönnbäck,Investor,English,Nick Radburn’s research on the Davenport papers,,Dalrymple,,"Davenport, William",William Davenport,,91016,,Calabar,,1762-10-22,,,,,,,.25,with estimates,yes,0.18,,10,22oct1762,,,,,,,,,,,1762,,,,,,1762,1763,91016,.11486486,4.9972124,4.8543711,Investor,3104644,7.474205,1751-1775,Gulf of Guinea,5.7589016,1045,0,1154,114,109098,0,120823.8,11935.8,1045,1040,109098,108888.01,436.392,6.0785408,3.4013405,2948.5945,2.9485946,7.9890838,-.0047846888
NR009,West,2,English,1762,1762,304,260,,1,10/31/1762,10/31/1762,,,,,,,,,,,,,,,0,0,1,1,First voyage,Not first voyage or unknown,First voyage of only one of the captain or the outfitter,0,1,1,1,1,3,0,34.06476593017578,0,1.6675808,4.7312174,Nation at war,No major European war or nation at war,182.3,0,Original goal thwarted after disembarking enslaved people,Original goal thwarted or unknown,Voyage,Klas Rönnbäck,Investor,English,Nick Radburn’s research on the Davenport papers,,Plumper,,"Davenport, William",William Dobb,,90937,,"Windward Coast, port unspecified",,1762-10-31,,,,,,,.125,yes,yes,0.29,,10,31oct1762,,,,,,,,,,,1762,,,,,,1762,1763,90937,.14473684,5.7170277,5.2056537,Investor,3104644,7.474205,1751-1775,West,,785,0,1030,13,81954,0,107841,1361.1,785,1017,81954,106479.9,655.63202,6.4855995,3.5964456,2156.6843,2.1566844,7.6763272,.29554141
NR010,West,2,English,1763,1763,165,146,342,1,04/11/1763,04/11/1763,,,,,,,03/18/1764,03/18/1764,,,,,,,0,0,1,1,First voyage,Not first voyage or unknown,First voyage of only one of the captain or the outfitter,0,1,1,2,0,5,0,36.49938201904297,1,.90510148,3.8020189,Nation at war,No major European war or nation at war,182.3,0,Voyage completed as intended,Voyage completed as intended,Voyage,Klas Rönnbäck,Investor,English,Nick Radburn’s research on the Davenport papers,,Delight,,"Davenport, William",Thomas Rumbold,,91066,,"Sierra Leone, port unspecified",,1763-04-11,,,,,,,.125,yes,yes,0.13,,4,11apr1763,,,,,,,,,,,1763,,,,,,1763,1764,91066,.11515152,5.1059456,5.2056537,Investor,3108169,7.474772,1751-1775,West,5.8348107,415,22,448,1,43450.5,2303.3999,48608,108.5,393,447,41147.102,48499.5,329.17682,5.7965951,1.8056874,1995.011,1.995011,7.5984049,.13740458
NR011,Gulf of Guinea,2,English,1763,1763,350,291,313,1,10/06/1763,10/06/1763,,,,,,,08/14/1764,08/14/1764,,,,,,,4,3,27,16,Not first voyage or unknown,Not first voyage or unknown,Not the first voyage (or unknown) of both the captain and the outfitter,0,0,0,38,0,140,0,36.49938201904297,1,2.7279813,3.8020189,Nation at war,No major European war or nation at war,128.3,0,Voyage completed as intended,Voyage completed as intended,Voyage,Klas Rönnbäck,Investor,English,Nick Radburn’s research on the Davenport papers,,Dalrymple,,"Davenport, William",William Davenport,,91017,,Calabar,,1763-10-06,,,,,,,.1875,yes,yes,0.26,,10,06oct1763,,,,,,,,,,,1763,,,,,,1763,1764,91017,.16857143,5.857933,4.8543711,Investor,3108169,7.474772,1751-1775,Gulf of Guinea,5.7462034,697,0,940,50,72975.898,0,101990,5425,697,890,72975.898,96565,389.2048,5.9641056,3.0335526,1112.0137,1.1120137,7.0139279,.27690101
NR012,Gulf of Guinea,2,English,1763,1763,253,228,424,1,10/14/1763,10/14/1763,,,,,,,12/11/1764,12/11/1764,,,,,,,0,0,27,16,First voyage,Not first voyage or unknown,First voyage of only one of the captain or the outfitter,0,1,1,8,0,140,0,36.49938201904297,1,2.2937443,3.8020189,Nation at war,No major European war or nation at war,110.3,0,Voyage completed as intended,Voyage completed as intended,Voyage,Klas Rönnbäck,Investor,English,Nick Radburn’s research on the Davenport papers,,Friendship,,"Davenport, William",William Earle,,91038,,Calabar,,1763-10-14,,,,,,,.083333,yes,yes,0.03,,10,14oct1763,,,,,,,,,,,1763,,,,,,1763,1764,91038,.098814227,5.5333896,4.7032042,Investor,3108169,7.474772,1751-1775,Gulf of Guinea,6.0497336,416,0,481,49,43555.199,0,52188.5,5316.5,416,432,43555.199,46872,522.66449,6.2589397,4.7385716,2065.8674,2.0658674,7.6333055,.03846154
NR013,Gulf of Guinea,2,English,1764,1764,225,184,380,1,03/21/1764,03/21/1764,,,,,,,04/05/1765,04/05/1765,,,,,,,5,4,8,5,Not first voyage or unknown,Not first voyage or unknown,Not the first voyage (or unknown) of both the captain and the outfitter,0,0,0,38,0,17,0,33.98003005981445,0,1.2342293,3.614897,Nation at peace,No major European war or nation at war,182.3,0,Voyage completed as intended,Voyage completed as intended,Voyage,Klas Rönnbäck,Investor,English,Nick Radburn’s research on the Davenport papers,,Union,,"Davenport, William",William Davenport,,90907,,Cameroons,,1764-03-21,,,,,,,.166667,yes,yes,0.5,,3,21mar1764,,,,,,,,,,,1764,,,,,,1764,1765,90907,.18222222,5.4161005,5.2056537,Investor,3111696,7.4753394,1751-1775,Gulf of Guinea,5.9401712,675,0,1015,0,73237.5,0,108706.5,0,675,1015,73237.5,108706.5,439.42413,6.085465,2.410445,1952.9961,1.9529961,7.5771198,.50370371
NR014,West,2,English,1764,1764,148,131,337,1,04/21/1764,04/21/1764,,,,,,,03/24/1765,03/24/1765,,,,,,,1,1,2,2,Not first voyage or unknown,Not first voyage or unknown,Not the first voyage (or unknown) of both the captain and the outfitter,0,0,0,2,0,5,0,33.98003005981445,1,.81184858,3.614897,Nation at peace,No major European war or nation at war,182.3,0,Voyage completed as intended,Voyage completed as intended,Voyage,Klas Rönnbäck,Investor,English,Nick Radburn’s research on the Davenport papers,,Delight,,"Davenport, William",Thomas Rumbold,,91067,,"Sierra Leone, port unspecified",,1764-04-21,,,,,,,.125,yes,yes,0.01,,4,21apr1764,,,,,,,,,,,1764,,,,,,1764,1765,91067,.11486486,4.9972124,5.2056537,Investor,3111696,7.4753394,1751-1775,West,5.8200831,489,6,504,18,53056.5,651,53978.398,1927.8,483,486,52405.5,52050.598,419.24399,6.0384531,2.2997475,2832.7297,2.8327298,7.9489961,.0062111802
NR015,Gulf of Guinea,1,English,1764,1764,104,92,579,1,06/30/1764,06/30/1764,,,,,,,01/30/1766,01/30/1766,,,,,,,5,4,31,20,Not first voyage or unknown,Not first voyage or unknown,Not the first voyage (or unknown) of both the captain and the outfitter,0,0,0,38,0,140,0,33.98003005981445,0,1.3997308,3.614897,Nation at peace,No major European war or nation at war,74.300003,0,Voyage completed as intended,Voyage completed as intended,Voyage,Klas Rönnbäck,Investor,English,Nick Radburn’s research on the Davenport papers,,Little Britain,,"Davenport, William",William Davenport,,91157,,Porto Novo,,1764-06-30,,,,,,,.1875,with estimates,with estimates,-0.12,,6,30jun1764,,,,,,,,,,,1764,,,,,,1764,1765,91157,.11538462,4.6443911,4.3081112,Investor,3111696,7.4753394,1751-1775,Gulf of Guinea,6.3613024,554.35999,0,513.77002,40,60148.063,0,55024.766,4284,554.35999,473.77002,60148.063,50740.766,320.78967,5.7707858,4.317492,3084.5161,3.084516,8.0341501,-.14537479
NR016,West,2,English,1764,1764,77,68,509,1,11/25/1764,11/25/1764,,,,,,,04/18/1766,04/18/1766,,,,,,,5,1,7,2,Not first voyage or unknown,Not first voyage or unknown,Not the first voyage (or unknown) of both the captain and the outfitter,0,0,0,38,0,26,0,33.98003005981445,1,.42238069,3.614897,Nation at peace,No major European war or nation at war,182.3,0,Voyage completed as intended,Voyage completed as intended,Voyage,Klas Rönnbäck,Investor,English,Nick Radburn’s research on the Davenport papers,,William,,"Davenport, William",William Davenport,,91213,,Gambia,,1764-11-25,,,,,,,.166667,yes,yes,-0.42,,11,25nov1764,,,,,,,,,,,1764,,,,,,1764,1765,91213,.11688311,4.3438053,5.2056537,Investor,3111696,7.4753394,1751-1775,West,6.2324481,408,0,235,0,44268,0,25168.5,0,408,235,44268,25168.5,265.60748,5.5820198,1.4569801,3449.4478,3.4494479,8.1459694,-.4240196
NR017,Gulf of Guinea,2,English,1764,1764,280,248,688,1,08/28/1764,08/28/1764,,,,,,,07/17/1766,07/17/1766,,,,,,,1,1,31,20,Not first voyage or unknown,Not first voyage or unknown,Not the first voyage (or unknown) of both the captain and the outfitter,0,0,0,8,0,140,0,33.98003005981445,1,1.5359298,3.614897,Nation at peace,No major European war or nation at war,182.3,0,Voyage completed as intended,Voyage completed as intended,Voyage,Klas Rönnbäck,Investor,English,Nick Radburn’s research on the Davenport papers,,Sisters,,"Davenport, William",William Earle,,92315,,Whydah,,1764-08-28,,,,,,,.0625,yes,yes,-0.1,,8,28aug1764,,,,,,,,,,,1764,,,,,,1764,1765,92315,.11428571,5.6347895,5.2056537,Investor,3111696,7.4753394,1751-1775,Gulf of Guinea,6.5337887,353,0,318,0,38300.5,0,34057.801,0,353,318,38300.5,34057.801,612.80798,6.4180517,3.3615358,2188.5999,2.1885998,7.6910172,-.099150144
NR018,Gulf of Guinea,2,English,1765,1765,270,220,374,1,03/02/1765,03/02/1765,,,,,,,03/11/1766,03/11/1766,,,,,,,8,6,10,7,Not first voyage or unknown,Not first voyage or unknown,Not the first voyage (or unknown) of both the captain and the outfitter,0,0,0,38,0,55,0,35.30036544799805,1,1.4810752,3.602078,Nation at peace,No major European war or nation at war,182.3,0,Voyage completed as intended,Voyage completed as intended,Voyage,Klas Rönnbäck,Investor,English,Nick Radburn’s research on the Davenport papers,,Dalrymple,,"Davenport, William",William Davenport,,91218,,Calabar,,1765-03-02,,,,,,,.125,yes,yes,-0.11,,3,02mar1765,,,,,,,,,,,1765,,,,,,1765,1766,91218,.18518518,5.5984221,5.2056537,Investor,3115225,7.4759059,1751-1775,Gulf of Guinea,5.9242558,772,0,686,1,82681.203,0,71001,103.5,772,685,82681.203,70897.5,661.44965,6.4944339,3.6283579,2449.8135,2.4498134,7.8037672,-.1126943
NR019,Gulf of Guinea,2,English,1765,1765,333,300,420,1,04/27/1765,04/27/1765,,,,,,,06/21/1766,06/21/1766,,,,,,,2,2,33,22,Not first voyage or unknown,Not first voyage or unknown,Not the first voyage (or unknown) of both the captain and the outfitter,0,0,0,8,0,140,0,35.30036544799805,0,3.0190389,3.602078,Nation at peace,No major European war or nation at war,110.3,0,Voyage completed as intended,Voyage completed as intended,Voyage,Klas Rönnbäck,Investor,English,Nick Radburn’s research on the Davenport papers,,Friendship,,"Davenport, William",William Earle,,91039,,New Calabar,,1765-04-27,,,,,,,.083333,yes,yes,0.14,,4,27apr1765,,,,,,,,,,,1765,,,,,,1765,1766,91039,.0990991,5.8081427,4.7032042,Investor,3115225,7.4759059,1751-1775,Gulf of Guinea,6.0402546,456,0,520,0,48837.602,0,53820,0,456,520,48837.602,53820,586.05359,6.3734112,5.3132691,1759.9207,1.7599206,7.4730239,.14035088
NR020,Gulf of Guinea,2,English,1765,1765,123,100,408,1,07/03/1765,07/03/1765,,,,,,,08/15/1766,08/15/1766,,,,,,,8,6,9,6,Not first voyage or unknown,Not first voyage or unknown,Not the first voyage (or unknown) of both the captain and the outfitter,0,0,0,38,0,17,0,35.30036544799805,0,.674712,3.602078,Nation at peace,No major European war or nation at war,182.3,0,Voyage completed as intended,Voyage completed as intended,Voyage,Klas Rönnbäck,Investor,English,Nick Radburn’s research on the Davenport papers,,Union,,"Davenport, William",William Davenport,,91247,,Cameroons,,1765-07-03,,,,,,,.166667,yes,yes,0.39,,7,03jul1765,,,,,,,,,,,1765,,,,,,1765,1766,91247,.18699187,4.8121843,5.2056537,Investor,3115225,7.4759059,1751-1775,Gulf of Guinea,6.0112672,724,0,1006,0,77540.398,0,104121,0,724,1006,77540.398,104121,465.24146,6.1425567,2.5520649,3782.4509,3.7824509,8.2381277,.38950276
NR021,South,1,English,1765,1765,425,336,488,1,07/23/1765,07/23/1765,,,,,,,11/23/1766,11/23/1766,,,,,,,0,0,46,3,First voyage,Not first voyage or unknown,First voyage of only one of the captain or the outfitter,0,1,1,5,0,56,0,35.30036544799805,0,1.3920734,3.602078,Nation at peace,No major European war or nation at war,305.29999,.20999999,Voyage completed as intended,Voyage completed as intended,Voyage,Klas Rönnbäck,Investor,English,Nick Radburn’s research on the Davenport papers,,Active,,"Davenport, William",Christopher Hassell,,91256,,Calabar,,1765-07-23,,,,,,,.0625,with estimates,yes,-0.18,,7,23jul1765,,,,,,,,,,,1765,,,,,,1765,1766,91256,.20941177,6.0520892,5.7212949,Investor,3115225,7.4759059,1751-1775,South,6.1903152,600.29999,0,443,0,64292.133,0,45850.5,0,600.29999,443,64292.133,45850.5,1028.6741,6.9360261,3.3693879,2420.4097,2.4204097,7.7916923,-.26203564
NR022,Gulf of Guinea,2,English,1765,1765,137,117,551,1,09/14/1765,09/14/1765,,,,,,,03/19/1767,03/19/1767,,,,,,,0,0,28,15,First voyage,Not first voyage or unknown,First voyage of only one of the captain or the outfitter,0,1,1,7,0,80,0,35.30036544799805,0,1.0678098,3.602078,Nation at peace,No major European war or nation at war,128.3,.15000001,Voyage completed as intended,Voyage completed as intended,Voyage,Klas Rönnbäck,Investor,English,Nick Radburn’s research on the Davenport papers,,Henry,,"Davenport, William",Alexander Nottingham,,91081,,Cameroons,,1765-09-14,,,,,,,.125,yes,yes,0.24,,9,14sep1765,,,,,,,,,,,1765,,,,,,1765,1766,91081,.14598539,4.919981,4.8543711,Investor,3115225,7.4759059,1751-1775,Gulf of Guinea,6.3117347,356,3,439,0,38127.602,321.29999,45436.5,0,353,439,37806.301,45436.5,302.45041,5.7119174,2.3573687,2207.6672,2.2076674,7.6996918,.24362606
NR023,Gulf of Guinea,1,English,1766,1766,246.5,219.5,367,2,07/26/1766,06/03/1766,07/26/1766,,,,,,07/21/1767,07/21/1767,06/12/1767,,,,,,10,8,12,9,Not first voyage or unknown,Not first voyage or unknown,Not the first voyage (or unknown) of both the captain and the outfitter,0,0,0,39.5,0,97.5,0,40.76676559448242,.5,1.7907085,3.5760322,Nation at peace,No major European war or nation at war,128.3,.084999993,Voyage completed as intended,Voyage completed as intended,Voyage,Klas Rönnbäck,Investor,English,Nick Radburn’s research on the Davenport papers,,Dalrymple & Little Britain,,"Davenport, William",William Davenport,,91219 / 91158,,Calabar,,,,,,,,,.15625,yes,with estimates,0.36,,,,,,,,,,,,,,,,,,,,,,91219 / 91158,.10953347,5.5073619,4.8543711,Investor,3118756,7.4764724,1751-1775,Gulf of Guinea,5.9053617,1083,0,1541,0,112090.5,0,159185.3,0,1083,1541,112090.5,159185.3,358.68961,5.8824573,2.7957101,1455.1302,1.4551302,7.2828507,.42289937
NR024,"Mixed, unknown or not in Africa",1,English,1767,1767,176,143.5,,2,07/04/1767,04/16/1767,07/04/1767,,,,,,10/28/1768,10/28/1768,,,,,,,1,0,10,0,Not first voyage or unknown,Not first voyage or unknown,Not the first voyage (or unknown) of both the captain and the outfitter,1,1,1,14.5,0,37,0,35.98126983642578,.5,1.1529644,3.1018336,Nation at peace,No major European war or nation at war,207.79999,0,Original goal thwarted before disembarking enslaved people,Voyage completed as intended,Voyage,Klas Rönnbäck,Investor,English,Nick Radburn’s research on the Davenport papers,,Dobson & Good Intent,,"Davenport, William",Christopher Hassell,,91360 / 91395,,Calabar,,,,,,,,,.09375,with estimates,yes,-0.53,,,,,,,,,,,,,,,,,,,,,,91360 / 91395,.18465909,5.1704841,5.336576,Investor,3122289,7.4770384,1751-1775,"Mixed, unknown or not in Africa",,856.44,0,345,0,88470.25,0,36018,0,856.44,345,88470.25,36018,471.84134,6.1566429,2.2706513,2680.9167,2.6809168,7.8939142,-.5971697
NR025,Gulf of Guinea,2,English,1768,1768,218,184,,2,03/05/1768,03/04/1768,03/05/1768,,,,,,09/29/1769,,09/29/1769,,,,,,0,0,0,0,First voyage,First voyage,First voyage of both the captain and the outfitter,1,1,2,19.5,.5,77,0,38.33191680908203,1,1.1958311,2.8394012,Nation at peace,No major European war or nation at war,182.3,0,Voyage completed as intended,Voyage completed as intended,Voyage,Klas Rönnbäck,Investor,English,Nick Radburn’s research on the Davenport papers,,Neptune & Dalrymple,,"Davenport, William",William Davenport,,91427 / 91220,,Calabar,,,,,,,,,.375,yes,yes,0.35,,,,,,,,,,,,,,,,,,,,,,91427 / 91220,.1559633,5.3844953,5.2056537,Investor,3125824,7.4776044,1751-1775,Gulf of Guinea,,1344,0,1818,0,140313.61,0,186890.41,0,1344,1818,140313.61,186890.41,187.08481,5.2315621,1.0262469,858.18719,.8581872,6.7548223,.35267857
NR026,Gulf of Guinea,2,English,1769,1769.5,373,233.5,,2,06/23/1769,05/14/1769,06/23/1769,,,,,,06/22/1770,06/22/1770,,,,,,,2,1,16,12,Not first voyage or unknown,Not first voyage or unknown,Not the first voyage (or unknown) of both the captain and the outfitter,0,0,0,14.5,0,88.5,0,42.13262939453125,1,1.628438,3.4071507,Nation at peace,No major European war or nation at war,216.79999,.0099999998,Voyage completed as intended,Voyage completed as intended,Voyage,Klas Rönnbäck,Investor,English,Nick Radburn’s research on the Davenport papers,,Dobson & Fox,,"Davenport, William",Christopher Hassell,,91545 / 91553,,Calabar,,,,,,,,,.0416667,yes,yes,0.29,,,,,,,,,,,,,,,,,,,,,,91545 / 91553,.37399465,5.9215784,5.3789754,Investor,3131130.3,7.4784522,1751-1775,Gulf of Guinea,,359,0,464,2,36905.203,0,47374.398,204.2,359,462,36905.203,47170.199,442.86209,6.0932584,2.042722,1187.2979,1.1872978,7.0794353,.28690809
NR027,Gulf of Guinea,2,English,1769,1769,211,192,328,2,10/17/1769,08/22/1769,10/17/1769,,,,,,09/13/1770,09/13/1770,07/13/1770,,,,,,11,4,23,19,Not first voyage or unknown,Not first voyage or unknown,Not the first voyage (or unknown) of both the captain and the outfitter,0,0,0,31,0,55,0,42.95030212402344,1,1.1087475,3.1581104,Nation at peace,No major European war or nation at war,200.29999,.039999999,Voyage completed as intended,Voyage completed as intended,Voyage,Klas Rönnbäck,Investor,English,Nick Radburn’s research on the Davenport papers,,Hector & Andromache,,"Davenport, William",William Davenport,,91573 / 91594,,Calabar,,,,,,,,,.125,yes,yes,0.29,,,,,,,,,,,,,,,,,,,,,,91573 / 91594,.090047397,5.3518581,5.2998161,Investor,3129361,7.4781699,1751-1775,Gulf of Guinea,5.7930136,896,0,1158,0,92108.805,0,118231.8,0,896,1158,92108.805,118231.8,368.43521,5.909265,1.8394171,1746.1384,1.7461385,7.4651618,.2924107
NR028,Gulf of Guinea,2,English,1770,1770,254.5,213.5,,2,04/27/1770,03/07/1770,04/27/1770,,,,,,04/05/1771,04/05/1771,,,,,,,18,15,1,1,Not first voyage or unknown,Not first voyage or unknown,Not the first voyage (or unknown) of both the captain and the outfitter,0,0,0,39.5,0,77,0,41.31495666503906,1,1.5888326,3.6561909,Nation at peace,No major European war or nation at war,155.3,0,Voyage completed as intended,Voyage completed as intended,Voyage,Klas Rönnbäck,Investor,English,Nick Radburn’s research on the Davenport papers,,Dalrymple & Swift,,"Davenport, William",William Davenport,,91221 / 91653,,Calabar,,,,,,,,,.1875,yes,yes,0.7,,,,,,,,,,,,,,,,,,,,,,91221 / 91653,.16110019,5.5393009,5.0453587,Investor,3132900,7.478735,1751-1775,Gulf of Guinea,,1299,0,2206,0,132627.91,0,226115,0,1299,2206,132627.91,226115,353.67441,5.8683767,2.2773626,1389.6833,1.3896834,7.2368312,.69822943
NR029,Gulf of Guinea,2,English,1770,1770,211,178,,2,10/09/1770,08/28/1770,10/09/1770,,,,,,06/28/1771,,06/28/1771,,,,,,2,1,49,34,Not first voyage or unknown,Not first voyage or unknown,Not the first voyage (or unknown) of both the captain and the outfitter,0,0,0,23,0,140,0,41.31495666503906,1,1.6313816,3.6561909,Nation at peace,No major European war or nation at war,171.79999,0,Original goal thwarted after disembarking enslaved people,Voyage completed as intended,Voyage,Klas Rönnbäck,Investor,English,Nick Radburn’s research on the Davenport papers,,Dobson & Fox,,"Davenport, William",Christopher Hassell,,91700 / 91621,,Calabar,,,,,,,,,.0416667,yes,yes,0.12,,,,,,,,,,,,,,,,,,,,,,91700 / 91621,.1563981,5.3518581,5.1463308,Investor,3132900,7.478735,1751-1775,Gulf of Guinea,,407,0,456,0,41554.699,0,46740,0,407,456,41554.699,46740,498.65601,6.2119164,2.9025381,2363.2986,2.3632987,7.7678137,.12039312
NR030,Gulf of Guinea,2,English,1771,1771,220,195,386,2,06/21/1771,04/12/1771,06/21/1771,,,,,,09/04/1772,09/04/1772,03/08/1772,,,,,,13,6,33,24,Not first voyage or unknown,Not first voyage or unknown,Not the first voyage (or unknown) of both the captain and the outfitter,0,0,0,31,0,55,0,40.60084915161133,1,1.1995046,3.2742622,Nation at peace,No major European war or nation at war,200.29999,.0099999998,Voyage completed as intended,Voyage completed as intended,Voyage,Klas Rönnbäck,Investor,English,Nick Radburn’s research on the Davenport papers,,Hector & Andromache,,"Davenport, William",William Davenport,,91574 / 91595,,Calabar,,,,,,,,,.208333,yes,yes,0.29,,,,,,,,,,,,,,,,,,,,,,91574 / 91595,.11363637,5.3936276,5.2998161,Investor,3136441,7.4792995,1751-1775,Gulf of Guinea,5.9558372,1649,0,2127,0,169022.5,0,219506.41,0,1649,2127,169022.5,219506.41,405.65466,6.0055022,2.0252357,1843.8849,1.8438849,7.51963,.28987265
NR031,Gulf of Guinea,2,English,1771,1771,167.5,143,490,2,04/18/1771,02/09/1771,04/18/1771,,,,,,12/11/1772,12/11/1772,02/21/1772,,,,,,0,0,17,14,First voyage,Not first voyage or unknown,First voyage of only one of the captain or the outfitter,0,1,1,3.5,0,21,0,40.60084915161133,1,1.2292963,3.2742622,Nation at peace,No major European war or nation at war,137.3,0,Voyage completed as intended,Voyage completed as intended,Voyage,Klas Rönnbäck,Investor,English,Nick Radburn’s research on the Davenport papers,,Lord Cassils & May,,"Davenport, William",Robert Kennedy,,91702 / 91743,,Calabar,,,,,,,,,.125,yes,yes,-0.05,,,,,,,,,,,,,,,,,,,,,,91702 / 91743,.14626865,5.1209831,4.9221683,Investor,3136441,7.4792995,1751-1775,Gulf of Guinea,6.1944056,1117,0,1063,0,114492.5,0,109701.6,0,1117,1063,114492.5,109701.6,457.97,6.1268039,3.3355424,2734.1492,2.7341492,7.9135756,-.048343778
NR032,Gulf of Guinea,2,English,1771,1771,234,199,324.5,2,09/01/1771,06/05/1771,09/01/1771,,,,,,07/29/1772,07/29/1772,04/17/1772,,,,,,20,17,56,39,Not first voyage or unknown,Not first voyage or unknown,Not the first voyage (or unknown) of both the captain and the outfitter,0,0,0,39.5,0,140,0,40.60084915161133,1,1.4354517,3.2742622,Nation at peace,No major European war or nation at war,164.3,0,Voyage completed as intended,Voyage completed as intended,Voyage,Klas Rönnbäck,Investor,English,Nick Radburn’s research on the Davenport papers,,Dalrymple & Swift,,"Davenport, William",William Davenport,,91752 / 91790,,Calabar,,,,,,,,,.1875,yes,yes,0.23,,,,,,,,,,,,,,,,,,,,,,91752 / 91790,.14957266,5.4553213,5.1016941,Investor,3136441,7.4792995,1751-1775,Gulf of Guinea,5.7822857,1773,0,2178,0,181732.5,0,224769.59,0,1773,2178,181732.5,224769.59,484.62,6.1833649,2.9496043,2071.0256,2.0710256,7.6357994,.2284264
NR033,Gulf of Guinea,2,English,1773,1773,175.5,150.5,578,2,05/29/1773,03/06/1773,05/29/1773,,,,,,04/17/1775,04/17/1775,06/17/1774,,,,,,16,7,40,29,Not first voyage or unknown,Not first voyage or unknown,Not the first voyage (or unknown) of both the captain and the outfitter,0,0,0,31,0,55,0,46.71073913574219,1,.83487928,3.434613,Nation at peace,No major European war or nation at war,227.29999,0,Voyage completed as intended,Voyage completed as intended,Voyage,Klas Rönnbäck,Investor,English,Nick Radburn’s research on the Davenport papers,,Hector & Andromache,,"Davenport, William",William Davenport,,91575 / 91979,,Calabar,,,,,,,,,.208333,yes,yes,-0.26,,,,,,,,,,,,,,,,,,,,,,91575 / 91979,.14245014,5.1676393,5.4262705,Investor,3143529,7.4804282,1751-1775,Gulf of Guinea,6.3595738,2477,0,1825,0,268011.41,0,199655,0,2477,1825,268011.41,199655,643.22839,6.4664998,2.8298655,3665.1191,3.6651192,8.2066164,-.26322165
NR034,"Mixed, unknown or not in Africa",2,English,1772,1772,118,104.66666,,3,12/23/1772,05/23/1772,10/20/1772,12/23/1772,,,,,02/25/1774,06/11/1773,,02/25/1774,,,,,23,3,62,5,Not first voyage or unknown,Not first voyage or unknown,Not the first voyage (or unknown) of both the captain and the outfitter,0,0,0,40,0,140,0,39.52737426757813,.66666669,1.0802613,2.3955984,Nation at peace,No major European war or nation at war,170.3,0,Original goal thwarted before disembarking enslaved people,Voyage completed as intended,Voyage,Klas Rönnbäck,Investor,English,Nick Radburn’s research on the Davenport papers,,"Swift, Dalrymple & Dreadnought",,"Davenport, William",William Davenport,,91791 / 91753 / 91837,,Calabar,,,,,,,,,.125,yes,yes,0.12,,,,,,,,,,,,,,,,,,,,,,91791 / 91753 / 91837,.11299437,4.7706847,5.1375618,Investor,3139984,7.4798641,1751-1775,"Mixed, unknown or not in Africa",,2121,0,2371,3,218887.2,0,256542.2,324.60001,2121,2368,218887.2,256217.61,583.69922,6.3693857,3.4274762,4946.6035,4.9466033,8.5064564,.1164545
NR035,Gulf of Guinea,2,English,1772.5,1772.5,201,170,367.5,2,03/13/1773,12/23/1772,03/13/1773,,,,,,02/11/1774,02/11/1774,01/27/1774,,,,,,16,7,0,0,Not first voyage or unknown,First voyage,First voyage of only one of the captain or the outfitter,1,0,1,31,0,18.5,0,43.11905670166016,.5,1.2200112,2.9151058,Nation at peace,No major European war or nation at war,164.3,0,Voyage completed as intended,Voyage completed as intended,Voyage,Klas Rönnbäck,Investor,English,Nick Radburn’s research on the Davenport papers,,Badger & Fox,,"Davenport, William",William Davenport,,91812 / 91804,,Cameroons,,,,,,,,,.25,yes,yes,0.46,,,,,,,,,,,,,,,,,,,,,,91812 / 91804,.15422885,5.3033047,5.1016941,Investor,3141756.3,7.4801464,1751-1775,Gulf of Guinea,5.9067235,2007,0,2940,0,207122.41,0,318108,0,2007,2940,207122.41,318108,414.24481,6.0264573,2.521271,2060.9194,2.0609195,7.6309075,.46487296
NR036,Gulf of Guinea,1,English,1773,1773,197,167.5,440.5,2,10/07/1773,06/27/1773,10/07/1773,,,,,,02/17/1775,02/17/1775,07/15/1774,,,,,,25,19,68,46,Not first voyage or unknown,Not first voyage or unknown,Not the first voyage (or unknown) of both the captain and the outfitter,0,0,0,39.5,0,140,0,46.71073913574219,1,1.3465481,3.434613,Nation at peace,No major European war or nation at war,146.3,0,Voyage completed as intended,Voyage completed as intended,Voyage,Klas Rönnbäck,Investor,English,Nick Radburn’s research on the Davenport papers,,Dalrymple & Swift,,"Davenport, William",William Davenport,,91987 / 91792,,Calabar,,,,,,,,,.25,yes,with estimates,0,Includes estimates imputed by Nick Radburn,,,,,,,,,,,,,,,,,,,,,91987 / 91792,.14974619,5.2832036,4.9856591,Investor,3143529,7.4804282,1751-1775,Gulf of Guinea,6.0879107,2765,0,2451,0,299173,0,268139.41,0,2765,2451,299173,268139.41,598.34601,6.3941693,4.0898566,3037.2893,3.0372894,8.0187206,-.11356239
NR037,Gulf of Guinea,2,English,1774,1774,294,248,454.5,2,05/29/1774,03/04/1774,05/29/1774,,,,,,10/14/1775,10/14/1775,04/14/1775,,,,,,2,2,0,0,Not first voyage or unknown,First voyage,First voyage of only one of the captain or the outfitter,1,0,1,13.5,0,11,.5,46.84087371826172,1,2.1227269,2.7553456,Nation at peace,No major European war or nation at war,137.3,0,Voyage completed as intended,Voyage completed as intended,Voyage,Klas Rönnbäck,Investor,English,Nick Radburn’s research on the Davenport papers,,Lord Cassils & May,,"Davenport, William",Robert Kennedy,,92543 / 91865,,Calabar,,,,,,,,,.125,yes,yes,-0.54,,,,,,,,,,,,,,,,,,,,,,92543 / 91865,.15646258,5.6835799,4.9221683,Investor,3147076,7.4809923,1751-1775,Gulf of Guinea,6.1191978,1322,0,608,0,144626.8,0,65299.199,0,1322,608,144626.8,65299.199,578.5072,6.3604512,4.2134538,1967.7115,1.9677116,7.5846267,-.5400908
NR038,Gulf of Guinea,1,English,1775,1775,239.5,217.5,379,2,08/01/1775,06/10/1775,08/01/1775,,,,,,08/30/1776,08/30/1776,06/07/1776,,,,,,29,20,78,53,Not first voyage or unknown,Not first voyage or unknown,Not the first voyage (or unknown) of both the captain and the outfitter,0,0,0,39.5,0,140,0,48.02420425415039,1,1.6370472,2.8416688,Nation at war,No major European war or nation at war,146.3,0,Voyage completed as intended,Voyage completed as intended,Voyage,Klas Rönnbäck,Investor,English,Nick Radburn’s research on the Davenport papers,,Dalrymple & Swift,,"Davenport, William",William Davenport,,91988 / 91793,,Calabar,,,,,,,,,.25,with estimates,with estimates,0.19,Includes estimates imputed by Nick Radburn,,,,,,,,,,,,,,,,,,,,,91988 / 91793,.091858037,5.4785533,4.9856591,Investor,3150625,7.4815559,1751-1775,Gulf of Guinea,5.9375362,2497,0,3094.75,0,268177.81,0,327115.06,0,2497,3094.75,268177.81,327115.06,536.35565,6.2847977,3.6661355,2239.4807,2.2394807,7.7139993,.23938726
NR040,Gulf of Guinea,1,English,1776,1776,236.5,201.5,,2,09/22/1776,,09/22/1776,,,,,,07/15/1777,,07/15/1777,,,,,,31,21,48,37,Not first voyage or unknown,Not first voyage or unknown,Not the first voyage (or unknown) of both the captain and the outfitter,0,0,0,39.5,0,97.5,0,40.83871078491211,1,1.202208,2.9809279,Nation at war,No major European war or nation at war,209.29999,.055,Voyage completed as intended,Voyage completed as intended,Voyage,Klas Rönnbäck,Investor,English,Nick Radburn’s research on the Davenport papers,,Hector & Swift,,"Davenport, William",William Davenport,,91576 / 91794,,Calabar,,,,,,,,,.25,yes,with estimates,0.3,Includes estimates imputed by Nick Radburn,,,,,,,,,,,,,,,,,,,,,91576 / 91794,.14799154,5.4659481,5.3437686,Investor,3154176,7.4821191,1776-1800,Gulf of Guinea,,2557,0,3332,0,270274.91,0,340530.41,0,2557,3332,270274.91,340530.41,540.5498,6.2925868,2.5826557,2285.6228,2.2856228,7.7343936,.30308956
NR041,Gulf of Guinea,1,English,1777,1777,246,207,,2,09/18/1777,06/04/1777,09/18/1777,,,,,,07/03/1778,07/03/1778,,,,,,,22,13,2,2,Not first voyage or unknown,Not first voyage or unknown,Not the first voyage (or unknown) of both the captain and the outfitter,0,0,0,31,0,11,0,34.7105598449707,1,1.6814764,2.2987125,Nation at war,No major European war or nation at war,146.3,0,Original goal thwarted after disembarking enslaved people,Voyage completed as intended,Voyage,Klas Rönnbäck,Investor,English,Nick Radburn’s research on the Davenport papers,,Dalrymple & Swift,,"Davenport, William",William Davenport,,92589 / 92728,,Calabar,,,,,,,,,.25,yes,with estimates,0.54,Includes estimates imputed by Nick Radburn,,,,,,,,,,,,,,,,,,,,,92589 / 92728,.15853658,5.5053315,4.9856591,Investor,3157729,7.4826818,1776-1800,Gulf of Guinea,,2703,0,4238,0,276246.59,0,444990,0,2703,4238,276246.59,444990,552.49316,6.3144412,3.7764399,2245.9072,2.2459073,7.7168651,.56788754
NR042,Gulf of Guinea,1,English,1784,1784,285,261,401,2,05/10/1784,05/10/1784,05/10/1784,,,,,,08/08/1785,08/08/1785,04/22/1785,,,,,,2,2,34,21,Not first voyage or unknown,Not first voyage or unknown,Not the first voyage (or unknown) of both the captain and the outfitter,0,0,0,20,0,95.5,0,48.28208923339844,1,1.3798044,4.0235076,Nation at peace,Nation neutral during a major European war,256.14999,0,Voyage completed as intended,Voyage completed as intended,Voyage,Klas Rönnbäck,Investor,English,Nick Radburn’s research on the Davenport papers,,Perseverance & Oronoko,,"Davenport, William",Thomas Earle,,83063 / 82973,,Calabar,,,,,,,,,.1875,with estimates,with estimates,-0.14,,,,,,,,,,,,,,,,,,,,,,83063 / 82973,.08421053,5.6524892,5.545763,Investor,3182656,7.4866133,1776-1800,Gulf of Guinea,5.9939613,4451.9399,0,3379.0701,0,482145.09,0,376090.5,0,4451.9399,3379.0701,482145.09,376090.5,1285.7202,7.1590743,5.0194035,4511.2988,4.5112987,8.41434,-.2409893
NR043,Gulf of Guinea,1,English,1766,1766,289,196,411,1,07/24/1766,07/24/1766,,,,,,,09/08/1767,09/08/1767,,,,,,,3,3,36,25,Not first voyage or unknown,Not first voyage or unknown,Not the first voyage (or unknown) of both the captain and the outfitter,0,0,0,8,0,140,0,40.76676559448242,0,2.620127,3.5760322,Nation at peace,No major European war or nation at war,110.3,.31999999,Voyage completed as intended,Voyage completed as intended,Voyage,Klas Rönnbäck,Investor,English,Nick Radburn’s research on the Davenport papers,,Friendship,,"Davenport, William",William Earle,,91313,,New Calabar,,1766-07-24,,,,,,,.083333,yes,with estimates,-0.158567774936061,,7,24jul1766,,,,,,,,,,,1766,,,,,,1766,1767,91313,.32179931,5.6664267,4.7032042,Investor,3118756,7.4764724,1751-1775,Gulf of Guinea,6.0185933,391,0,353.75,0,40468.5,0,36542.375,0,391,353.75,40468.5,36542.375,485.62393,6.1854343,4.4027553,1680.3596,1.6803596,7.4267631,-.09526854
NR044,Gulf of Guinea,2,English,1766,1766,127,111,497,1,09/16/1766,09/16/1766,,,,,,,01/26/1768,01/26/1768,,,,,,,10,8,0,0,Not first voyage or unknown,First voyage,First voyage of only one of the captain or the outfitter,1,0,1,38,0,4,0,40.76676559448242,0,.69665384,3.5760322,Nation at peace,No major European war or nation at war,182.3,.13,Voyage completed as intended,Voyage completed as intended,Voyage,Klas Rönnbäck,Investor,English,Nick Radburn’s research on the Davenport papers,,William,,"Davenport, William",William Davenport,,91214,,Cameroons,,1766-09-16,,,,,,,.083333,yes,yes,0.143589743589744,,9,16sep1766,,,,,,,,,,,1766,,,,,,1766,1767,91214,.12598425,4.8441873,5.2056537,Investor,3118756,7.4764724,1751-1775,Gulf of Guinea,6.20859,195,0,223,0,20182.5,0,23035.9,0,195,223,20182.5,23035.9,242.19096,5.4897265,1.3285297,1907.0155,1.9070156,7.5532947,.14358975
NR045,Gulf of Guinea,2,English,1767,1767,311,254,422,1,04/01/1767,04/01/1767,,,,,,,05/27/1768,05/27/1768,,,,,,,12,10,12,9,Not first voyage or unknown,Not first voyage or unknown,Not the first voyage (or unknown) of both the captain and the outfitter,0,0,0,38,0,17,0,35.98126983642578,0,1.6105645,3.1018336,Nation at peace,No major European war or nation at war,193.10001,0,Voyage completed as intended,Voyage completed as intended,Voyage,Klas Rönnbäck,Investor,English,Nick Radburn’s research on the Davenport papers,,Union [New],,"Davenport, William",William Davenport,,91354,,Cameroons,,1767-04-01,,,,,,,.166667,yes,yes,0.119825708061002,,4,01apr1767,,,,,,,,,,,1767,,,,,,1767,1768,91354,.18327974,5.7397928,5.2632084,Investor,3122289,7.4770384,1751-1775,Gulf of Guinea,6.0450053,918,0,1028,0,94829.398,0,107323.2,0,918,1028,94829.398,107323.2,568.97528,6.3438368,2.9465318,1829.5026,1.8295026,7.5117993,.11982571
NR046,Gulf of Guinea,2,English,1767,1768,175,133,410,1,07/13/1767,07/13/1767,,,,,,,08/26/1768,08/26/1768,,,,,,,1,1,39,23,Not first voyage or unknown,Not first voyage or unknown,Not the first voyage (or unknown) of both the captain and the outfitter,0,0,0,7,0,80,0,38.33191680908203,0,1.3639907,2.8394012,Nation at peace,No major European war or nation at war,128.3,.23999999,Voyage completed as intended,Voyage completed as intended,Voyage,Klas Rönnbäck,Investor,English,Nick Radburn’s research on the Davenport papers,,Henry,,"Davenport, William",Alexander Nottingham,,91082,,Cameroons,,1767-07-13,,,,,,,.125,yes,yes,-0.283018867924528,,7,13jul1767,,,,,,,,,,,1767,,,,,,1767,1768,91082,.23999999,5.1647859,4.8543711,Investor,3125824,7.4776044,1751-1775,Gulf of Guinea,6.0161572,265,0,190,0,27374.5,0,19532,0,265,190,27374.5,19532,218.996,5.3890533,1.7069057,1251.4058,1.2514057,7.1320229,-.28301886
NR047,Gulf of Guinea,2,English,1767,1767,234,200,490,1,10/09/1767,10/09/1767,,,,,,,02/10/1769,02/10/1769,,,,,,,0,0,36,20,First voyage,Not first voyage or unknown,First voyage of only one of the captain or the outfitter,0,1,1,10,0,80,0,35.98126983642578,0,1.2835984,3.1018336,Nation at peace,No major European war or nation at war,182.3,0,Voyage completed as intended,Voyage completed as intended,Voyage,Klas Rönnbäck,Investor,English,Nick Radburn’s research on the Davenport papers,,King of Prussia,,"Davenport, William",Thomas Staniforth,,91408,,Cameroons,,1767-10-09,,,,,,,.125,yes,yes,0.35625,,10,09oct1767,,,,,,,,,,,1767,,,,,,1767,1768,91408,.14529915,5.4553213,5.2056537,Investor,3122289,7.4770384,1751-1775,Gulf of Guinea,6.1944056,480,0,651,0,49584,0,67964.398,0,480,651,49584,67964.398,396.672,5.98311,2.1759298,1695.1794,1.6951795,7.435544,.35624999
NR048,Gulf of Guinea,2,English,1768,1768,326,266,504,1,03/25/1768,03/25/1768,,,,,,,08/11/1769,08/11/1769,,,,,,,0,0,38,31,First voyage,Not first voyage or unknown,First voyage of only one of the captain or the outfitter,0,1,1,2,0,70,0,38.33191680908203,1,1.197209,2.8394012,Nation at peace,No major European war or nation at war,272.29999,0,Voyage completed as intended,Voyage completed as intended,Voyage,Klas Rönnbäck,Investor,English,Nick Radburn’s research on the Davenport papers,,Plumper [New],,"Davenport, William",John White,,91428,,Benin,,1768-03-25,,,,,,,.125,yes,yes,0.26302729528536,,3,25mar1768,,,,,,,,,,,1768,,,,,,1768,1769,91428,.18404908,5.7868972,5.6069045,Investor,3125824,7.4776044,1751-1775,Gulf of Guinea,6.2225761,806,12,1006,0,84146.398,1252.8,103416.8,0,794,1006,82893.602,103416.8,663.1488,6.4969993,2.4353611,2034.1987,2.0341988,7.6178575,.26700252
NR049,Gulf of Guinea,1,English,1768,1768,143,127,373,1,05/18/1768,05/18/1768,,,,,,,05/26/1769,05/26/1769,,,,,,,13,11,1,1,Not first voyage or unknown,Not first voyage or unknown,Not the first voyage (or unknown) of both the captain and the outfitter,0,0,0,38,0,4,0,38.33191680908203,0,.78442127,2.8394012,Nation at peace,No major European war or nation at war,182.3,0,Voyage completed as intended,Voyage completed as intended,Voyage,Klas Rönnbäck,Investor,English,Nick Radburn’s research on the Davenport papers,,William,,"Davenport, William",William Davenport,,91215,,Cameroons,,1768-05-18,,,,,,,.25,yes,with estimates,0.483304042179262,,5,18may1768,,,,,,,,,,,1768,,,,,,1768,1769,91215,.11188811,4.9628448,5.2056537,Investor,3125824,7.4776044,1751-1775,Gulf of Guinea,5.9215784,569,3,903,0,59403.602,313.20001,92828.398,0,566,903,59090.402,92828.398,236.3616,5.465363,1.2965529,1652.8783,1.6528783,7.4102736,.59540635
NR050,Gulf of Guinea,2,English,1768,1768,248,202,543,1,08/15/1768,08/15/1768,,,,,,,02/09/1770,02/09/1770,,,,,,,13,11,13,10,Not first voyage or unknown,Not first voyage or unknown,Not the first voyage (or unknown) of both the captain and the outfitter,0,0,0,38,0,17,0,38.33191680908203,0,1.2843086,2.8394012,Nation at peace,No major European war or nation at war,193.10001,0,Voyage completed as intended,Voyage completed as intended,Voyage,Klas Rönnbäck,Investor,English,Nick Radburn’s research on the Davenport papers,,Union,,"Davenport, William",William Davenport,,91355,,Cameroons,,1768-08-15,,,,,,,.25,yes,yes,0.0650773195876289,,8,15aug1768,,,,,,,,,,,1768,,,,,,1768,1769,91355,.18548387,5.5134287,5.2632084,Investor,3125824,7.4776044,1751-1775,Gulf of Guinea,6.2971091,1552,3,1338,0,162028.8,313.20001,137546.41,0,1549,1338,161715.59,137546.41,646.86237,6.4721336,3.3498826,2608.3159,2.6083159,7.8664598,-.13621691
NR051,Gulf of Guinea,1,English,1769,1769,116,103,,1,03/21/1769,03/21/1769,,,,,,,,,,,,,,,2,2,42,24,Not first voyage or unknown,Not first voyage or unknown,Not the first voyage (or unknown) of both the captain and the outfitter,0,0,0,7,0,80,0,42.95030212402344,0,.90413094,3.1581104,Nation at peace,No major European war or nation at war,128.3,0,Voyage completed as intended,Voyage completed as intended,Voyage,Klas Rönnbäck,Investor,English,Nick Radburn’s research on the Davenport papers,,Henry,,"Davenport, William",Alexander Nottingham,,91083,,Cameroons,,1769-03-21,,,,,,,.125,with estimates,yes,-0.0086455331412103,,3,21mar1769,,,,,,,,,,,1769,,,,,,1769,1770,91083,.11206897,4.7535901,4.8543711,Investor,3129361,7.4781699,1751-1775,Gulf of Guinea,,385.20001,0,344,0,39598.559,0,35122.398,0,385.20001,344,39598.559,35122.398,316.78848,5.7582345,2.4691229,2730.9353,2.7309353,7.9123993,-.10695745
NR052,Gulf of Guinea,1,English,1769,1769,164,140,387,1,06/14/1769,06/14/1769,,,,,,,07/06/1770,07/06/1770,,,,,,,1,1,42,24,Not first voyage or unknown,Not first voyage or unknown,Not the first voyage (or unknown) of both the captain and the outfitter,0,0,0,10,0,80,0,42.95030212402344,0,.899616,3.1581104,Nation at peace,No major European war or nation at war,182.3,0,Voyage completed as intended,Voyage completed as intended,Voyage,Klas Rönnbäck,Investor,English,Nick Radburn’s research on the Davenport papers,,King of Prussia,,"Davenport, William",Thomas Staniforth,,91409,,Cameroons,,1769-04-16,,,,,,,.125,with estimates,yes,-0.0018181818181818,,4,16apr1769,,,,,,,,,,,1769,,,,,,1769,1770,91409,.14634146,5.0998664,5.2056537,Investor,3129361,7.4781699,1751-1775,Gulf of Guinea,5.9584246,610.5,0,549,0,62759.402,0,56052.902,0,610.5,549,62759.402,56052.902,502.07523,6.21875,2.7541153,3061.4343,3.0614343,8.026639,-.1007371
NR053,Gulf of Guinea,2,English,1769,1769,110,110,,1,10/01/1769,10/01/1769,,,,,,,,,,,,,,,16,14,2,2,Not first voyage or unknown,Not first voyage or unknown,Not the first voyage (or unknown) of both the captain and the outfitter,0,0,0,38,0,4,0,42.95030212402344,0,.60340101,3.1581104,Nation at peace,No major European war or nation at war,182.3,0,Voyage completed as intended,Voyage completed as intended,Voyage,Klas Rönnbäck,Investor,English,Nick Radburn’s research on the Davenport papers,,William,,"Davenport, William",William Davenport,,91585,,Cameroons,,1769-10-01,,,,,,,.25,yes,yes,0.190893169877408,,10,01oct1769,,,,,,,,,,,1769,,,,,,1769,1770,91585,0,4.7004805,5.2056537,Investor,3129361,7.4781699,1751-1775,Gulf of Guinea,,571,0,680,0,58698.801,0,69428,0,571,680,58698.801,69428,234.7952,5.4587135,1.2879604,2134.5017,2.1345017,7.6659884,.19089317
NR054,Gulf of Guinea,2,English,1769,1769,338,295,425,1,10/15/1769,10/15/1769,,,,,,,12/14/1770,12/14/1770,,,,,,,1,1,40,32,Not first voyage or unknown,Not first voyage or unknown,Not the first voyage (or unknown) of both the captain and the outfitter,0,0,0,2,0,70,0,42.95030212402344,1,1.2412781,3.1581104,Nation at peace,No major European war or nation at war,272.29999,.13,Voyage completed as intended,Voyage completed as intended,Voyage,Klas Rönnbäck,Investor,English,Nick Radburn’s research on the Davenport papers,,Plumper,,"Davenport, William",John White,,91429,,Benin,,1769-10-15,,,,,,,.125,yes,yes,-0.0122189638318671,,10,15oct1769,,,,,,,,,,,1769,,,,,,1769,1770,91429,.12721893,5.8230457,5.6069045,Investor,3129361,7.4781699,1751-1775,Gulf of Guinea,6.0520892,936,0,1010.5,87,96220.797,0,103172.05,8882.7002,936,923.5,96220.797,94289.344,769.76636,6.6460872,2.8269055,2277.4153,2.2774153,7.7307963,-.013354701
NR055,Gulf of Guinea,1,English,1770,1770,245,210,227,1,05/08/1770,05/08/1770,,,,,,,12/21/1770,12/21/1770,,,,,,,3,3,46,27,Not first voyage or unknown,Not first voyage or unknown,Not the first voyage (or unknown) of both the captain and the outfitter,0,0,0,7,0,80,0,41.31495666503906,1,1.9095869,3.6561909,Nation at peace,No major European war or nation at war,128.3,0,Voyage completed as intended,Voyage completed as intended,Voyage,Klas Rönnbäck,Investor,English,Nick Radburn’s research on the Davenport papers,,Kildare,,"Davenport, William",Alexander Nottingham,,90958,,Bonny,,1770-05-08,,,,,,,.0625,yes,with estimates,-0.135446685878963,,5,08may1770,,,,,,,,,,,1770,,,,,,1770,1771,90958,.14285715,5.5012584,4.8543711,Investor,3132900,7.478735,1751-1775,Gulf of Guinea,5.4249501,385.20001,0,333,0,39328.922,0,34132.5,0,385.20001,333,39328.922,34132.5,629.26276,6.4445491,4.9046202,2568.4194,2.5684195,7.8510461,-.13551405
NR056,Gulf of Guinea,2,English,1770,1771,365,206,550,1,04/06/1770,04/06/1770,,,,,,,10/08/1771,10/08/1771,,,,,,,4,3,71,48,Not first voyage or unknown,Not first voyage or unknown,Not the first voyage (or unknown) of both the captain and the outfitter,0,0,0,5,0,72,0,40.60084915161133,1,1.2975471,3.2742622,Nation at peace,No major European war or nation at war,281.29999,0,Voyage completed as intended,Voyage completed as intended,Voyage,Klas Rönnbäck,Investor,English,Nick Radburn’s research on the Davenport papers,,True Blue,,"Davenport, William",Christopher Hassell,,91643,,Benin,,1770-04-06,,,,,,,.125,yes,yes,-0.205905826017558,,4,06apr1770,,,,,,,,,,,1770,,,,,,1770,1771,91643,.43561643,5.8998976,5.6394215,Investor,3136441,7.4792995,1751-1775,Gulf of Guinea,6.3099184,1253,0,995,0,127931.3,0,102684,0,1253,995,127931.3,102684,1023.4504,6.9309349,3.638288,2803.9736,2.8039737,7.9387927,-.20590582
NR057,Gulf of Guinea,2,English,1770,1770,270,220,373,1,05/16/1770,05/16/1770,,,,,,,05/24/1771,05/24/1771,,,,,,,18,16,14,11,Not first voyage or unknown,Not first voyage or unknown,Not the first voyage (or unknown) of both the captain and the outfitter,0,0,0,38,0,17,0,41.31495666503906,0,1.3982393,3.6561909,Nation at peace,No major European war or nation at war,193.10001,0,Voyage completed as intended,Voyage completed as intended,Voyage,Klas Rönnbäck,Investor,English,Nick Radburn’s research on the Davenport papers,,Union,,"Davenport, William",William Davenport,,91356,,Cameroons,,1770-05-16,,,,,,,.25,yes,yes,0.316151202749141,,5,16may1770,,,,,,,,,,,1770,,,,,,1770,1771,91356,.18518518,5.5984221,5.2632084,Investor,3132900,7.478735,1751-1775,Gulf of Guinea,5.9215784,1455,7,1908,0,148555.5,714.70001,195570,0,1448,1908,147840.8,195570,591.36316,6.3824301,3.0624709,2190.2339,2.1902339,7.6917634,.31767955
NR058,Gulf of Guinea,2,English,1771,1771,348,284,338,1,07/17/1771,07/17/1771,,,,,,,06/19/1772,06/19/1772,,,,,,,0,0,48,33,First voyage,Not first voyage or unknown,First voyage of only one of the captain or the outfitter,0,1,1,1,1,70,0,40.60084915161133,1,1.2780023,3.2742622,Nation at peace,No major European war or nation at war,272.29999,0,Voyage completed as intended,Voyage completed as intended,Voyage,Klas Rönnbäck,Investor,English,Nick Radburn’s research on the Davenport papers,,Plumper,,"Davenport, William",Thomas Foxcroft,,91430,,Bonny,,1771-07-17,,,,,,,.125,yes,yes,0.0176348547717842,,7,17jul1771,,,,,,,,,,,1771,,,,,,1771,1772,91430,.18390805,5.8522024,5.6069045,Investor,3136441,7.4792995,1751-1775,Gulf of Guinea,5.8230457,964,0,981,0,98810,0,101239.2,0,964,981,98810,101239.2,790.47998,6.6726403,2.9029746,2271.4941,2.2714942,7.7281933,.017634856
NR059,West,2,English,1771,1771,352,287,356,1,09/17/1771,09/17/1771,,,,,,,09/07/1772,09/07/1772,,,,,,,0,0,33,8,First voyage,Not first voyage or unknown,First voyage of only one of the captain or the outfitter,0,1,1,2,0,55,0,40.60084915161133,0,2.7435696,3.2742622,Nation at peace,No major European war or nation at war,128.3,0,Voyage completed as intended,Voyage completed as intended,Voyage,Klas Rönnbäck,Investor,English,Nick Radburn’s research on the Davenport papers,,Patty,,"Davenport, William",Edward Chaffers,,91694,,Windward Coast,,1771-09-17,,,,,,,.125,yes,yes,0.13745704467354,,9,17sep1771,,,,,,,,,,,1771,,,,,,1771,1772,91694,.18465909,5.8636312,4.8543711,Investor,3136441,7.4792995,1751-1775,West,5.8749309,582,0,662,0,59655,0,68318.398,0,582,662,59655,68318.398,477.23999,6.1680193,3.7197192,1355.7954,1.3557954,7.2121434,.13745704
NR060,Gulf of Guinea,2,English,1771,1771,239,205,372,1,05/19/1771,05/19/1771,,,,,,,05/25/1772,05/25/1772,,,,,,,2,2,50,29,Not first voyage or unknown,Not first voyage or unknown,Not the first voyage (or unknown) of both the captain and the outfitter,0,0,0,10,0,80,0,40.60084915161133,0,1.3110257,3.2742622,Nation at peace,No major European war or nation at war,182.3,0,Voyage completed as intended,Voyage completed as intended,Voyage,Klas Rönnbäck,Investor,English,Nick Radburn’s research on the Davenport papers,,King of Prussia,,"Davenport, William",Thomas Staniforth,,91410,,Cameroons,,1771-05-19,,,,,,,.125,yes,yes,0.506717850287908,,5,19may1771,,,,,,,,,,,1771,,,,,,1771,1772,91410,.14225942,5.4764633,5.2056537,Investor,3136441,7.4792995,1751-1775,Gulf of Guinea,5.9188938,521,5,780,0,53402.5,512.5,80496,0,516,780,52890,80496,423.12,6.0476556,2.3210092,1770.3766,1.7703766,7.4789476,.51162791
NR061,Gulf of Guinea,1,English,1771,1771,282,250,427,1,09/17/1771,09/17/1771,,,,,,,11/17/1772,11/17/1772,,,,,,,20,18,15,14,Not first voyage or unknown,Not first voyage or unknown,Not the first voyage (or unknown) of both the captain and the outfitter,0,0,0,38,0,28,0,40.60084915161133,0,1.9275461,3.2742622,Nation at peace,No major European war or nation at war,146.3,0,Voyage completed as intended,Voyage completed as intended,Voyage,Klas Rönnbäck,Investor,English,Nick Radburn’s research on the Davenport papers,,Fox,,"Davenport, William",William Davenport,,91803,,Cameroons,,1771-09-17,,,,,,,.125,with estimates,with estimates,0.189714285714286,,9,17sep1771,,,,,,,,,,,1771,,,,,,1771,1772,91803,.11347517,5.6419072,4.9856591,Investor,3136441,7.4792995,1751-1775,Gulf of Guinea,6.0567842,1023.75,0,1152.5601,0,104934.38,0,118944.2,0,1023.75,1152.5601,104934.38,118944.2,839.47498,6.7327766,5.7380381,2976.8616,2.9768615,7.9986248,.12582178
NR062,Gulf of Guinea,2,English,1772,1772,135,120,550,1,05/29/1772,05/29/1772,,,,,,,11/30/1773,11/30/1773,,,,,,,1,1,1,1,Not first voyage or unknown,Not first voyage or unknown,Not the first voyage (or unknown) of both the captain and the outfitter,0,0,0,3,0,3,0,39.52737426757813,1,1.0522213,2.3955984,Nation at peace,No major European war or nation at war,128.3,0,Voyage completed as intended,Voyage completed as intended,Voyage,Klas Rönnbäck,Investor,English,Nick Radburn’s research on the Davenport papers,,May,,"Davenport, William",Robert Kennedy,,91864,,Calabar,,,,,,,,,.125,yes,yes,-0.369230769230769,,,,,,,,,,,,,,,,,,,,,,91864,.11111111,4.9052749,4.8543711,Investor,3139984,7.4798641,1751-1775,Gulf of Guinea,6.3099184,585,0,369,0,60372,0,39925.801,0,585,369,60372,39925.801,482.97601,6.1799669,3.7644272,3577.6001,3.5776,8.1824474,-.36923078
NR063,Gulf of Guinea,2,English,1772,1772,275,224,331,1,08/12/1772,08/12/1772,,,,,,,07/09/1773,07/09/1773,,,,,,,3,3,53,30,Not first voyage or unknown,Not first voyage or unknown,Not the first voyage (or unknown) of both the captain and the outfitter,0,0,0,10,0,80,0,39.52737426757813,0,1.5085025,2.3955984,Nation at peace,No major European war or nation at war,182.3,0,Voyage completed as intended,Voyage completed as intended,Voyage,Klas Rönnbäck,Investor,English,Nick Radburn’s research on the Davenport papers,,King of Prussia,,"Davenport, William",Thomas Staniforth,,91892,,Cameroons,,,,,,,,,.125,yes,yes,0.803921568627451,,,,,,,,,,,,,,,,,,,,,,91892,.18545455,5.6167712,5.2056537,Investor,3139984,7.4798641,1751-1775,Gulf of Guinea,5.8021183,510,0,920,0,52632,0,99544,0,510,920,52632,99544,421.056,6.0427656,2.3096874,1531.1127,1.5311127,7.3337498,.80392158
NR064,Gulf of Guinea,2,English,1773,1773,283,231,333,1,05/24/1773,05/24/1773,,,,,,,04/22/1774,04/22/1774,,,,,,,4,4,58,32,Not first voyage or unknown,Not first voyage or unknown,Not the first voyage (or unknown) of both the captain and the outfitter,0,0,0,7,0,80,0,46.71073913574219,0,1.0998834,3.434613,Nation at peace,No major European war or nation at war,257.29999,0,Voyage completed as intended,Voyage completed as intended,Voyage,Klas Rönnbäck,Investor,English,Nick Radburn’s research on the Davenport papers,,Favourite,,"Davenport, William",Alexander Nottingham,,91976,,Cameroons,,,,,,,,,.125,yes,yes,0.448800505050505,,,,,,,,,,,,,,,,,,,,,,91976,.18374558,5.6454468,5.5502429,Investor,3143529,7.4804282,1751-1775,Gulf of Guinea,5.8081427,792,0,1147.45,0,85694.398,0,125531.03,0,792,1147.45,85694.398,125531.03,685.55518,6.5302291,2.6644199,2422.4565,2.4224565,7.7925372,.44880044
NR065,Gulf of Guinea,2,English,1773,1773,282,230,433,1,07/10/1773,07/10/1773,,,,,,,09/16/1774,09/16/1774,,,,,,,4,4,0,0,Not first voyage or unknown,First voyage,First voyage of only one of the captain or the outfitter,1,0,1,10,0,31,0,46.71073913574219,0,1.5469006,3.434613,Nation at peace,No major European war or nation at war,182.3,0,Voyage completed as intended,Voyage completed as intended,Voyage,Klas Rönnbäck,Investor,English,Nick Radburn’s research on the Davenport papers,,King of Prussia,,"Davenport, William",Thomas Staniforth,,91893,,Cameroons River,,,,,,,,,.125,yes,yes,0.760910815939279,,,,,,,,,,,,,,,,,,,,,,91893,.18439716,5.6419072,5.2056537,Investor,3143529,7.4804282,1751-1775,Gulf of Guinea,6.0707378,527,0,928,0,57021.398,0,101523.2,0,527,928,57021.398,101523.2,456.17117,6.1228681,2.5023103,1617.6283,1.6176283,7.3887162,.76091081
NR066,Gulf of Guinea,2,English,1773,1773,95,88,,1,08/23/1773,08/23/1773,,,,,,,,,,,,,,,25,23,68,46,Not first voyage or unknown,Not first voyage or unknown,Not the first voyage (or unknown) of both the captain and the outfitter,0,0,0,38,0,140,0,46.71073913574219,1,.47428855,3.434613,Nation at peace,No major European war or nation at war,200.3,.07,Original goal thwarted after disembarking enslaved people,Original goal thwarted or unknown,Voyage,Klas Rönnbäck,Investor,English,Nick Radburn’s research on the Davenport papers,,King George,,"Davenport, William",William Davenport,,92017,,Calabar,,,,,,,,,.25,yes,yes,-0.608623548922056,,,,,,,,,,,,,,,,,,,,,,92017,.073684208,4.5538769,5.2998161,Investor,3143529,7.4804282,1751-1775,Gulf of Guinea,,1206,0,472,0,130489.2,0,51636.801,0,1206,472,130489.2,51636.801,521.95679,6.2575846,2.605875,5494.2817,5.4942818,8.6114635,-.60862356
NR067,Gulf of Guinea,1,English,1774,1774,223,183,373,1,02/02/1774,02/02/1774,,,,,,,02/10/1775,02/10/1775,,,,,,,5,5,61,35,Not first voyage or unknown,Not first voyage or unknown,Not the first voyage (or unknown) of both the captain and the outfitter,0,0,0,10,0,80,0,46.84087371826172,0,1.02153,2.7553456,Nation at peace,No major European war or nation at war,218.3,0,Voyage completed as intended,Voyage completed as intended,Voyage,Klas Rönnbäck,Investor,English,Nick Radburn’s research on the Davenport papers,,Sam,,"Davenport, William",Thomas Staniforth,,91936,,Cameroons,,,,,,,,,.125,with estimates,with estimates,-0.0647733631785114,Includes estimates imputed by Nick Radburn,,,,,,,,,,,,,,,,,,,,,91936,.17937219,5.4071717,5.3858705,Investor,3147076,7.4809923,1751-1775,Gulf of Guinea,5.9215784,741,0,724.75,0,81065.406,0,77838.148,0,741,724.75,81065.406,77838.148,648.52325,6.4746981,2.970789,2908.176,2.9081759,7.9752812,-.021929825
NR068,Gulf of Guinea,2,English,1774,1774,148,131,351,1,03/08/1774,03/08/1774,,,,,,,02/22/1775,02/22/1775,,,,,,,18,9,21,19,Not first voyage or unknown,Not first voyage or unknown,Not the first voyage (or unknown) of both the captain and the outfitter,0,0,0,24,0,28,0,46.84087371826172,0,1.0116199,2.7553456,Nation at peace,No major European war or nation at war,146.3,0,Voyage completed as intended,Voyage completed as intended,Voyage,Klas Rönnbäck,Investor,English,Nick Radburn’s research on the Davenport papers,,Fox,,"Davenport, William",,,91805,,Cameroons,,,,,,,,,.333333,yes,yes,0.215223097112861,,,,,,,,,,,,,,,,,,,,,,91805,.11486486,4.9972124,4.9856591,Investor,3147076,7.4809923,1751-1775,Gulf of Guinea,5.8607864,1270,0,1543.3334,0,138938,0,165754,0,1270,1543.3334,138938,165754,416.81442,6.0326409,2.8490391,2816.3137,2.8163137,7.9431839,.21522313
NR069,Gulf of Guinea,2,English,1774,1774,243,198,271,1,05/07/1774,05/07/1774,,,,,,,02/02/1775,02/02/1775,,,,,,,28,26,1,1,Not first voyage or unknown,Not first voyage or unknown,Not the first voyage (or unknown) of both the captain and the outfitter,0,0,0,38,0,9,0,46.84087371826172,0,1.3329676,2.7553456,Nation at peace,No major European war or nation at war,182.3,0,Voyage completed as intended,Voyage completed as intended,Voyage,Klas Rönnbäck,Investor,English,Nick Radburn’s research on the Davenport papers,,Badger,,"Davenport, William",William Davenport,,91813,,Cameroons,,,,,,,,,.333333,yes,yes,0.058076225045372,,,,,,,,,,,,,,,,,,,,,,91813,.18518518,5.4930615,5.2056537,Investor,3147076,7.4809923,1751-1775,Gulf of Guinea,5.602119,1653,0,1749,0,180838.2,0,187842.59,0,1653,1749,180838.2,187842.59,542.51514,6.296216,2.9759469,2232.5725,2.2325726,7.7109098,.058076225
NR070,Gulf of Guinea,2,English,1774,1774,392,320,268,1,05/25/1774,05/25/1774,,,,,,,02/17/1775,02/17/1775,,,,,,,5,5,61,35,Not first voyage or unknown,Not first voyage or unknown,Not the first voyage (or unknown) of both the captain and the outfitter,0,0,0,7,0,80,0,46.84087371826172,0,1.5235134,2.7553456,Nation at peace,No major European war or nation at war,257.29999,0,Voyage completed as intended,Voyage completed as intended,Voyage,Klas Rönnbäck,Investor,English,Nick Radburn’s research on the Davenport papers,,Favourite,,"Davenport, William",Alexander Nottingham,,91977,,Cameroons,,,,,,,,,.125,yes,yes,0.588374851720047,,,,,,,,,,,,,,,,,,,,,,91977,.18367347,5.971262,5.5502429,Investor,3147076,7.4809923,1751-1775,Gulf of Guinea,5.5909872,843,0,1339,0,92224.195,0,143808.59,0,843,1339,92224.195,143808.59,737.79358,6.6036639,2.867445,1882.1265,1.8821265,7.5401573,.58837485
NR071,Gulf of Guinea,1,English,1774,1774,210,186,460,1,05/29/1774,05/29/1774,,,,,,,09/01/1775,09/01/1775,,,,,,,1,0,75,50,Not first voyage or unknown,Not first voyage or unknown,Not the first voyage (or unknown) of both the captain and the outfitter,0,1,1,2,0,140,0,46.84087371826172,1,1.1519474,2.7553456,Nation at peace,No major European war or nation at war,182.3,0,Voyage completed as intended,Voyage completed as intended,Voyage,Klas Rönnbäck,Investor,English,Nick Radburn’s research on the Davenport papers,,Dreadnought,,"Davenport, William",Edward Chaffers,,91838,,Calabar,,,,,,,,,.3125,yes,with estimates,0.342809364548495,Includes estimates imputed by Nick Radburn,,,,,,,,,,,,,,,,,,,,,91838,.11428571,5.3471074,5.2056537,Investor,3147076,7.4809923,1751-1775,Gulf of Guinea,6.1312265,1654,0,2409.5,140,180947.59,0,258780.3,15036,1654,2269.5,180947.59,243744.3,579.03229,6.3613582,3.1762605,2757.2966,2.7572966,7.9220061,.37212819
NR072,Gulf of Guinea,1,English,1774,1774,229,187,379,1,11/24/1774,11/24/1774,,,,,,,12/08/1775,12/08/1775,,,,,,,5,5,1,1,Not first voyage or unknown,Not first voyage or unknown,Not the first voyage (or unknown) of both the captain and the outfitter,0,0,0,10,0,31,0,46.84087371826172,0,1.2561711,2.7553456,Nation at peace,No major European war or nation at war,182.3,0,Voyage completed as intended,Voyage completed as intended,Voyage,Klas Rönnbäck,Investor,English,Nick Radburn’s research on the Davenport papers,,King of Prussia,,"Davenport, William",Thomas Staniforth,,91894,,Cameroons,,,,,,,,,.125,yes,with estimates,0.393790849673203,Includes estimates imputed by Nick Radburn,,,,,,,,,,,,,,,,,,,,,91894,.18340611,5.433722,5.2056537,Investor,3147076,7.4809923,1751-1775,Gulf of Guinea,5.9375362,611,0,853,1,66843.398,0,91612.203,107.4,611,852,66843.398,91504.805,534.74719,6.2817941,2.9333363,2335.1406,2.3351407,7.7558274,.39443535
NR073,Gulf of Guinea,2,English,1775,1775,238,202,,1,03/29/1775,03/29/1775,,,,,,,,,,,,,,,29,27,2,2,Not first voyage or unknown,Not first voyage or unknown,Not the first voyage (or unknown) of both the captain and the outfitter,0,0,0,38,0,9,0,48.02420425415039,0,1.3055403,2.8416688,Nation at war,No major European war or nation at war,182.3,0,Voyage completed as intended,Voyage completed as intended,Voyage,Klas Rönnbäck,Investor,English,Nick Radburn’s research on the Davenport papers,,Badger,,"Davenport, William",William Davenport,,91814,,Cameroons,,,,,,,,,.333333,yes,yes,0.186275570949237,,,,,,,,,,,,,,,,,,,,,,91814,.15126051,5.4722705,5.2056537,Investor,3150625,7.4815559,1751-1775,Gulf of Guinea,,1847.8,0,2192,0,198453.72,0,231694.41,0,1847.8,2192,198453.72,231694.41,595.36176,6.3891692,3.265835,2501.52,2.5015199,7.8246536,.18627554
NR074,Gulf of Guinea,1,English,1775,1775,250,208,,1,,,,,,,,,12/31/1776,12/31/1776,,,,,,,7,7,68,39,Not first voyage or unknown,Not first voyage or unknown,Not the first voyage (or unknown) of both the captain and the outfitter,0,0,0,10,0,80,0,48.02420425415039,0,1.145213,2.8416688,Nation at war,No major European war or nation at war,218.3,0,Original goal thwarted before disembarking enslaved people,Original goal thwarted or unknown,Voyage,Klas Rönnbäck,Investor,English,Nick Radburn’s research on the Davenport papers,,Sam,,"Davenport, William",Thomas Staniforth,,91937,,Cameroons,,,,,,,,,.125,with estimates,with estimates,-0.256682073954984,Includes estimates imputed by Nick Radburn,,,,,,,,,,,,,,,,,,,,,91937,.168,5.521461,5.3858705,Investor,3150625,7.4815559,1751-1775,Gulf of Guinea,,1050.95,0,739.75,0,112872.03,0,78191.578,0,1050.95,739.75,112872.03,78191.578,902.97626,6.8056965,4.1364007,3611.905,3.6119051,8.1919909,-.29611301
NR075,Gulf of Guinea,2,English,1775,1775,194,178,470,1,04/20/1775,04/20/1775,,,,,,,08/02/1776,08/02/1776,,,,,,,6,6,68,39,Not first voyage or unknown,Not first voyage or unknown,Not the first voyage (or unknown) of both the captain and the outfitter,0,0,0,7,0,80,0,48.02420425415039,0,.75398374,2.8416688,Nation at war,No major European war or nation at war,257.29999,0,Voyage completed as intended,Voyage completed as intended,Voyage,Klas Rönnbäck,Investor,English,Nick Radburn’s research on the Davenport papers,,Favourite,,"Davenport, William",Alexander Nottingham,,91978,,Cameroons,,1775-04-20,,,,,,,.125,yes,yes,-0.366879769024541,,4,20apr1775,,,,,,,,,,,1775,,,,,,1775,1776,91978,.082474224,5.267858,5.5502429,Investor,3150625,7.4815559,1751-1775,Gulf of Guinea,6.1527328,969.79999,0,614,0,104156.52,0,64899.801,0,969.79999,614,104156.52,64899.801,833.25214,6.7253361,3.238446,4295.1143,4.295114,8.3652334,-.36687976
NR076,Gulf of Guinea,1,English,1776,1776,264,242,329,1,04/19/1776,04/19/1776,,,,,,,03/14/1777,03/14/1777,,,,,,,8,8,2,2,Not first voyage or unknown,Not first voyage or unknown,Not the first voyage (or unknown) of both the captain and the outfitter,0,0,0,10,0,31,0,40.83871078491211,1,1.4481623,2.9809279,Nation at war,No major European war or nation at war,182.3,0,Voyage completed as intended,Voyage completed as intended,Voyage,Klas Rönnbäck,Investor,English,Nick Radburn’s research on the Davenport papers,,King of Prussia,,"Davenport, William",Thomas Staniforth,,91895,,Cameroons,,,,,,,,,.125,with estimates,with estimates,-0.0681139755766621,Includes estimates imputed by Nick Radburn,,,,,,,,,,,,,,,,,,,,,91895,.083333336,5.5759492,5.2056537,Investor,3154176,7.4821191,1776-1800,Gulf of Guinea,5.7960577,921.25,0,858.5,0,97376.125,0,87738.703,0,921.25,858.5,97376.125,87738.703,779.00897,6.6580224,4.2732253,2950.7915,2.9507916,7.9898286,-.068113975
NR077,Gulf of Guinea,1,English,1776,1776,140,130,,1,02/15/1776,02/15/1776,,,,,,,,,,,,,,,31,29,83,56,Not first voyage or unknown,Not first voyage or unknown,Not the first voyage (or unknown) of both the captain and the outfitter,0,0,0,38,0,140,0,40.83871078491211,1,.7679649,2.9809279,Nation at war,No major European war or nation at war,182.3,0,Voyage completed as intended,Voyage completed as intended,Voyage,Klas Rönnbäck,Investor,English,Nick Radburn’s research on the Davenport papers,,Dreadnought,,"Davenport, William",William Davenport,,91839,,Calabar,,,,,,,,,.375,with estimates,yes,-0.138668740708653,Includes estimates imputed by Nick Radburn,,,,,,,,,,,,,,,,,,,,,91839,.071428575,4.9416423,5.2056537,Investor,3154176,7.4821191,1776-1800,Gulf of Guinea,,1745.875,0,1367,0,184538.98,0,139707.41,0,1745.875,1367,184538.98,139707.41,492.10397,6.1986899,2.6994183,3515.0283,3.5150282,8.1648026,-.21701153
NR078,Gulf of Guinea,2,English,1776,1776,421,386,513,1,05/09/1776,05/09/1776,,,,,,,10/04/1777,10/04/1777,,,,,,,31,29,3,3,Not first voyage or unknown,Not first voyage or unknown,Not the first voyage (or unknown) of both the captain and the outfitter,0,0,0,38,0,9,0,40.83871078491211,0,1.5460889,2.9809279,Nation at war,No major European war or nation at war,272.29999,0,Voyage completed as intended,Voyage completed as intended,Voyage,Klas Rönnbäck,Investor,English,Nick Radburn’s research on the Davenport papers,,Badger [New],,"Davenport, William",William Davenport,,92536,,Cameroons River,,,,,,,,,.333333,yes,yes,-0.65,,,,,,,,,,,,,,,,,,,,,,92536,.083135389,6.0426331,5.6069045,Investor,3154176,7.4821191,1776-1800,Gulf of Guinea,6.2402759,3956,0,1367,0,418149.22,0,139707.41,0,3956,1367,418149.22,139707.41,1254.4489,7.1344514,4.6068635,2979.6885,2.9796884,7.9995742,-.65444893
NR079,West,1,English,1779,1779,322,295,393,1,04/15/1779,04/15/1779,,,,,,,05/12/1780,05/12/1780,,,,,,,4,0,0,0,Not first voyage or unknown,First voyage,First voyage of only one of the captain or the outfitter,1,1,2,8,0,2,0,31.72189712524414,1,1.7663193,1.8882083,Nation at war,No major European war or nation at war,182.3,0,Voyage completed as intended,Voyage completed as intended,Voyage,Klas Rönnbäck,Investor,English,Nick Radburn’s research on the Davenport papers,,Mars,,"Davenport, William",William Earle,,92461,,Sierra Leone,,,,,,,,,.1,with estimates,with estimates,0.711755233494364,Includes estimates imputed by Nick Radburn,,,,,,,,,,,,,,,,,,,,,92461,.083850935,5.7745514,5.2056537,Investor,3164841,7.4838066,1776-1800,West,5.9738097,600,0,1002.38,46,65760,0,107555.38,4935.7998,600,956.38,65760,102619.58,657.59998,6.4885969,3.6072407,2042.236,2.0422359,7.6218004,.59396666
NR080,Gulf of Guinea,2,English,1779,1779,402,368,414,1,06/06/1779,06/06/1779,,,,,,,07/24/1780,07/24/1780,,,,,,,35,33,0,0,Not first voyage or unknown,First voyage,First voyage of only one of the captain or the outfitter,1,0,1,38,0,2,0,31.72189712524414,0,1.8415025,1.8882083,Nation at war,No major European war or nation at war,218.3,0,Voyage completed as intended,Voyage completed as intended,Voyage,Klas Rönnbäck,Investor,English,Hyde et al 1953 plus Nick Radburn’s research on the Davenport papers,,Hawke,,"Davenport, William",William Davenport,,92462,,Cameroons River,,,,,,,,,.1,yes,yes,0.850026997840173,,,,,,,,,,,,,,,,,,,,,,92462,.084577113,5.9964519,5.3858705,Investor,3164841,7.4838066,1776-1800,Gulf of Guinea,6.025866,832.12,0,1440.865,0,91200.352,0,154604.81,0,832.12,1440.865,91200.352,154604.81,912.00354,6.8156438,4.1777534,2268.6655,2.2686656,7.7269468,.73155916
NR081,West,1,English,1779,1779,539,474,377,1,07/13/1779,07/13/1779,,,,,,,07/24/1780,07/24/1780,,,,,,,0,0,0,0,First voyage,First voyage,First voyage of both the captain and the outfitter,1,1,2,16,0,27,0,31.72189712524414,0,2.4690793,1.8882083,Nation at war,No major European war or nation at war,218.3,0,Voyage completed as intended,Voyage completed as intended,Voyage,Klas Rönnbäck,Investor,English,Nick Radburn’s research on the Davenport papers,,Ann,,"Davenport, William",,,92465,,Windward Coast,,,,,,,,,.2,with estimates,with estimates,0.178424938474159,,,,,,,,,,,,,,,,,,,,,,92465,.12059369,6.2897158,5.3858705,Investor,3164841,7.4838066,1776-1800,West,5.9322453,1945.4,0,1662.1801,0,213215.84,0,178351.91,0,1945.4,1662.1801,213215.84,178351.91,1066.0792,6.9717431,4.8835511,1977.8835,1.9778836,7.5897827,-.14558443
NR082,Gulf of Guinea,2,English,1780,1780,210,195,325,1,05/21/1780,05/21/1780,,,,,,,04/11/1781,04/11/1781,,,,,,,5,4,89,60,Not first voyage or unknown,Not first voyage or unknown,Not the first voyage (or unknown) of both the captain and the outfitter,0,0,0,8,0,140,0,40.40399551391602,1,1.1519474,3.9611762,Nation at war,No major European war or nation at war,182.3,0,Voyage completed as intended,Voyage completed as intended,Voyage,Klas Rönnbäck,Investor,English,Nick Radburn’s research on the Davenport papers,,Preston,,"Davenport, William",William Earle,,83174,,Cameroons,,,,,,,,,.2,yes,yes,0.128295619680299,,,,,,,,,,,,,,,,,,,,,,83174,.071428575,5.3471074,5.2056537,Investor,3168400,7.4843688,1776-1800,Gulf of Guinea,5.7838254,963.40002,0,1087,0,103372.82,0,110547.91,0,963.40002,1087,103372.82,110547.91,516.86407,6.2477798,2.8352389,2461.2576,2.4612575,7.8084278,.12829559
NR083,West,1,English,1780,1780,202,185,,1,07/22/1780,07/22/1780,,,,,,,,,,,,,,,5,1,89,20,Not first voyage or unknown,Not first voyage or unknown,Not the first voyage (or unknown) of both the captain and the outfitter,0,0,0,8,0,140,0,40.40399551391602,0,.79433739,3.9611762,Nation at war,No major European war or nation at war,254.3,0,Voyage completed as intended,Voyage completed as intended,Voyage,Klas Rönnbäck,Investor,English,Nick Radburn’s research on the Davenport papers,,Mars,,"Davenport, William",William Earle,,82482,,Sierra Leone,,,,,,,,,.2,with estimates,with estimates,0.354390606912518,Includes estimates imputed by Nick Radburn,,,,,,,,,,,,,,,,,,,,,82482,.084158413,5.3082676,5.5385146,Investor,3168400,7.4843688,1776-1800,West,,1039.78,0,1517.54,9,111568.4,0,154333.81,915.29999,1039.78,1508.54,111568.4,153418.52,557.84198,6.3240757,2.1936374,2761.594,2.7615941,7.9235635,.45082614
NR084,Gulf of Guinea,1,English,1780,1780,412,377,327,1,10/28/1780,10/28/1780,,,,,,,09/20/1781,09/20/1781,,,,,,,36,34,12,8,Not first voyage or unknown,Not first voyage or unknown,Not the first voyage (or unknown) of both the captain and the outfitter,0,0,0,38,0,51,0,40.40399551391602,0,1.6201336,3.9611762,Nation at war,No major European war or nation at war,254.3,0,Voyage completed as intended,Voyage completed as intended,Voyage,Klas Rönnbäck,Investor,English,Hyde et al 1953 plus Nick Radburn’s research on the Davenport papers,,Hawke,,"Davenport, William",William Davenport,,81753,,Cameroons,,,,,,,,,.2,with estimates,yes,1.72941653160454,Insurance rates imputed from previous research on insurance rates,,,,,,,,,,,,,,,,,,,,,81753,.084951453,6.0210233,5.5385146,Investor,3168400,7.4843688,1776-1800,Gulf of Guinea,5.7899604,2717.45,0,4191.8447,0,291582.41,0,426310.63,0,2717.45,4191.8447,291582.41,426310.63,1457.912,7.2847605,5.7330394,3538.6213,3.5386214,8.1714926,.54256558
NR085,Gulf of Guinea,2,English,1781,1781,221,205,399,1,08/20/1781,08/20/1781,,,,,,,09/23/1782,09/23/1782,,,,,,,7,5,91,61,Not first voyage or unknown,Not first voyage or unknown,Not the first voyage (or unknown) of both the captain and the outfitter,0,0,0,8,0,140,0,37.68814849853516,0,1.2122874,2.8125484,Nation at war,No major European war or nation at war,182.3,0,Voyage completed as intended,Voyage completed as intended,Voyage,Klas Rönnbäck,Investor,English,Nick Radburn’s research on the Davenport papers,,Preston,,"Davenport, William",William Earle,,83175,,Cameroons,,,,,,,,,.2,yes,yes,0.363717445594006,,,,,,,,,,,,,,,,,,,,,,83175,.072398193,5.3981628,5.2056537,Investor,3171961,7.4849305,1776-1800,Gulf of Guinea,5.9889612,1121.2,0,1529,0,114026.04,0,150912.3,0,1121.2,1529,114026.04,150912.3,570.13019,6.3458648,3.1274283,2579.7747,2.5797746,7.8554573,.3637175
NR086,"Mixed, unknown or not in Africa",1,English,1781,1781,0,0,,1,12/07/1781,12/07/1781,,,,,,,,,,,,,,,37,0,17,4,Not first voyage or unknown,Not first voyage or unknown,Not the first voyage (or unknown) of both the captain and the outfitter,0,1,1,38,0,51,0,37.68814849853516,0,,2.8125484,Nation at war,No major European war or nation at war,254.3,0,Original goal thwarted before disembarking enslaved people,Original goal thwarted or unknown,Voyage,Klas Rönnbäck,Investor,English,Hyde et al 1953 plus Nick Radburn’s research on the Davenport papers,,Hawke,,"Davenport, William",William Davenport,,81754,,Cameroons,,,,,,,,,.2,yes,with estimates,-0.366755555555556,Includes estimates imputed by Nick Radburn,,,,,,,,,,,,,,,,,,,,,81754,0,,5.5385146,Investor,3171961,7.4849305,1776-1800,"Mixed, unknown or not in Africa",,1363.8992,0,1096,0,138708.55,0,108175.2,0,1363.8992,1096,138708.55,108175.2,693.54272,6.5418129,2.727262,,,,-.19642153
NR087,Gulf of Guinea,2,English,1782,1782,210,195,,1,06/22/1782,06/22/1782,,,,,,,,,,,,,,,9,9,2,1,Not first voyage or unknown,Not first voyage or unknown,Not the first voyage (or unknown) of both the captain and the outfitter,0,0,0,10,0,18,0,39.29999923706055,0,1.5921153,2.7676055,Nation at war,No major European war or nation at war,131.89999,0,Original goal thwarted before disembarking enslaved people,Original goal thwarted or unknown,Voyage,Klas Rönnbäck,Investor,English,Nick Radburn’s research on the Davenport papers,,Rover,,"Davenport, William",Thomas Staniforth,,83413,,Cameroons,,,,,,,,,.166667,yes,yes,-0.122620005363368,,,,,,,,,,,,,,,,,,,,,,83413,.071428575,5.3471074,4.8820438,Investor,3175524,7.4854918,1776-1800,Gulf of Guinea,,745.79999,0,654.34998,0,73610.461,0,66678.266,0,745.79999,654.34998,73610.461,66678.266,441.6619,6.0905447,3.3484604,2103.1519,2.1031518,7.6511922,-.12262002
NR088,Gulf of Guinea,1,English,1783,1783,416,381,235,1,05/19/1783,05/19/1783,,,,,,,01/09/1784,01/09/1784,,,,,,,1,1,4,4,Not first voyage or unknown,Not first voyage or unknown,Not the first voyage (or unknown) of both the captain and the outfitter,0,0,0,4,0,10,0,45.95590591430664,1,2.6329114,2.5390003,Nation at war,No major European war or nation at war,158,0,Voyage completed as intended,Voyage completed as intended,Voyage,Klas Rönnbäck,Investor,English,Nick Radburn’s research on the Davenport papers,,Quixote,,"Davenport, William",Thomas Parke,,83266,,Calabar,,,,,,,,,.125,yes,with estimates,0.545747048577511,,,,,,,,,,,,,,,,,,,,,,83266,.084134616,6.0306854,5.0625949,Investor,3179089,7.4860525,1776-1800,Gulf of Guinea,5.4595857,1033.4,0,1507.25,0,105303.46,0,163235.17,0,1033.4,1507.25,105303.46,163235.17,842.42767,6.7362876,5.3318205,2025.0665,2.0250666,7.613358,.4585349
NR089,Gulf of Guinea,1,English,1783,1783,302,280,,1,03/17/1783,03/17/1783,,,,,,,,,,,,,,,1,1,97,65,Not first voyage or unknown,Not first voyage or unknown,Not the first voyage (or unknown) of both the captain and the outfitter,0,0,0,3,0,140,0,45.95590591430664,0,1.65661,2.5390003,Nation at war,No major European war or nation at war,182.3,0,Voyage completed as intended,Voyage completed as intended,Voyage,Klas Rönnbäck,Investor,English,Nick Radburn’s research on the Davenport papers,,Preston,,"Davenport, William",Thomas Earle,,83176,,Cameroons,,,,,,,,,.2,with estimates,with estimates,-0.151450053705693,Includes estimates imputed by Nick Radburn,,,,,,,,,,,,,,,,,,,,,83176,.072847679,5.7104268,5.2056537,Investor,3179089,7.4860525,1776-1800,Gulf of Guinea,,2052.54,0,1729.66,9,209153.81,0,187322.17,974.70001,2052.54,1720.66,209153.81,186347.47,1045.769,6.952508,5.7365279,3462.8113,3.4628112,8.1498356,-.16169234
NR090,Gulf of Guinea,1,English,1784,1784,251,242,325,1,04/05/1784,04/05/1784,,,,,,,02/24/1785,02/24/1785,,,,,,,3,3,0,0,Not first voyage or unknown,First voyage,First voyage of only one of the captain or the outfitter,1,0,1,4,0,3,0,48.28208923339844,1,1.5886075,4.0235076,Nation at peace,Nation neutral during a major European war,158,.039999999,Voyage completed as intended,Voyage completed as intended,Voyage,Klas Rönnbäck,Investor,English,Nick Radburn’s research on the Davenport papers,,Quixote,,"Davenport, William",Thomas Parke,,83267,,Calabar,,,,,,,,,.125,with estimates,yes,0.0651676277129032,Includes estimates imputed by Nick Radburn,,,,,,,,,,,,,,,,,,,,,83267,.035856575,5.5254531,5.0625949,Investor,3182656,7.4866133,1776-1800,Gulf of Guinea,5.7838254,772.65002,0,919,0,83677.992,0,102284.7,0,772.65002,919,83677.992,102284.7,669.42395,6.5064178,4.2368603,2667.0276,2.6670275,7.88872,.18941303
NR091,"Mixed, unknown or not in Africa",1,English,1780,1780,365,320,564,1,12/02/1780,12/02/1780,,,,,,,06/19/1782,06/19/1782,,,,,,,0,0,12,2,First voyage,Not first voyage or unknown,First voyage of only one of the captain or the outfitter,0,1,1,1,1,51,0,40.40399551391602,0,1.4185776,3.9611762,Nation at war,No major European war or nation at war,257.29999,0,Voyage completed as intended,Voyage completed as intended,Voyage,Klas Rönnbäck,Investor,English,Nick Radburn’s research on the Davenport papers,,Ann,,"Davenport, William",John Copeland,,80251,,Windward Coast,,,,,,,,,.2,with estimates,with estimates,-0.0519,,,,,,,,,,,,,,,,,,,,,,80251,.12328767,5.8998976,5.5502429,Investor,3168400,7.4843688,1776-1800,"Mixed, unknown or not in Africa",6.3350544,2157.25,0,1991.6899,0,231472.92,0,202554.88,0,2157.25,1991.6899,231472.92,202554.88,1157.3646,7.0539007,4.4981136,3170.8621,3.170862,8.061759,-.076745883
NR093,Gulf of Guinea,1,English,1782,1782,504,442,300,1,10/24/1782,10/24/1782,,,,,,,08/20/1783,08/20/1783,,,,,,,0,0,94,63,First voyage,Not first voyage or unknown,First voyage of only one of the captain or the outfitter,0,1,1,3,0,140,0,39.29999923706055,1,1.9588031,2.7676055,Nation at war,No major European war or nation at war,257.29999,0,Original goal thwarted after disembarking enslaved people,Original goal thwarted or unknown,Voyage,Klas Rönnbäck,Investor,English,Original sources received from Nick Radburn,,Ann,,"Davenport, William",Thomas Earle,,80253,,,,,,,,,,,.25,with estimates,with estimates,0.47,Includes estimates imputed based on same assumptions as Nick Radburn’s study,,,,,,,,,,,,,,,,,,,,,80253,.12301587,6.2225761,5.5502429,Investor,3175524,7.4854918,1776-1800,Gulf of Guinea,5.7037826,2546.99,0,3855,0,251387.91,0,392824.5,0,2546.99,3855,251387.91,392824.5,1005.5516,6.9132915,3.9080906,1995.1421,1.9951421,7.5984707,.51355129
NR094,West,1,English,1781,1781,68,60,,1,04/03/1781,04/03/1781,,,,,,,,,,,,,,,0,0,0,0,First voyage,First voyage,First voyage of both the captain and the outfitter,1,1,2,1,1,2,0,37.68814849853516,1,,2.8125484,Nation at war,No major European war or nation at war,,0,Voyage completed as intended,Voyage completed as intended,Voyage,Klas Rönnbäck,Investor,English,Original sources received from Nick Radburn,,Bee,,"Davenport, William",,,80458,,,,,,,,,,,.2,with estimates,yes,0.13,Includes estimates imputed based on same assumptions as Nick Radburn’s study,,,,,,,,,,,,,,,,,,,,,80458,.11764706,4.2195077,,Investor,3171961,7.4849305,1776-1800,West,,334,0,401.39999,0,33967.801,0,39618.18,0,334,401.39999,33967.801,39618.18,169.839,5.134851,,2497.6323,2.4976323,7.8230987,.20179638
NR095,Gulf of Guinea,1,English,1781,1782,477,418,447,1,05/24/1781,05/24/1781,,,,,,,08/14/1782,08/14/1782,,,,,,,0,0,94,63,First voyage,Not first voyage or unknown,First voyage of only one of the captain or the outfitter,0,1,1,4,0,140,0,39.29999923706055,1,2.1850665,2.7676055,Nation at war,No major European war or nation at war,218.3,0,Voyage completed as intended,Voyage completed as intended,Voyage,Klas Rönnbäck,Investor,English,Original sources received from Nick Radburn,,Bee,,"Davenport, William",Thomas Parke,,82324,,,,,,,,,,,.1875,with estimates,with estimates,0.72,Includes estimates imputed based on same assumptions as Nick Radburn’s study,,,,,,,,,,,,,,,,,,,,,82324,.12368973,6.1675167,5.3858705,Investor,3175524,7.4854918,1776-1800,Gulf of Guinea,6.1025586,2056,0,3204.05,0,209095.2,0,326492.69,0,2056,3204.05,209095.2,326492.69,1115.1744,7.0167661,5.108449,2337.8918,2.3378918,7.7570047,.55839008
NR096,Gulf of Guinea,1,English,1783,1783,437,400,394,1,03/16/1783,03/16/1783,,,,,,,04/13/1784,04/13/1784,,,,,,,1,1,97,65,Not first voyage or unknown,Not first voyage or unknown,Not the first voyage (or unknown) of both the captain and the outfitter,0,0,0,4,0,140,0,45.95590591430664,1,2.0018322,2.5390003,Nation at war,No major European war or nation at war,218.3,0,Voyage completed as intended,Voyage completed as intended,Voyage,Klas Rönnbäck,Investor,English,Original sources received from Nick Radburn,,Liverpool Hero,,"Davenport, William",Thomas Parke,,82325,,,,,,,,,,,.125,with estimates,with estimates,0.57,Includes estimates imputed based on same assumptions as Nick Radburn’s study,,,,,,,,,,,,,,,,,,,,,82325,.084668189,6.0799332,5.3858705,Investor,3179089,7.4860525,1776-1800,Gulf of Guinea,5.9763508,1142.25,0,1853.4399,0,116395.27,0,200727.56,0,1142.25,1853.4399,116395.27,200727.56,931.16217,6.8364334,4.2655163,2130.8059,2.130806,7.6642556,.62262195
